sample_id,hole_id,dataset_id,project_id,campaign_id,from_m,to_m,length_m,cu_pct,mo_pct,au_gt
CA-C01-001-A0001,CA-C01-001,DS01,cerro_azul,CAMPAIGN_01,0.000000000,2.000000000,2.000000000,0.022786030,0.000000000,0.000000000
CA-C01-001-A0002,CA-C01-001,DS01,cerro_azul,CAMPAIGN_01,2.000000000,4.000000000,2.000000000,0.025696753,0.000000000,0.000000000
CA-C01-001-A0003,CA-C01-001,DS01,cerro_azul,CAMPAIGN_01,4.000000000,6.000000000,2.000000000,0.026571077,0.000000000,0.000000000
CA-C01-001-A0004,CA-C01-001,DS01,cerro_azul,CAMPAIGN_01,6.000000000,8.000000000,2.000000000,0.029188130,0.000000000,0.000000000
CA-C01-001-A0005,CA-C01-001,DS01,cerro_azul,CAMPAIGN_01,8.000000000,10.000000000,2.000000000,0.026057441,0.000000000,0.000000000
CA-C01-001-A0006,CA-C01-001,DS01,cerro_azul,CAMPAIGN_01,10.000000000,12.000000000,2.000000000,0.026521168,0.000000000,0.000000000
CA-C01-001-A0007,CA-C01-001,DS01,cerro_azul,CAMPAIGN_01,12.000000000,14.000000000,2.000000000,0.027344884,0.000000000,0.000000000
CA-C01-001-A0008,CA-C01-001,DS01,cerro_azul,CAMPAIGN_01,14.000000000,16.000000000,2.000000000,0.024973977,0.000000000,0.000000000
CA-C01-001-A0009,CA-C01-001,DS01,cerro_azul,CAMPAIGN_01,16.000000000,18.000000000,2.000000000,0.025569837,0.000000000,0.000000000
CA-C01-001-A0010,CA-C01-001,DS01,cerro_azul,CAMPAIGN_01,18.000000000,20.000000000,2.000000000,0.021411287,0.000000000,0.000000000
CA-C01-001-A0011,CA-C01-001,DS01,cerro_azul,CAMPAIGN_01,20.000000000,22.000000000,2.000000000,0.025304153,0.000000000,0.000000000
CA-C01-001-A0012,CA-C01-001,DS01,cerro_azul,CAMPAIGN_01,22.000000000,24.000000000,2.000000000,0.024649449,0.000000000,0.000000000
CA-C01-001-A0013,CA-C01-001,DS01,cerro_azul,CAMPAIGN_01,24.000000000,26.000000000,2.000000000,0.028028715,0.000000000,0.000000000
CA-C01-001-A0014,CA-C01-001,DS01,cerro_azul,CAMPAIGN_01,26.000000000,28.000000000,2.000000000,0.023755722,0.000000000,0.000000000
CA-C01-001-A0015,CA-C01-001,DS01,cerro_azul,CAMPAIGN_01,28.000000000,30.000000000,2.000000000,0.026111803,0.000000000,0.000000000
CA-C01-001-A0016,CA-C01-001,DS01,cerro_azul,CAMPAIGN_01,30.000000000,32.000000000,2.000000000,0.026148011,0.000000000,0.000000000
CA-C01-001-A0017,CA-C01-001,DS01,cerro_azul,CAMPAIGN_01,32.000000000,34.000000000,2.000000000,0.025666145,0.000000000,0.000000000
CA-C01-001-A0018,CA-C01-001,DS01,cerro_azul,CAMPAIGN_01,34.000000000,36.000000000,2.000000000,0.024218802,0.000000000,0.000000000
CA-C01-001-A0019,CA-C01-001,DS01,cerro_azul,CAMPAIGN_01,36.000000000,38.000000000,2.000000000,0.024252529,0.000000000,0.000000000
CA-C01-001-A0020,CA-C01-001,DS01,cerro_azul,CAMPAIGN_01,38.000000000,40.000000000,2.000000000,0.028393094,0.000000000,0.000000000
CA-C01-001-A0021,CA-C01-001,DS01,cerro_azul,CAMPAIGN_01,40.000000000,42.000000000,2.000000000,0.025166683,0.000000000,0.000000000
CA-C01-001-A0022,CA-C01-001,DS01,cerro_azul,CAMPAIGN_01,42.000000000,44.000000000,2.000000000,0.027027081,0.000000000,0.000000000
CA-C01-001-A0023,CA-C01-001,DS01,cerro_azul,CAMPAIGN_01,44.000000000,46.000000000,2.000000000,0.026945156,0.000000000,0.000000000
CA-C01-001-A0024,CA-C01-001,DS01,cerro_azul,CAMPAIGN_01,46.000000000,48.000000000,2.000000000,0.023924429,0.000000000,0.000000000
CA-C01-001-A0025,CA-C01-001,DS01,cerro_azul,CAMPAIGN_01,48.000000000,50.000000000,2.000000000,0.025439954,0.000000000,0.000000000
CA-C01-001-A0026,CA-C01-001,DS01,cerro_azul,CAMPAIGN_01,50.000000000,52.000000000,2.000000000,0.023630127,0.000000000,0.000000000
CA-C01-001-A0027,CA-C01-001,DS01,cerro_azul,CAMPAIGN_01,52.000000000,54.000000000,2.000000000,0.028895168,0.000000000,0.000000000
CA-C01-001-A0028,CA-C01-001,DS01,cerro_azul,CAMPAIGN_01,54.000000000,56.000000000,2.000000000,0.028638724,0.000000000,0.000000000
CA-C01-001-A0029,CA-C01-001,DS01,cerro_azul,CAMPAIGN_01,56.000000000,58.000000000,2.000000000,0.024664656,0.000000000,0.000000000
CA-C01-001-A0030,CA-C01-001,DS01,cerro_azul,CAMPAIGN_01,58.000000000,60.000000000,2.000000000,0.023724633,0.000000000,0.000000000
CA-C01-001-A0031,CA-C01-001,DS01,cerro_azul,CAMPAIGN_01,60.000000000,62.000000000,2.000000000,0.025626629,0.000000000,0.000000000
CA-C01-001-A0032,CA-C01-001,DS01,cerro_azul,CAMPAIGN_01,62.000000000,64.000000000,2.000000000,0.025276946,0.000000000,0.000000000
CA-C01-001-A0033,CA-C01-001,DS01,cerro_azul,CAMPAIGN_01,64.000000000,66.000000000,2.000000000,0.024378702,0.000000000,0.000000000
CA-C01-001-A0034,CA-C01-001,DS01,cerro_azul,CAMPAIGN_01,66.000000000,68.000000000,2.000000000,0.024930615,0.000000000,0.000000000
CA-C01-001-A0035,CA-C01-001,DS01,cerro_azul,CAMPAIGN_01,68.000000000,70.000000000,2.000000000,0.023998294,0.000000000,0.000000000
CA-C01-001-A0036,CA-C01-001,DS01,cerro_azul,CAMPAIGN_01,70.000000000,72.000000000,2.000000000,0.022641780,0.000000000,0.000000000
CA-C01-001-A0037,CA-C01-001,DS01,cerro_azul,CAMPAIGN_01,72.000000000,74.000000000,2.000000000,0.026086367,0.000000000,0.000000000
CA-C01-001-A0038,CA-C01-001,DS01,cerro_azul,CAMPAIGN_01,74.000000000,76.000000000,2.000000000,0.029791880,0.000000000,0.000000000
CA-C01-001-A0039,CA-C01-001,DS01,cerro_azul,CAMPAIGN_01,76.000000000,78.000000000,2.000000000,0.025902311,0.000000000,0.000000000
CA-C01-001-A0040,CA-C01-001,DS01,cerro_azul,CAMPAIGN_01,78.000000000,80.000000000,2.000000000,0.024250718,0.000000000,0.000000000
CA-C01-001-A0041,CA-C01-001,DS01,cerro_azul,CAMPAIGN_01,80.000000000,82.000000000,2.000000000,0.028118071,0.000000000,0.000000000
CA-C01-001-A0042,CA-C01-001,DS01,cerro_azul,CAMPAIGN_01,82.000000000,84.000000000,2.000000000,0.026024299,0.000000000,0.000000000
CA-C01-001-A0043,CA-C01-001,DS01,cerro_azul,CAMPAIGN_01,84.000000000,86.000000000,2.000000000,0.030951414,0.000000000,0.000000000
CA-C01-001-A0044,CA-C01-001,DS01,cerro_azul,CAMPAIGN_01,86.000000000,88.000000000,2.000000000,0.026401900,0.000000000,0.000000000
CA-C01-001-A0045,CA-C01-001,DS01,cerro_azul,CAMPAIGN_01,88.000000000,90.000000000,2.000000000,0.030402010,0.000000000,0.000000000
CA-C01-001-A0046,CA-C01-001,DS01,cerro_azul,CAMPAIGN_01,90.000000000,92.000000000,2.000000000,0.026845183,0.000000000,0.000000000
CA-C01-001-A0047,CA-C01-001,DS01,cerro_azul,CAMPAIGN_01,92.000000000,94.000000000,2.000000000,0.025294041,0.000000000,0.000000000
CA-C01-001-A0048,CA-C01-001,DS01,cerro_azul,CAMPAIGN_01,94.000000000,96.000000000,2.000000000,0.029107781,0.000000000,0.000000000
CA-C01-001-A0049,CA-C01-001,DS01,cerro_azul,CAMPAIGN_01,96.000000000,98.000000000,2.000000000,0.026711384,0.000000000,0.000000000
CA-C01-001-A0050,CA-C01-001,DS01,cerro_azul,CAMPAIGN_01,98.000000000,100.000000000,2.000000000,0.027214714,0.000000000,0.000000000
CA-C01-001-A0051,CA-C01-001,DS01,cerro_azul,CAMPAIGN_01,100.000000000,102.000000000,2.000000000,0.028849941,0.000000000,0.000000000
CA-C01-001-A0052,CA-C01-001,DS01,cerro_azul,CAMPAIGN_01,102.000000000,104.000000000,2.000000000,0.026764117,0.000000000,0.000000000
CA-C01-001-A0053,CA-C01-001,DS01,cerro_azul,CAMPAIGN_01,104.000000000,106.000000000,2.000000000,0.026763949,0.000000000,0.000000000
CA-C01-001-A0054,CA-C01-001,DS01,cerro_azul,CAMPAIGN_01,106.000000000,108.000000000,2.000000000,0.025803059,0.000000000,0.000000000
CA-C01-001-A0055,CA-C01-001,DS01,cerro_azul,CAMPAIGN_01,108.000000000,110.000000000,2.000000000,0.026539619,0.000000000,0.000000000
CA-C01-001-A0056,CA-C01-001,DS01,cerro_azul,CAMPAIGN_01,110.000000000,112.000000000,2.000000000,0.026800914,0.000000000,0.000000000
CA-C01-001-A0057,CA-C01-001,DS01,cerro_azul,CAMPAIGN_01,112.000000000,114.000000000,2.000000000,0.028106681,0.000000000,0.000000000
CA-C01-001-A0058,CA-C01-001,DS01,cerro_azul,CAMPAIGN_01,114.000000000,116.000000000,2.000000000,0.025994833,0.000000000,0.000000000
CA-C01-001-A0059,CA-C01-001,DS01,cerro_azul,CAMPAIGN_01,116.000000000,118.000000000,2.000000000,0.026508019,0.000000000,0.000000000
CA-C01-001-A0060,CA-C01-001,DS01,cerro_azul,CAMPAIGN_01,118.000000000,120.000000000,2.000000000,0.025295339,0.000000000,0.000000000
CA-C01-001-A0061,CA-C01-001,DS01,cerro_azul,CAMPAIGN_01,120.000000000,122.000000000,2.000000000,0.025538105,0.000000000,0.000000000
CA-C01-001-A0062,CA-C01-001,DS01,cerro_azul,CAMPAIGN_01,122.000000000,124.000000000,2.000000000,0.028369601,0.000000000,0.000000000
CA-C01-001-A0063,CA-C01-001,DS01,cerro_azul,CAMPAIGN_01,124.000000000,126.000000000,2.000000000,0.030140987,0.000000000,0.000000000
CA-C01-001-A0064,CA-C01-001,DS01,cerro_azul,CAMPAIGN_01,126.000000000,128.000000000,2.000000000,0.026841731,0.000000000,0.000000000
CA-C01-001-A0065,CA-C01-001,DS01,cerro_azul,CAMPAIGN_01,128.000000000,130.000000000,2.000000000,0.022327288,0.000000000,0.000000000
CA-C01-001-A0066,CA-C01-001,DS01,cerro_azul,CAMPAIGN_01,130.000000000,132.000000000,2.000000000,0.029233446,0.000000000,0.000000000
CA-C01-001-A0067,CA-C01-001,DS01,cerro_azul,CAMPAIGN_01,132.000000000,134.000000000,2.000000000,0.024797007,0.000000000,0.000000000
CA-C01-001-A0068,CA-C01-001,DS01,cerro_azul,CAMPAIGN_01,134.000000000,136.000000000,2.000000000,0.025442527,0.000000000,0.000000000
CA-C01-001-A0069,CA-C01-001,DS01,cerro_azul,CAMPAIGN_01,136.000000000,138.000000000,2.000000000,0.029417428,0.000000000,0.000000000
CA-C01-001-A0070,CA-C01-001,DS01,cerro_azul,CAMPAIGN_01,138.000000000,140.000000000,2.000000000,0.025115673,0.000000000,0.000000000
CA-C01-001-A0071,CA-C01-001,DS01,cerro_azul,CAMPAIGN_01,140.000000000,142.000000000,2.000000000,0.027229495,0.000000000,0.000000000
CA-C01-001-A0072,CA-C01-001,DS01,cerro_azul,CAMPAIGN_01,142.000000000,144.000000000,2.000000000,0.026650106,0.000000000,0.000000000
CA-C01-001-A0073,CA-C01-001,DS01,cerro_azul,CAMPAIGN_01,144.000000000,146.000000000,2.000000000,0.026578085,0.000000000,0.000000000
CA-C01-001-A0074,CA-C01-001,DS01,cerro_azul,CAMPAIGN_01,146.000000000,148.000000000,2.000000000,0.024205021,0.000000000,0.000000000
CA-C01-001-A0075,CA-C01-001,DS01,cerro_azul,CAMPAIGN_01,148.000000000,150.000000000,2.000000000,0.022612039,0.000000000,0.000000000
CA-C01-001-A0076,CA-C01-001,DS01,cerro_azul,CAMPAIGN_01,150.000000000,152.000000000,2.000000000,0.027202803,0.000000000,0.000000000
CA-C01-001-A0077,CA-C01-001,DS01,cerro_azul,CAMPAIGN_01,152.000000000,154.000000000,2.000000000,0.025660046,0.000000000,0.000000000
CA-C01-001-A0078,CA-C01-001,DS01,cerro_azul,CAMPAIGN_01,154.000000000,156.000000000,2.000000000,0.028544556,0.000000000,0.000000000
CA-C01-001-A0079,CA-C01-001,DS01,cerro_azul,CAMPAIGN_01,156.000000000,158.000000000,2.000000000,0.027865285,0.000000000,0.000000000
CA-C01-001-A0080,CA-C01-001,DS01,cerro_azul,CAMPAIGN_01,158.000000000,160.000000000,2.000000000,0.028325525,0.000000000,0.000000000
CA-C01-001-A0081,CA-C01-001,DS01,cerro_azul,CAMPAIGN_01,160.000000000,162.000000000,2.000000000,0.028685075,0.000000000,0.000000000
CA-C01-001-A0082,CA-C01-001,DS01,cerro_azul,CAMPAIGN_01,162.000000000,164.000000000,2.000000000,0.029043271,0.000000000,0.000000000
CA-C01-001-A0083,CA-C01-001,DS01,cerro_azul,CAMPAIGN_01,164.000000000,166.000000000,2.000000000,0.031094753,0.000000000,0.000000000
CA-C01-001-A0084,CA-C01-001,DS01,cerro_azul,CAMPAIGN_01,166.000000000,168.000000000,2.000000000,0.027410082,0.000000000,0.000000000
CA-C01-001-A0085,CA-C01-001,DS01,cerro_azul,CAMPAIGN_01,168.000000000,170.000000000,2.000000000,0.029310606,0.000000000,0.000000000
CA-C01-001-A0086,CA-C01-001,DS01,cerro_azul,CAMPAIGN_01,170.000000000,172.000000000,2.000000000,0.023222895,0.000000000,0.000000000
CA-C01-001-A0087,CA-C01-001,DS01,cerro_azul,CAMPAIGN_01,172.000000000,174.000000000,2.000000000,0.026721716,0.000000000,0.000000000
CA-C01-001-A0088,CA-C01-001,DS01,cerro_azul,CAMPAIGN_01,174.000000000,176.000000000,2.000000000,0.029166258,0.000000000,0.000000000
CA-C01-001-A0089,CA-C01-001,DS01,cerro_azul,CAMPAIGN_01,176.000000000,178.000000000,2.000000000,0.024011185,0.000000000,0.000000000
CA-C01-001-A0090,CA-C01-001,DS01,cerro_azul,CAMPAIGN_01,178.000000000,180.000000000,2.000000000,0.023658234,0.000000000,0.000000000
CA-C01-001-A0091,CA-C01-001,DS01,cerro_azul,CAMPAIGN_01,180.000000000,182.000000000,2.000000000,0.026317006,0.000000000,0.000000000
CA-C01-001-A0092,CA-C01-001,DS01,cerro_azul,CAMPAIGN_01,182.000000000,184.000000000,2.000000000,0.025264004,0.000000000,0.000000000
CA-C01-001-A0093,CA-C01-001,DS01,cerro_azul,CAMPAIGN_01,184.000000000,186.000000000,2.000000000,0.025454959,0.000000000,0.000000000
CA-C01-001-A0094,CA-C01-001,DS01,cerro_azul,CAMPAIGN_01,186.000000000,188.000000000,2.000000000,0.026540797,0.000000000,0.000000000
CA-C01-001-A0095,CA-C01-001,DS01,cerro_azul,CAMPAIGN_01,188.000000000,189.880122860,1.880122860,0.026543857,0.000000000,0.000000000
CA-C01-002-A0001,CA-C01-002,DS01,cerro_azul,CAMPAIGN_01,0.000000000,2.000000000,2.000000000,0.032677439,0.000000000,0.000000000
CA-C01-002-A0002,CA-C01-002,DS01,cerro_azul,CAMPAIGN_01,2.000000000,4.000000000,2.000000000,0.029790927,0.000000000,0.000000000
CA-C01-002-A0003,CA-C01-002,DS01,cerro_azul,CAMPAIGN_01,4.000000000,6.000000000,2.000000000,0.030137540,0.000000000,0.000000000
CA-C01-002-A0004,CA-C01-002,DS01,cerro_azul,CAMPAIGN_01,6.000000000,8.000000000,2.000000000,0.033099968,0.000000000,0.000000000
CA-C01-002-A0005,CA-C01-002,DS01,cerro_azul,CAMPAIGN_01,8.000000000,10.000000000,2.000000000,0.034592128,0.000000000,0.000000000
CA-C01-002-A0006,CA-C01-002,DS01,cerro_azul,CAMPAIGN_01,10.000000000,12.000000000,2.000000000,0.028653534,0.000000000,0.000000000
CA-C01-002-A0007,CA-C01-002,DS01,cerro_azul,CAMPAIGN_01,12.000000000,14.000000000,2.000000000,0.030701871,0.000000000,0.000000000
CA-C01-002-A0008,CA-C01-002,DS01,cerro_azul,CAMPAIGN_01,14.000000000,16.000000000,2.000000000,0.031517114,0.000000000,0.000000000
CA-C01-002-A0009,CA-C01-002,DS01,cerro_azul,CAMPAIGN_01,16.000000000,18.000000000,2.000000000,0.035201789,0.000000000,0.000000000
CA-C01-002-A0010,CA-C01-002,DS01,cerro_azul,CAMPAIGN_01,18.000000000,20.000000000,2.000000000,0.032389126,0.000000000,0.000000000
CA-C01-002-A0011,CA-C01-002,DS01,cerro_azul,CAMPAIGN_01,20.000000000,22.000000000,2.000000000,0.032487921,0.000000000,0.000000000
CA-C01-002-A0012,CA-C01-002,DS01,cerro_azul,CAMPAIGN_01,22.000000000,24.000000000,2.000000000,0.034434785,0.000000000,0.000000000
CA-C01-002-A0013,CA-C01-002,DS01,cerro_azul,CAMPAIGN_01,24.000000000,26.000000000,2.000000000,0.034264636,0.000000000,0.000000000
CA-C01-002-A0014,CA-C01-002,DS01,cerro_azul,CAMPAIGN_01,26.000000000,28.000000000,2.000000000,0.034208440,0.000000000,0.000000000
CA-C01-002-A0015,CA-C01-002,DS01,cerro_azul,CAMPAIGN_01,28.000000000,30.000000000,2.000000000,0.036024569,0.000000000,0.000000000
CA-C01-002-A0016,CA-C01-002,DS01,cerro_azul,CAMPAIGN_01,30.000000000,32.000000000,2.000000000,0.037566266,0.000000000,0.000000000
CA-C01-002-A0017,CA-C01-002,DS01,cerro_azul,CAMPAIGN_01,32.000000000,34.000000000,2.000000000,0.038735444,0.000000000,0.000000000
CA-C01-002-A0018,CA-C01-002,DS01,cerro_azul,CAMPAIGN_01,34.000000000,36.000000000,2.000000000,0.035757082,0.000000000,0.000000000
CA-C01-002-A0019,CA-C01-002,DS01,cerro_azul,CAMPAIGN_01,36.000000000,38.000000000,2.000000000,0.039515472,0.000000000,0.000000000
CA-C01-002-A0020,CA-C01-002,DS01,cerro_azul,CAMPAIGN_01,38.000000000,40.000000000,2.000000000,0.036193477,0.000000000,0.000000000
CA-C01-002-A0021,CA-C01-002,DS01,cerro_azul,CAMPAIGN_01,40.000000000,42.000000000,2.000000000,0.039646657,0.000000000,0.000000000
CA-C01-002-A0022,CA-C01-002,DS01,cerro_azul,CAMPAIGN_01,42.000000000,44.000000000,2.000000000,0.035968293,0.000000000,0.000000000
CA-C01-002-A0023,CA-C01-002,DS01,cerro_azul,CAMPAIGN_01,44.000000000,46.000000000,2.000000000,0.037674756,0.000000000,0.000000000
CA-C01-002-A0024,CA-C01-002,DS01,cerro_azul,CAMPAIGN_01,46.000000000,48.000000000,2.000000000,0.040634874,0.000000000,0.000000000
CA-C01-002-A0025,CA-C01-002,DS01,cerro_azul,CAMPAIGN_01,48.000000000,50.000000000,2.000000000,0.040817000,0.000000000,0.000000000
CA-C01-002-A0026,CA-C01-002,DS01,cerro_azul,CAMPAIGN_01,50.000000000,52.000000000,2.000000000,0.039183669,0.000000000,0.000000000
CA-C01-002-A0027,CA-C01-002,DS01,cerro_azul,CAMPAIGN_01,52.000000000,54.000000000,2.000000000,0.040657224,0.000000000,0.000000000
CA-C01-002-A0028,CA-C01-002,DS01,cerro_azul,CAMPAIGN_01,54.000000000,56.000000000,2.000000000,0.043794154,0.000000000,0.000000000
CA-C01-002-A0029,CA-C01-002,DS01,cerro_azul,CAMPAIGN_01,56.000000000,58.000000000,2.000000000,0.041293388,0.000000000,0.000000000
CA-C01-002-A0030,CA-C01-002,DS01,cerro_azul,CAMPAIGN_01,58.000000000,60.000000000,2.000000000,0.041513035,0.000000000,0.000000000
CA-C01-002-A0031,CA-C01-002,DS01,cerro_azul,CAMPAIGN_01,60.000000000,62.000000000,2.000000000,0.043998021,0.000000000,0.000000000
CA-C01-002-A0032,CA-C01-002,DS01,cerro_azul,CAMPAIGN_01,62.000000000,64.000000000,2.000000000,0.043275875,0.000000000,0.000000000
CA-C01-002-A0033,CA-C01-002,DS01,cerro_azul,CAMPAIGN_01,64.000000000,66.000000000,2.000000000,0.043540967,0.000000000,0.000000000
CA-C01-002-A0034,CA-C01-002,DS01,cerro_azul,CAMPAIGN_01,66.000000000,68.000000000,2.000000000,0.044604621,0.000000000,0.000000000
CA-C01-002-A0035,CA-C01-002,DS01,cerro_azul,CAMPAIGN_01,68.000000000,70.000000000,2.000000000,0.042097702,0.000000000,0.000000000
CA-C01-002-A0036,CA-C01-002,DS01,cerro_azul,CAMPAIGN_01,70.000000000,72.000000000,2.000000000,0.047721513,0.000000000,0.000000000
CA-C01-002-A0037,CA-C01-002,DS01,cerro_azul,CAMPAIGN_01,72.000000000,74.000000000,2.000000000,0.043196092,0.000000000,0.000000000
CA-C01-002-A0038,CA-C01-002,DS01,cerro_azul,CAMPAIGN_01,74.000000000,76.000000000,2.000000000,0.046997102,0.000000000,0.000000000
CA-C01-002-A0039,CA-C01-002,DS01,cerro_azul,CAMPAIGN_01,76.000000000,78.000000000,2.000000000,0.048701655,0.000000000,0.000000000
CA-C01-002-A0040,CA-C01-002,DS01,cerro_azul,CAMPAIGN_01,78.000000000,80.000000000,2.000000000,0.048019853,0.000000000,0.000000000
CA-C01-002-A0041,CA-C01-002,DS01,cerro_azul,CAMPAIGN_01,80.000000000,82.000000000,2.000000000,0.051896657,0.000000000,0.000000000
CA-C01-002-A0042,CA-C01-002,DS01,cerro_azul,CAMPAIGN_01,82.000000000,84.000000000,2.000000000,0.049805273,0.000000000,0.000000000
CA-C01-002-A0043,CA-C01-002,DS01,cerro_azul,CAMPAIGN_01,84.000000000,86.000000000,2.000000000,0.050185199,0.000000000,0.000000000
CA-C01-002-A0044,CA-C01-002,DS01,cerro_azul,CAMPAIGN_01,86.000000000,88.000000000,2.000000000,0.047885595,0.000000000,0.000000000
CA-C01-002-A0045,CA-C01-002,DS01,cerro_azul,CAMPAIGN_01,88.000000000,90.000000000,2.000000000,0.048532238,0.000000000,0.000000000
CA-C01-002-A0046,CA-C01-002,DS01,cerro_azul,CAMPAIGN_01,90.000000000,92.000000000,2.000000000,0.051009408,0.000000000,0.000000000
CA-C01-002-A0047,CA-C01-002,DS01,cerro_azul,CAMPAIGN_01,92.000000000,94.000000000,2.000000000,0.049694557,0.000000000,0.000000000
CA-C01-002-A0048,CA-C01-002,DS01,cerro_azul,CAMPAIGN_01,94.000000000,96.000000000,2.000000000,0.051350438,0.000000000,0.000000000
CA-C01-002-A0049,CA-C01-002,DS01,cerro_azul,CAMPAIGN_01,96.000000000,98.000000000,2.000000000,0.049131742,0.000000000,0.000000000
CA-C01-002-A0050,CA-C01-002,DS01,cerro_azul,CAMPAIGN_01,98.000000000,100.000000000,2.000000000,0.056063995,0.000000000,0.000000000
CA-C01-002-A0051,CA-C01-002,DS01,cerro_azul,CAMPAIGN_01,100.000000000,102.000000000,2.000000000,0.055930478,0.000000000,0.000000000
CA-C01-002-A0052,CA-C01-002,DS01,cerro_azul,CAMPAIGN_01,102.000000000,104.000000000,2.000000000,0.053514088,0.000000000,0.000000000
CA-C01-002-A0053,CA-C01-002,DS01,cerro_azul,CAMPAIGN_01,104.000000000,106.000000000,2.000000000,0.051841670,0.000000000,0.000000000
CA-C01-002-A0054,CA-C01-002,DS01,cerro_azul,CAMPAIGN_01,106.000000000,108.000000000,2.000000000,0.049357912,0.000000000,0.000000000
CA-C01-002-A0055,CA-C01-002,DS01,cerro_azul,CAMPAIGN_01,108.000000000,110.000000000,2.000000000,0.056721563,0.000000000,0.000000000
CA-C01-002-A0056,CA-C01-002,DS01,cerro_azul,CAMPAIGN_01,110.000000000,112.000000000,2.000000000,0.054092370,0.000000000,0.000000000
CA-C01-002-A0057,CA-C01-002,DS01,cerro_azul,CAMPAIGN_01,112.000000000,114.000000000,2.000000000,0.060783922,0.000000000,0.000000000
CA-C01-002-A0058,CA-C01-002,DS01,cerro_azul,CAMPAIGN_01,114.000000000,116.000000000,2.000000000,0.059881349,0.000000000,0.000000000
CA-C01-002-A0059,CA-C01-002,DS01,cerro_azul,CAMPAIGN_01,116.000000000,118.000000000,2.000000000,0.054720095,0.000000000,0.000000000
CA-C01-002-A0060,CA-C01-002,DS01,cerro_azul,CAMPAIGN_01,118.000000000,120.000000000,2.000000000,0.056956660,0.000000000,0.000000000
CA-C01-002-A0061,CA-C01-002,DS01,cerro_azul,CAMPAIGN_01,120.000000000,122.000000000,2.000000000,0.058112372,0.000000000,0.000000000
CA-C01-002-A0062,CA-C01-002,DS01,cerro_azul,CAMPAIGN_01,122.000000000,124.000000000,2.000000000,0.061539287,0.000000000,0.000000000
CA-C01-002-A0063,CA-C01-002,DS01,cerro_azul,CAMPAIGN_01,124.000000000,126.000000000,2.000000000,0.058826029,0.000000000,0.000000000
CA-C01-002-A0064,CA-C01-002,DS01,cerro_azul,CAMPAIGN_01,126.000000000,128.000000000,2.000000000,0.058862360,0.000000000,0.000000000
CA-C01-002-A0065,CA-C01-002,DS01,cerro_azul,CAMPAIGN_01,128.000000000,130.000000000,2.000000000,0.065634891,0.000000000,0.000000000
CA-C01-002-A0066,CA-C01-002,DS01,cerro_azul,CAMPAIGN_01,130.000000000,132.000000000,2.000000000,0.056099357,0.000000000,0.000000000
CA-C01-002-A0067,CA-C01-002,DS01,cerro_azul,CAMPAIGN_01,132.000000000,134.000000000,2.000000000,0.056639835,0.000000000,0.000000000
CA-C01-002-A0068,CA-C01-002,DS01,cerro_azul,CAMPAIGN_01,134.000000000,136.000000000,2.000000000,0.057112691,0.000000000,0.000000000
CA-C01-002-A0069,CA-C01-002,DS01,cerro_azul,CAMPAIGN_01,136.000000000,138.000000000,2.000000000,0.053110181,0.000000000,0.000000000
CA-C01-002-A0070,CA-C01-002,DS01,cerro_azul,CAMPAIGN_01,138.000000000,140.000000000,2.000000000,0.059954221,0.000000000,0.000000000
CA-C01-002-A0071,CA-C01-002,DS01,cerro_azul,CAMPAIGN_01,140.000000000,142.000000000,2.000000000,0.061346512,0.000000000,0.000000000
CA-C01-002-A0072,CA-C01-002,DS01,cerro_azul,CAMPAIGN_01,142.000000000,144.000000000,2.000000000,0.062370002,0.000000000,0.000000000
CA-C01-002-A0073,CA-C01-002,DS01,cerro_azul,CAMPAIGN_01,144.000000000,146.000000000,2.000000000,0.061487094,0.000000000,0.000000000
CA-C01-002-A0074,CA-C01-002,DS01,cerro_azul,CAMPAIGN_01,146.000000000,148.000000000,2.000000000,0.056865255,0.000000000,0.000000000
CA-C01-002-A0075,CA-C01-002,DS01,cerro_azul,CAMPAIGN_01,148.000000000,150.000000000,2.000000000,0.060898033,0.000000000,0.000000000
CA-C01-002-A0076,CA-C01-002,DS01,cerro_azul,CAMPAIGN_01,150.000000000,152.000000000,2.000000000,0.063383469,0.000000000,0.000000000
CA-C01-002-A0077,CA-C01-002,DS01,cerro_azul,CAMPAIGN_01,152.000000000,154.000000000,2.000000000,0.059830289,0.000000000,0.000000000
CA-C01-002-A0078,CA-C01-002,DS01,cerro_azul,CAMPAIGN_01,154.000000000,156.000000000,2.000000000,0.061984759,0.000000000,0.000000000
CA-C01-002-A0079,CA-C01-002,DS01,cerro_azul,CAMPAIGN_01,156.000000000,158.000000000,2.000000000,0.058198849,0.000000000,0.000000000
CA-C01-002-A0080,CA-C01-002,DS01,cerro_azul,CAMPAIGN_01,158.000000000,160.000000000,2.000000000,0.065946439,0.000000000,0.000000000
CA-C01-002-A0081,CA-C01-002,DS01,cerro_azul,CAMPAIGN_01,160.000000000,162.000000000,2.000000000,0.069408396,0.000000000,0.000000000
CA-C01-002-A0082,CA-C01-002,DS01,cerro_azul,CAMPAIGN_01,162.000000000,164.000000000,2.000000000,0.059452244,0.000000000,0.000000000
CA-C01-002-A0083,CA-C01-002,DS01,cerro_azul,CAMPAIGN_01,164.000000000,166.000000000,2.000000000,0.064542464,0.000000000,0.000000000
CA-C01-002-A0084,CA-C01-002,DS01,cerro_azul,CAMPAIGN_01,166.000000000,168.000000000,2.000000000,0.059895774,0.000000000,0.000000000
CA-C01-002-A0085,CA-C01-002,DS01,cerro_azul,CAMPAIGN_01,168.000000000,170.000000000,2.000000000,0.055347760,0.000000000,0.000000000
CA-C01-002-A0086,CA-C01-002,DS01,cerro_azul,CAMPAIGN_01,170.000000000,172.000000000,2.000000000,0.059480860,0.000000000,0.000000000
CA-C01-002-A0087,CA-C01-002,DS01,cerro_azul,CAMPAIGN_01,172.000000000,174.000000000,2.000000000,0.059088173,0.000000000,0.000000000
CA-C01-002-A0088,CA-C01-002,DS01,cerro_azul,CAMPAIGN_01,174.000000000,176.000000000,2.000000000,0.064618521,0.000000000,0.000000000
CA-C01-002-A0089,CA-C01-002,DS01,cerro_azul,CAMPAIGN_01,176.000000000,178.000000000,2.000000000,0.060315537,0.000000000,0.000000000
CA-C01-002-A0090,CA-C01-002,DS01,cerro_azul,CAMPAIGN_01,178.000000000,180.000000000,2.000000000,0.059976857,0.000000000,0.000000000
CA-C01-002-A0091,CA-C01-002,DS01,cerro_azul,CAMPAIGN_01,180.000000000,182.000000000,2.000000000,0.063254016,0.000000000,0.000000000
CA-C01-002-A0092,CA-C01-002,DS01,cerro_azul,CAMPAIGN_01,182.000000000,184.000000000,2.000000000,0.059161312,0.000000000,0.000000000
CA-C01-002-A0093,CA-C01-002,DS01,cerro_azul,CAMPAIGN_01,184.000000000,186.000000000,2.000000000,0.056652305,0.000000000,0.000000000
CA-C01-002-A0094,CA-C01-002,DS01,cerro_azul,CAMPAIGN_01,186.000000000,188.000000000,2.000000000,0.061674700,0.000000000,0.000000000
CA-C01-002-A0095,CA-C01-002,DS01,cerro_azul,CAMPAIGN_01,188.000000000,190.000000000,2.000000000,0.062852043,0.000000000,0.000000000
CA-C01-002-A0096,CA-C01-002,DS01,cerro_azul,CAMPAIGN_01,190.000000000,192.000000000,2.000000000,0.059611259,0.000000000,0.000000000
CA-C01-002-A0097,CA-C01-002,DS01,cerro_azul,CAMPAIGN_01,192.000000000,193.416106179,1.416106179,0.057426979,0.000000000,0.000000000
CA-C01-003-A0001,CA-C01-003,DS01,cerro_azul,CAMPAIGN_01,0.000000000,2.000000000,2.000000000,0.028321384,0.000000000,0.000000000
CA-C01-003-A0002,CA-C01-003,DS01,cerro_azul,CAMPAIGN_01,2.000000000,4.000000000,2.000000000,0.026904563,0.000000000,0.000000000
CA-C01-003-A0003,CA-C01-003,DS01,cerro_azul,CAMPAIGN_01,4.000000000,6.000000000,2.000000000,0.027002886,0.000000000,0.000000000
CA-C01-003-A0004,CA-C01-003,DS01,cerro_azul,CAMPAIGN_01,6.000000000,8.000000000,2.000000000,0.026246663,0.000000000,0.000000000
CA-C01-003-A0005,CA-C01-003,DS01,cerro_azul,CAMPAIGN_01,8.000000000,10.000000000,2.000000000,0.025553313,0.000000000,0.000000000
CA-C01-003-A0006,CA-C01-003,DS01,cerro_azul,CAMPAIGN_01,10.000000000,12.000000000,2.000000000,0.026337181,0.000000000,0.000000000
CA-C01-003-A0007,CA-C01-003,DS01,cerro_azul,CAMPAIGN_01,12.000000000,14.000000000,2.000000000,0.023113312,0.000000000,0.000000000
CA-C01-003-A0008,CA-C01-003,DS01,cerro_azul,CAMPAIGN_01,14.000000000,16.000000000,2.000000000,0.026617254,0.000000000,0.000000000
CA-C01-003-A0009,CA-C01-003,DS01,cerro_azul,CAMPAIGN_01,16.000000000,18.000000000,2.000000000,0.025338987,0.000000000,0.000000000
CA-C01-003-A0010,CA-C01-003,DS01,cerro_azul,CAMPAIGN_01,18.000000000,20.000000000,2.000000000,0.026691859,0.000000000,0.000000000
CA-C01-003-A0011,CA-C01-003,DS01,cerro_azul,CAMPAIGN_01,20.000000000,22.000000000,2.000000000,0.027605087,0.000000000,0.000000000
CA-C01-003-A0012,CA-C01-003,DS01,cerro_azul,CAMPAIGN_01,22.000000000,24.000000000,2.000000000,0.028727315,0.000000000,0.000000000
CA-C01-003-A0013,CA-C01-003,DS01,cerro_azul,CAMPAIGN_01,24.000000000,26.000000000,2.000000000,0.027765453,0.000000000,0.000000000
CA-C01-003-A0014,CA-C01-003,DS01,cerro_azul,CAMPAIGN_01,26.000000000,28.000000000,2.000000000,0.025777625,0.000000000,0.000000000
CA-C01-003-A0015,CA-C01-003,DS01,cerro_azul,CAMPAIGN_01,28.000000000,30.000000000,2.000000000,0.027160929,0.000000000,0.000000000
CA-C01-003-A0016,CA-C01-003,DS01,cerro_azul,CAMPAIGN_01,30.000000000,32.000000000,2.000000000,0.026005177,0.000000000,0.000000000
CA-C01-003-A0017,CA-C01-003,DS01,cerro_azul,CAMPAIGN_01,32.000000000,34.000000000,2.000000000,0.027754887,0.000000000,0.000000000
CA-C01-003-A0018,CA-C01-003,DS01,cerro_azul,CAMPAIGN_01,34.000000000,36.000000000,2.000000000,0.027241815,0.000000000,0.000000000
CA-C01-003-A0019,CA-C01-003,DS01,cerro_azul,CAMPAIGN_01,36.000000000,38.000000000,2.000000000,0.025017277,0.000000000,0.000000000
CA-C01-003-A0020,CA-C01-003,DS01,cerro_azul,CAMPAIGN_01,38.000000000,40.000000000,2.000000000,0.029162320,0.000000000,0.000000000
CA-C01-003-A0021,CA-C01-003,DS01,cerro_azul,CAMPAIGN_01,40.000000000,42.000000000,2.000000000,0.030570236,0.000000000,0.000000000
CA-C01-003-A0022,CA-C01-003,DS01,cerro_azul,CAMPAIGN_01,42.000000000,44.000000000,2.000000000,0.025503676,0.000000000,0.000000000
CA-C01-003-A0023,CA-C01-003,DS01,cerro_azul,CAMPAIGN_01,44.000000000,46.000000000,2.000000000,0.030164130,0.000000000,0.000000000
CA-C01-003-A0024,CA-C01-003,DS01,cerro_azul,CAMPAIGN_01,46.000000000,48.000000000,2.000000000,0.026379820,0.000000000,0.000000000
CA-C01-003-A0025,CA-C01-003,DS01,cerro_azul,CAMPAIGN_01,48.000000000,50.000000000,2.000000000,0.028364875,0.000000000,0.000000000
CA-C01-003-A0026,CA-C01-003,DS01,cerro_azul,CAMPAIGN_01,50.000000000,52.000000000,2.000000000,0.028007173,0.000000000,0.000000000
CA-C01-003-A0027,CA-C01-003,DS01,cerro_azul,CAMPAIGN_01,52.000000000,54.000000000,2.000000000,0.031448504,0.000000000,0.000000000
CA-C01-003-A0028,CA-C01-003,DS01,cerro_azul,CAMPAIGN_01,54.000000000,56.000000000,2.000000000,0.032302896,0.000000000,0.000000000
CA-C01-003-A0029,CA-C01-003,DS01,cerro_azul,CAMPAIGN_01,56.000000000,58.000000000,2.000000000,0.029055318,0.000000000,0.000000000
CA-C01-003-A0030,CA-C01-003,DS01,cerro_azul,CAMPAIGN_01,58.000000000,60.000000000,2.000000000,0.027823323,0.000000000,0.000000000
CA-C01-003-A0031,CA-C01-003,DS01,cerro_azul,CAMPAIGN_01,60.000000000,62.000000000,2.000000000,0.032047253,0.000000000,0.000000000
CA-C01-003-A0032,CA-C01-003,DS01,cerro_azul,CAMPAIGN_01,62.000000000,64.000000000,2.000000000,0.029383485,0.000000000,0.000000000
CA-C01-003-A0033,CA-C01-003,DS01,cerro_azul,CAMPAIGN_01,64.000000000,66.000000000,2.000000000,0.031963169,0.000000000,0.000000000
CA-C01-003-A0034,CA-C01-003,DS01,cerro_azul,CAMPAIGN_01,66.000000000,68.000000000,2.000000000,0.029683539,0.000000000,0.000000000
CA-C01-003-A0035,CA-C01-003,DS01,cerro_azul,CAMPAIGN_01,68.000000000,70.000000000,2.000000000,0.034953732,0.000000000,0.000000000
CA-C01-003-A0036,CA-C01-003,DS01,cerro_azul,CAMPAIGN_01,70.000000000,72.000000000,2.000000000,0.031534464,0.000000000,0.000000000
CA-C01-003-A0037,CA-C01-003,DS01,cerro_azul,CAMPAIGN_01,72.000000000,74.000000000,2.000000000,0.027064600,0.000000000,0.000000000
CA-C01-003-A0038,CA-C01-003,DS01,cerro_azul,CAMPAIGN_01,74.000000000,76.000000000,2.000000000,0.035363241,0.000000000,0.000000000
CA-C01-003-A0039,CA-C01-003,DS01,cerro_azul,CAMPAIGN_01,76.000000000,78.000000000,2.000000000,0.033841576,0.000000000,0.000000000
CA-C01-003-A0040,CA-C01-003,DS01,cerro_azul,CAMPAIGN_01,78.000000000,80.000000000,2.000000000,0.034500268,0.000000000,0.000000000
CA-C01-003-A0041,CA-C01-003,DS01,cerro_azul,CAMPAIGN_01,80.000000000,82.000000000,2.000000000,0.034537968,0.000000000,0.000000000
CA-C01-003-A0042,CA-C01-003,DS01,cerro_azul,CAMPAIGN_01,82.000000000,84.000000000,2.000000000,0.036532384,0.000000000,0.000000000
CA-C01-003-A0043,CA-C01-003,DS01,cerro_azul,CAMPAIGN_01,84.000000000,86.000000000,2.000000000,0.036148737,0.000000000,0.000000000
CA-C01-003-A0044,CA-C01-003,DS01,cerro_azul,CAMPAIGN_01,86.000000000,88.000000000,2.000000000,0.035021142,0.000000000,0.000000000
CA-C01-003-A0045,CA-C01-003,DS01,cerro_azul,CAMPAIGN_01,88.000000000,90.000000000,2.000000000,0.032930969,0.000000000,0.000000000
CA-C01-003-A0046,CA-C01-003,DS01,cerro_azul,CAMPAIGN_01,90.000000000,92.000000000,2.000000000,0.035427242,0.000000000,0.000000000
CA-C01-003-A0047,CA-C01-003,DS01,cerro_azul,CAMPAIGN_01,92.000000000,94.000000000,2.000000000,0.036610315,0.000000000,0.000000000
CA-C01-003-A0048,CA-C01-003,DS01,cerro_azul,CAMPAIGN_01,94.000000000,96.000000000,2.000000000,0.035258830,0.000000000,0.000000000
CA-C01-003-A0049,CA-C01-003,DS01,cerro_azul,CAMPAIGN_01,96.000000000,98.000000000,2.000000000,0.036275030,0.000000000,0.000000000
CA-C01-003-A0050,CA-C01-003,DS01,cerro_azul,CAMPAIGN_01,98.000000000,100.000000000,2.000000000,0.040638907,0.000000000,0.000000000
CA-C01-003-A0051,CA-C01-003,DS01,cerro_azul,CAMPAIGN_01,100.000000000,102.000000000,2.000000000,0.037414256,0.000000000,0.000000000
CA-C01-003-A0052,CA-C01-003,DS01,cerro_azul,CAMPAIGN_01,102.000000000,104.000000000,2.000000000,0.037513163,0.000000000,0.000000000
CA-C01-003-A0053,CA-C01-003,DS01,cerro_azul,CAMPAIGN_01,104.000000000,106.000000000,2.000000000,0.037299970,0.000000000,0.000000000
CA-C01-003-A0054,CA-C01-003,DS01,cerro_azul,CAMPAIGN_01,106.000000000,108.000000000,2.000000000,0.037977383,0.000000000,0.000000000
CA-C01-003-A0055,CA-C01-003,DS01,cerro_azul,CAMPAIGN_01,108.000000000,110.000000000,2.000000000,0.036174096,0.000000000,0.000000000
CA-C01-003-A0056,CA-C01-003,DS01,cerro_azul,CAMPAIGN_01,110.000000000,112.000000000,2.000000000,0.037704320,0.000000000,0.000000000
CA-C01-003-A0057,CA-C01-003,DS01,cerro_azul,CAMPAIGN_01,112.000000000,114.000000000,2.000000000,0.043975383,0.000000000,0.000000000
CA-C01-003-A0058,CA-C01-003,DS01,cerro_azul,CAMPAIGN_01,114.000000000,116.000000000,2.000000000,0.039906829,0.000000000,0.000000000
CA-C01-003-A0059,CA-C01-003,DS01,cerro_azul,CAMPAIGN_01,116.000000000,118.000000000,2.000000000,0.039388488,0.000000000,0.000000000
CA-C01-003-A0060,CA-C01-003,DS01,cerro_azul,CAMPAIGN_01,118.000000000,120.000000000,2.000000000,0.043339111,0.000000000,0.000000000
CA-C01-003-A0061,CA-C01-003,DS01,cerro_azul,CAMPAIGN_01,120.000000000,122.000000000,2.000000000,0.045431936,0.000000000,0.000000000
CA-C01-003-A0062,CA-C01-003,DS01,cerro_azul,CAMPAIGN_01,122.000000000,124.000000000,2.000000000,0.041705132,0.000000000,0.000000000
CA-C01-003-A0063,CA-C01-003,DS01,cerro_azul,CAMPAIGN_01,124.000000000,126.000000000,2.000000000,0.044528585,0.000000000,0.000000000
CA-C01-003-A0064,CA-C01-003,DS01,cerro_azul,CAMPAIGN_01,126.000000000,128.000000000,2.000000000,0.043390434,0.000000000,0.000000000
CA-C01-003-A0065,CA-C01-003,DS01,cerro_azul,CAMPAIGN_01,128.000000000,130.000000000,2.000000000,0.046982653,0.000000000,0.000000000
CA-C01-003-A0066,CA-C01-003,DS01,cerro_azul,CAMPAIGN_01,130.000000000,132.000000000,2.000000000,0.042185926,0.000000000,0.000000000
CA-C01-003-A0067,CA-C01-003,DS01,cerro_azul,CAMPAIGN_01,132.000000000,134.000000000,2.000000000,0.048276379,0.000000000,0.000000000
CA-C01-003-A0068,CA-C01-003,DS01,cerro_azul,CAMPAIGN_01,134.000000000,136.000000000,2.000000000,0.043389406,0.000000000,0.000000000
CA-C01-003-A0069,CA-C01-003,DS01,cerro_azul,CAMPAIGN_01,136.000000000,138.000000000,2.000000000,0.043978245,0.000000000,0.000000000
CA-C01-003-A0070,CA-C01-003,DS01,cerro_azul,CAMPAIGN_01,138.000000000,140.000000000,2.000000000,0.049725718,0.000000000,0.000000000
CA-C01-003-A0071,CA-C01-003,DS01,cerro_azul,CAMPAIGN_01,140.000000000,142.000000000,2.000000000,0.048831023,0.000000000,0.000000000
CA-C01-003-A0072,CA-C01-003,DS01,cerro_azul,CAMPAIGN_01,142.000000000,144.000000000,2.000000000,0.053674673,0.000000000,0.000000000
CA-C01-003-A0073,CA-C01-003,DS01,cerro_azul,CAMPAIGN_01,144.000000000,146.000000000,2.000000000,0.048025121,0.000000000,0.000000000
CA-C01-003-A0074,CA-C01-003,DS01,cerro_azul,CAMPAIGN_01,146.000000000,148.000000000,2.000000000,0.052915237,0.000000000,0.000000000
CA-C01-003-A0075,CA-C01-003,DS01,cerro_azul,CAMPAIGN_01,148.000000000,150.000000000,2.000000000,0.053382671,0.000000000,0.000000000
CA-C01-003-A0076,CA-C01-003,DS01,cerro_azul,CAMPAIGN_01,150.000000000,152.000000000,2.000000000,0.047900363,0.000000000,0.000000000
CA-C01-003-A0077,CA-C01-003,DS01,cerro_azul,CAMPAIGN_01,152.000000000,154.000000000,2.000000000,0.053857697,0.000000000,0.000000000
CA-C01-003-A0078,CA-C01-003,DS01,cerro_azul,CAMPAIGN_01,154.000000000,156.000000000,2.000000000,0.052099425,0.000000000,0.000000000
CA-C01-003-A0079,CA-C01-003,DS01,cerro_azul,CAMPAIGN_01,156.000000000,158.000000000,2.000000000,0.050762181,0.000000000,0.000000000
CA-C01-003-A0080,CA-C01-003,DS01,cerro_azul,CAMPAIGN_01,158.000000000,160.000000000,2.000000000,0.060959834,0.000000000,0.000000000
CA-C01-003-A0081,CA-C01-003,DS01,cerro_azul,CAMPAIGN_01,160.000000000,162.000000000,2.000000000,0.058380396,0.000000000,0.000000000
CA-C01-003-A0082,CA-C01-003,DS01,cerro_azul,CAMPAIGN_01,162.000000000,164.000000000,2.000000000,0.052560270,0.000000000,0.000000000
CA-C01-003-A0083,CA-C01-003,DS01,cerro_azul,CAMPAIGN_01,164.000000000,166.000000000,2.000000000,0.056618743,0.000000000,0.000000000
CA-C01-003-A0084,CA-C01-003,DS01,cerro_azul,CAMPAIGN_01,166.000000000,168.000000000,2.000000000,0.061246422,0.000000000,0.000000000
CA-C01-003-A0085,CA-C01-003,DS01,cerro_azul,CAMPAIGN_01,168.000000000,170.000000000,2.000000000,0.057220517,0.000000000,0.000000000
CA-C01-003-A0086,CA-C01-003,DS01,cerro_azul,CAMPAIGN_01,170.000000000,172.000000000,2.000000000,0.059804845,0.000000000,0.000000000
CA-C01-003-A0087,CA-C01-003,DS01,cerro_azul,CAMPAIGN_01,172.000000000,174.000000000,2.000000000,0.058518582,0.000000000,0.000000000
CA-C01-003-A0088,CA-C01-003,DS01,cerro_azul,CAMPAIGN_01,174.000000000,176.000000000,2.000000000,0.056551658,0.000000000,0.000000000
CA-C01-003-A0089,CA-C01-003,DS01,cerro_azul,CAMPAIGN_01,176.000000000,178.000000000,2.000000000,0.060781973,0.000000000,0.000000000
CA-C01-003-A0090,CA-C01-003,DS01,cerro_azul,CAMPAIGN_01,178.000000000,180.000000000,2.000000000,0.060642438,0.000000000,0.000000000
CA-C01-003-A0091,CA-C01-003,DS01,cerro_azul,CAMPAIGN_01,180.000000000,182.000000000,2.000000000,0.061330020,0.000000000,0.000000000
CA-C01-003-A0092,CA-C01-003,DS01,cerro_azul,CAMPAIGN_01,182.000000000,184.000000000,2.000000000,0.054947959,0.000000000,0.000000000
CA-C01-003-A0093,CA-C01-003,DS01,cerro_azul,CAMPAIGN_01,184.000000000,186.000000000,2.000000000,0.062217593,0.000000000,0.000000000
CA-C01-003-A0094,CA-C01-003,DS01,cerro_azul,CAMPAIGN_01,186.000000000,188.000000000,2.000000000,0.063230567,0.000000000,0.000000000
CA-C01-003-A0095,CA-C01-003,DS01,cerro_azul,CAMPAIGN_01,188.000000000,190.000000000,2.000000000,0.065674010,0.000000000,0.000000000
CA-C01-003-A0096,CA-C01-003,DS01,cerro_azul,CAMPAIGN_01,190.000000000,192.000000000,2.000000000,0.062229367,0.000000000,0.000000000
CA-C01-003-A0097,CA-C01-003,DS01,cerro_azul,CAMPAIGN_01,192.000000000,194.000000000,2.000000000,0.066717782,0.000000000,0.000000000
CA-C01-003-A0098,CA-C01-003,DS01,cerro_azul,CAMPAIGN_01,194.000000000,196.000000000,2.000000000,0.063735399,0.000000000,0.000000000
CA-C01-003-A0099,CA-C01-003,DS01,cerro_azul,CAMPAIGN_01,196.000000000,198.000000000,2.000000000,0.066750507,0.000000000,0.000000000
CA-C01-003-A0100,CA-C01-003,DS01,cerro_azul,CAMPAIGN_01,198.000000000,200.000000000,2.000000000,0.067411487,0.000000000,0.000000000
CA-C01-003-A0101,CA-C01-003,DS01,cerro_azul,CAMPAIGN_01,200.000000000,202.000000000,2.000000000,0.066825301,0.000000000,0.000000000
CA-C01-003-A0102,CA-C01-003,DS01,cerro_azul,CAMPAIGN_01,202.000000000,204.000000000,2.000000000,0.070100606,0.000000000,0.000000000
CA-C01-003-A0103,CA-C01-003,DS01,cerro_azul,CAMPAIGN_01,204.000000000,206.000000000,2.000000000,0.066162846,0.000000000,0.000000000
CA-C01-003-A0104,CA-C01-003,DS01,cerro_azul,CAMPAIGN_01,206.000000000,208.000000000,2.000000000,0.066770425,0.000000000,0.000000000
CA-C01-003-A0105,CA-C01-003,DS01,cerro_azul,CAMPAIGN_01,208.000000000,210.000000000,2.000000000,0.064175992,0.000000000,0.000000000
CA-C01-003-A0106,CA-C01-003,DS01,cerro_azul,CAMPAIGN_01,210.000000000,212.000000000,2.000000000,0.071449072,0.000000000,0.000000000
CA-C01-003-A0107,CA-C01-003,DS01,cerro_azul,CAMPAIGN_01,212.000000000,214.000000000,2.000000000,0.065216924,0.000000000,0.000000000
CA-C01-003-A0108,CA-C01-003,DS01,cerro_azul,CAMPAIGN_01,214.000000000,216.000000000,2.000000000,0.074141273,0.000000000,0.000000000
CA-C01-003-A0109,CA-C01-003,DS01,cerro_azul,CAMPAIGN_01,216.000000000,218.000000000,2.000000000,0.068445012,0.000000000,0.000000000
CA-C01-003-A0110,CA-C01-003,DS01,cerro_azul,CAMPAIGN_01,218.000000000,220.000000000,2.000000000,0.064244264,0.000000000,0.000000000
CA-C01-003-A0111,CA-C01-003,DS01,cerro_azul,CAMPAIGN_01,220.000000000,222.000000000,2.000000000,0.067270247,0.000000000,0.000000000
CA-C01-003-A0112,CA-C01-003,DS01,cerro_azul,CAMPAIGN_01,222.000000000,224.000000000,2.000000000,0.068798566,0.000000000,0.000000000
CA-C01-003-A0113,CA-C01-003,DS01,cerro_azul,CAMPAIGN_01,224.000000000,226.000000000,2.000000000,0.067533865,0.000000000,0.000000000
CA-C01-003-A0114,CA-C01-003,DS01,cerro_azul,CAMPAIGN_01,226.000000000,228.000000000,2.000000000,0.066688932,0.000000000,0.000000000
CA-C01-003-A0115,CA-C01-003,DS01,cerro_azul,CAMPAIGN_01,228.000000000,230.000000000,2.000000000,0.069180784,0.000000000,0.000000000
CA-C01-003-A0116,CA-C01-003,DS01,cerro_azul,CAMPAIGN_01,230.000000000,232.000000000,2.000000000,0.070636898,0.000000000,0.000000000
CA-C01-003-A0117,CA-C01-003,DS01,cerro_azul,CAMPAIGN_01,232.000000000,234.000000000,2.000000000,0.069525892,0.000000000,0.000000000
CA-C01-003-A0118,CA-C01-003,DS01,cerro_azul,CAMPAIGN_01,234.000000000,236.000000000,2.000000000,0.069041028,0.000000000,0.000000000
CA-C01-003-A0119,CA-C01-003,DS01,cerro_azul,CAMPAIGN_01,236.000000000,238.000000000,2.000000000,0.070990197,0.000000000,0.000000000
CA-C01-003-A0120,CA-C01-003,DS01,cerro_azul,CAMPAIGN_01,238.000000000,240.000000000,2.000000000,0.065356287,0.000000000,0.000000000
CA-C01-003-A0121,CA-C01-003,DS01,cerro_azul,CAMPAIGN_01,240.000000000,242.000000000,2.000000000,0.068311598,0.000000000,0.000000000
CA-C01-003-A0122,CA-C01-003,DS01,cerro_azul,CAMPAIGN_01,242.000000000,244.000000000,2.000000000,0.068569959,0.000000000,0.000000000
CA-C01-003-A0123,CA-C01-003,DS01,cerro_azul,CAMPAIGN_01,244.000000000,246.000000000,2.000000000,0.068062518,0.000000000,0.000000000
CA-C01-003-A0124,CA-C01-003,DS01,cerro_azul,CAMPAIGN_01,246.000000000,248.000000000,2.000000000,0.067608711,0.000000000,0.000000000
CA-C01-003-A0125,CA-C01-003,DS01,cerro_azul,CAMPAIGN_01,248.000000000,250.000000000,2.000000000,0.069694830,0.000000000,0.000000000
CA-C01-003-A0126,CA-C01-003,DS01,cerro_azul,CAMPAIGN_01,250.000000000,252.000000000,2.000000000,0.071960204,0.000000000,0.000000000
CA-C01-003-A0127,CA-C01-003,DS01,cerro_azul,CAMPAIGN_01,252.000000000,254.000000000,2.000000000,0.071886737,0.000000000,0.000000000
CA-C01-003-A0128,CA-C01-003,DS01,cerro_azul,CAMPAIGN_01,254.000000000,256.000000000,2.000000000,0.073718943,0.000000000,0.000000000
CA-C01-003-A0129,CA-C01-003,DS01,cerro_azul,CAMPAIGN_01,256.000000000,258.000000000,2.000000000,0.072553649,0.000000000,0.000000000
CA-C01-003-A0130,CA-C01-003,DS01,cerro_azul,CAMPAIGN_01,258.000000000,260.000000000,2.000000000,0.071648761,0.000000000,0.000000000
CA-C01-003-A0131,CA-C01-003,DS01,cerro_azul,CAMPAIGN_01,260.000000000,262.000000000,2.000000000,0.070927211,0.000000000,0.000000000
CA-C01-003-A0132,CA-C01-003,DS01,cerro_azul,CAMPAIGN_01,262.000000000,264.000000000,2.000000000,0.072861825,0.000000000,0.000000000
CA-C01-003-A0133,CA-C01-003,DS01,cerro_azul,CAMPAIGN_01,264.000000000,265.142124442,1.142124442,0.071075628,0.000000000,0.000000000
CA-C01-004-A0001,CA-C01-004,DS01,cerro_azul,CAMPAIGN_01,0.000000000,2.000000000,2.000000000,0.025463139,0.000000000,0.000000000
CA-C01-004-A0002,CA-C01-004,DS01,cerro_azul,CAMPAIGN_01,2.000000000,4.000000000,2.000000000,0.024059398,0.000000000,0.000000000
CA-C01-004-A0003,CA-C01-004,DS01,cerro_azul,CAMPAIGN_01,4.000000000,6.000000000,2.000000000,0.028308379,0.000000000,0.000000000
CA-C01-004-A0004,CA-C01-004,DS01,cerro_azul,CAMPAIGN_01,6.000000000,8.000000000,2.000000000,0.022450592,0.000000000,0.000000000
CA-C01-004-A0005,CA-C01-004,DS01,cerro_azul,CAMPAIGN_01,8.000000000,10.000000000,2.000000000,0.024504671,0.000000000,0.000000000
CA-C01-004-A0006,CA-C01-004,DS01,cerro_azul,CAMPAIGN_01,10.000000000,12.000000000,2.000000000,0.025493064,0.000000000,0.000000000
CA-C01-004-A0007,CA-C01-004,DS01,cerro_azul,CAMPAIGN_01,12.000000000,14.000000000,2.000000000,0.024229805,0.000000000,0.000000000
CA-C01-004-A0008,CA-C01-004,DS01,cerro_azul,CAMPAIGN_01,14.000000000,16.000000000,2.000000000,0.024236326,0.000000000,0.000000000
CA-C01-004-A0009,CA-C01-004,DS01,cerro_azul,CAMPAIGN_01,16.000000000,18.000000000,2.000000000,0.025602169,0.000000000,0.000000000
CA-C01-004-A0010,CA-C01-004,DS01,cerro_azul,CAMPAIGN_01,18.000000000,20.000000000,2.000000000,0.025035231,0.000000000,0.000000000
CA-C01-004-A0011,CA-C01-004,DS01,cerro_azul,CAMPAIGN_01,20.000000000,22.000000000,2.000000000,0.025502766,0.000000000,0.000000000
CA-C01-004-A0012,CA-C01-004,DS01,cerro_azul,CAMPAIGN_01,22.000000000,24.000000000,2.000000000,0.022255108,0.000000000,0.000000000
CA-C01-004-A0013,CA-C01-004,DS01,cerro_azul,CAMPAIGN_01,24.000000000,26.000000000,2.000000000,0.025363749,0.000000000,0.000000000
CA-C01-004-A0014,CA-C01-004,DS01,cerro_azul,CAMPAIGN_01,26.000000000,28.000000000,2.000000000,0.021687719,0.000000000,0.000000000
CA-C01-004-A0015,CA-C01-004,DS01,cerro_azul,CAMPAIGN_01,28.000000000,30.000000000,2.000000000,0.022485815,0.000000000,0.000000000
CA-C01-004-A0016,CA-C01-004,DS01,cerro_azul,CAMPAIGN_01,30.000000000,32.000000000,2.000000000,0.026835061,0.000000000,0.000000000
CA-C01-004-A0017,CA-C01-004,DS01,cerro_azul,CAMPAIGN_01,32.000000000,34.000000000,2.000000000,0.024804523,0.000000000,0.000000000
CA-C01-004-A0018,CA-C01-004,DS01,cerro_azul,CAMPAIGN_01,34.000000000,36.000000000,2.000000000,0.026664562,0.000000000,0.000000000
CA-C01-004-A0019,CA-C01-004,DS01,cerro_azul,CAMPAIGN_01,36.000000000,38.000000000,2.000000000,0.026462056,0.000000000,0.000000000
CA-C01-004-A0020,CA-C01-004,DS01,cerro_azul,CAMPAIGN_01,38.000000000,40.000000000,2.000000000,0.026648825,0.000000000,0.000000000
CA-C01-004-A0021,CA-C01-004,DS01,cerro_azul,CAMPAIGN_01,40.000000000,42.000000000,2.000000000,0.022724969,0.000000000,0.000000000
CA-C01-004-A0022,CA-C01-004,DS01,cerro_azul,CAMPAIGN_01,42.000000000,44.000000000,2.000000000,0.023092325,0.000000000,0.000000000
CA-C01-004-A0023,CA-C01-004,DS01,cerro_azul,CAMPAIGN_01,44.000000000,46.000000000,2.000000000,0.025364658,0.000000000,0.000000000
CA-C01-004-A0024,CA-C01-004,DS01,cerro_azul,CAMPAIGN_01,46.000000000,48.000000000,2.000000000,0.021287500,0.000000000,0.000000000
CA-C01-004-A0025,CA-C01-004,DS01,cerro_azul,CAMPAIGN_01,48.000000000,50.000000000,2.000000000,0.028072540,0.000000000,0.000000000
CA-C01-004-A0026,CA-C01-004,DS01,cerro_azul,CAMPAIGN_01,50.000000000,52.000000000,2.000000000,0.026654669,0.000000000,0.000000000
CA-C01-004-A0027,CA-C01-004,DS01,cerro_azul,CAMPAIGN_01,52.000000000,54.000000000,2.000000000,0.025701410,0.000000000,0.000000000
CA-C01-004-A0028,CA-C01-004,DS01,cerro_azul,CAMPAIGN_01,54.000000000,56.000000000,2.000000000,0.023840924,0.000000000,0.000000000
CA-C01-004-A0029,CA-C01-004,DS01,cerro_azul,CAMPAIGN_01,56.000000000,58.000000000,2.000000000,0.024681450,0.000000000,0.000000000
CA-C01-004-A0030,CA-C01-004,DS01,cerro_azul,CAMPAIGN_01,58.000000000,60.000000000,2.000000000,0.027112230,0.000000000,0.000000000
CA-C01-004-A0031,CA-C01-004,DS01,cerro_azul,CAMPAIGN_01,60.000000000,62.000000000,2.000000000,0.025194852,0.000000000,0.000000000
CA-C01-004-A0032,CA-C01-004,DS01,cerro_azul,CAMPAIGN_01,62.000000000,64.000000000,2.000000000,0.025224900,0.000000000,0.000000000
CA-C01-004-A0033,CA-C01-004,DS01,cerro_azul,CAMPAIGN_01,64.000000000,66.000000000,2.000000000,0.024284996,0.000000000,0.000000000
CA-C01-004-A0034,CA-C01-004,DS01,cerro_azul,CAMPAIGN_01,66.000000000,68.000000000,2.000000000,0.025232911,0.000000000,0.000000000
CA-C01-004-A0035,CA-C01-004,DS01,cerro_azul,CAMPAIGN_01,68.000000000,70.000000000,2.000000000,0.025347811,0.000000000,0.000000000
CA-C01-004-A0036,CA-C01-004,DS01,cerro_azul,CAMPAIGN_01,70.000000000,72.000000000,2.000000000,0.023579420,0.000000000,0.000000000
CA-C01-004-A0037,CA-C01-004,DS01,cerro_azul,CAMPAIGN_01,72.000000000,74.000000000,2.000000000,0.030597632,0.000000000,0.000000000
CA-C01-004-A0038,CA-C01-004,DS01,cerro_azul,CAMPAIGN_01,74.000000000,76.000000000,2.000000000,0.024233105,0.000000000,0.000000000
CA-C01-004-A0039,CA-C01-004,DS01,cerro_azul,CAMPAIGN_01,76.000000000,78.000000000,2.000000000,0.023379653,0.000000000,0.000000000
CA-C01-004-A0040,CA-C01-004,DS01,cerro_azul,CAMPAIGN_01,78.000000000,80.000000000,2.000000000,0.023796047,0.000000000,0.000000000
CA-C01-004-A0041,CA-C01-004,DS01,cerro_azul,CAMPAIGN_01,80.000000000,82.000000000,2.000000000,0.025340524,0.000000000,0.000000000
CA-C01-004-A0042,CA-C01-004,DS01,cerro_azul,CAMPAIGN_01,82.000000000,84.000000000,2.000000000,0.026391226,0.000000000,0.000000000
CA-C01-004-A0043,CA-C01-004,DS01,cerro_azul,CAMPAIGN_01,84.000000000,86.000000000,2.000000000,0.027324045,0.000000000,0.000000000
CA-C01-004-A0044,CA-C01-004,DS01,cerro_azul,CAMPAIGN_01,86.000000000,88.000000000,2.000000000,0.026167584,0.000000000,0.000000000
CA-C01-004-A0045,CA-C01-004,DS01,cerro_azul,CAMPAIGN_01,88.000000000,90.000000000,2.000000000,0.028646620,0.000000000,0.000000000
CA-C01-004-A0046,CA-C01-004,DS01,cerro_azul,CAMPAIGN_01,90.000000000,92.000000000,2.000000000,0.024279430,0.000000000,0.000000000
CA-C01-004-A0047,CA-C01-004,DS01,cerro_azul,CAMPAIGN_01,92.000000000,94.000000000,2.000000000,0.026105487,0.000000000,0.000000000
CA-C01-004-A0048,CA-C01-004,DS01,cerro_azul,CAMPAIGN_01,94.000000000,96.000000000,2.000000000,0.025620346,0.000000000,0.000000000
CA-C01-004-A0049,CA-C01-004,DS01,cerro_azul,CAMPAIGN_01,96.000000000,98.000000000,2.000000000,0.022611686,0.000000000,0.000000000
CA-C01-004-A0050,CA-C01-004,DS01,cerro_azul,CAMPAIGN_01,98.000000000,100.000000000,2.000000000,0.027802050,0.000000000,0.000000000
CA-C01-004-A0051,CA-C01-004,DS01,cerro_azul,CAMPAIGN_01,100.000000000,102.000000000,2.000000000,0.026148948,0.000000000,0.000000000
CA-C01-004-A0052,CA-C01-004,DS01,cerro_azul,CAMPAIGN_01,102.000000000,104.000000000,2.000000000,0.024452188,0.000000000,0.000000000
CA-C01-004-A0053,CA-C01-004,DS01,cerro_azul,CAMPAIGN_01,104.000000000,106.000000000,2.000000000,0.025563034,0.000000000,0.000000000
CA-C01-004-A0054,CA-C01-004,DS01,cerro_azul,CAMPAIGN_01,106.000000000,108.000000000,2.000000000,0.027908769,0.000000000,0.000000000
CA-C01-004-A0055,CA-C01-004,DS01,cerro_azul,CAMPAIGN_01,108.000000000,110.000000000,2.000000000,0.026925331,0.000000000,0.000000000
CA-C01-004-A0056,CA-C01-004,DS01,cerro_azul,CAMPAIGN_01,110.000000000,112.000000000,2.000000000,0.025228607,0.000000000,0.000000000
CA-C01-004-A0057,CA-C01-004,DS01,cerro_azul,CAMPAIGN_01,112.000000000,114.000000000,2.000000000,0.024595461,0.000000000,0.000000000
CA-C01-004-A0058,CA-C01-004,DS01,cerro_azul,CAMPAIGN_01,114.000000000,116.000000000,2.000000000,0.024448125,0.000000000,0.000000000
CA-C01-004-A0059,CA-C01-004,DS01,cerro_azul,CAMPAIGN_01,116.000000000,118.000000000,2.000000000,0.024536856,0.000000000,0.000000000
CA-C01-004-A0060,CA-C01-004,DS01,cerro_azul,CAMPAIGN_01,118.000000000,120.000000000,2.000000000,0.024309659,0.000000000,0.000000000
CA-C01-004-A0061,CA-C01-004,DS01,cerro_azul,CAMPAIGN_01,120.000000000,122.000000000,2.000000000,0.030446318,0.000000000,0.000000000
CA-C01-004-A0062,CA-C01-004,DS01,cerro_azul,CAMPAIGN_01,122.000000000,124.000000000,2.000000000,0.027864101,0.000000000,0.000000000
CA-C01-004-A0063,CA-C01-004,DS01,cerro_azul,CAMPAIGN_01,124.000000000,126.000000000,2.000000000,0.027725442,0.000000000,0.000000000
CA-C01-004-A0064,CA-C01-004,DS01,cerro_azul,CAMPAIGN_01,126.000000000,128.000000000,2.000000000,0.025958681,0.000000000,0.000000000
CA-C01-004-A0065,CA-C01-004,DS01,cerro_azul,CAMPAIGN_01,128.000000000,130.000000000,2.000000000,0.024058661,0.000000000,0.000000000
CA-C01-004-A0066,CA-C01-004,DS01,cerro_azul,CAMPAIGN_01,130.000000000,132.000000000,2.000000000,0.024786623,0.000000000,0.000000000
CA-C01-004-A0067,CA-C01-004,DS01,cerro_azul,CAMPAIGN_01,132.000000000,134.000000000,2.000000000,0.021744733,0.000000000,0.000000000
CA-C01-004-A0068,CA-C01-004,DS01,cerro_azul,CAMPAIGN_01,134.000000000,136.000000000,2.000000000,0.026805012,0.000000000,0.000000000
CA-C01-004-A0069,CA-C01-004,DS01,cerro_azul,CAMPAIGN_01,136.000000000,138.000000000,2.000000000,0.025996994,0.000000000,0.000000000
CA-C01-004-A0070,CA-C01-004,DS01,cerro_azul,CAMPAIGN_01,138.000000000,140.000000000,2.000000000,0.025134665,0.000000000,0.000000000
CA-C01-004-A0071,CA-C01-004,DS01,cerro_azul,CAMPAIGN_01,140.000000000,142.000000000,2.000000000,0.023683151,0.000000000,0.000000000
CA-C01-004-A0072,CA-C01-004,DS01,cerro_azul,CAMPAIGN_01,142.000000000,144.000000000,2.000000000,0.025490273,0.000000000,0.000000000
CA-C01-004-A0073,CA-C01-004,DS01,cerro_azul,CAMPAIGN_01,144.000000000,146.000000000,2.000000000,0.028404724,0.000000000,0.000000000
CA-C01-004-A0074,CA-C01-004,DS01,cerro_azul,CAMPAIGN_01,146.000000000,148.000000000,2.000000000,0.025473525,0.000000000,0.000000000
CA-C01-004-A0075,CA-C01-004,DS01,cerro_azul,CAMPAIGN_01,148.000000000,150.000000000,2.000000000,0.027783859,0.000000000,0.000000000
CA-C01-004-A0076,CA-C01-004,DS01,cerro_azul,CAMPAIGN_01,150.000000000,152.000000000,2.000000000,0.027592985,0.000000000,0.000000000
CA-C01-004-A0077,CA-C01-004,DS01,cerro_azul,CAMPAIGN_01,152.000000000,154.000000000,2.000000000,0.025281640,0.000000000,0.000000000
CA-C01-004-A0078,CA-C01-004,DS01,cerro_azul,CAMPAIGN_01,154.000000000,156.000000000,2.000000000,0.026466955,0.000000000,0.000000000
CA-C01-004-A0079,CA-C01-004,DS01,cerro_azul,CAMPAIGN_01,156.000000000,158.000000000,2.000000000,0.023338406,0.000000000,0.000000000
CA-C01-004-A0080,CA-C01-004,DS01,cerro_azul,CAMPAIGN_01,158.000000000,160.000000000,2.000000000,0.027588466,0.000000000,0.000000000
CA-C01-004-A0081,CA-C01-004,DS01,cerro_azul,CAMPAIGN_01,160.000000000,162.000000000,2.000000000,0.026782287,0.000000000,0.000000000
CA-C01-004-A0082,CA-C01-004,DS01,cerro_azul,CAMPAIGN_01,162.000000000,164.000000000,2.000000000,0.027735746,0.000000000,0.000000000
CA-C01-004-A0083,CA-C01-004,DS01,cerro_azul,CAMPAIGN_01,164.000000000,166.000000000,2.000000000,0.026201714,0.000000000,0.000000000
CA-C01-004-A0084,CA-C01-004,DS01,cerro_azul,CAMPAIGN_01,166.000000000,168.000000000,2.000000000,0.025478540,0.000000000,0.000000000
CA-C01-004-A0085,CA-C01-004,DS01,cerro_azul,CAMPAIGN_01,168.000000000,170.000000000,2.000000000,0.025109931,0.000000000,0.000000000
CA-C01-004-A0086,CA-C01-004,DS01,cerro_azul,CAMPAIGN_01,170.000000000,172.000000000,2.000000000,0.026210630,0.000000000,0.000000000
CA-C01-004-A0087,CA-C01-004,DS01,cerro_azul,CAMPAIGN_01,172.000000000,174.000000000,2.000000000,0.026033872,0.000000000,0.000000000
CA-C01-004-A0088,CA-C01-004,DS01,cerro_azul,CAMPAIGN_01,174.000000000,176.000000000,2.000000000,0.025683031,0.000000000,0.000000000
CA-C01-004-A0089,CA-C01-004,DS01,cerro_azul,CAMPAIGN_01,176.000000000,178.000000000,2.000000000,0.028149251,0.000000000,0.000000000
CA-C01-004-A0090,CA-C01-004,DS01,cerro_azul,CAMPAIGN_01,178.000000000,180.000000000,2.000000000,0.026365590,0.000000000,0.000000000
CA-C01-004-A0091,CA-C01-004,DS01,cerro_azul,CAMPAIGN_01,180.000000000,182.000000000,2.000000000,0.025929645,0.000000000,0.000000000
CA-C01-004-A0092,CA-C01-004,DS01,cerro_azul,CAMPAIGN_01,182.000000000,184.000000000,2.000000000,0.026937974,0.000000000,0.000000000
CA-C01-004-A0093,CA-C01-004,DS01,cerro_azul,CAMPAIGN_01,184.000000000,186.000000000,2.000000000,0.028380600,0.000000000,0.000000000
CA-C01-004-A0094,CA-C01-004,DS01,cerro_azul,CAMPAIGN_01,186.000000000,188.000000000,2.000000000,0.025564608,0.000000000,0.000000000
CA-C01-004-A0095,CA-C01-004,DS01,cerro_azul,CAMPAIGN_01,188.000000000,190.000000000,2.000000000,0.024656448,0.000000000,0.000000000
CA-C01-004-A0096,CA-C01-004,DS01,cerro_azul,CAMPAIGN_01,190.000000000,192.000000000,2.000000000,0.027690550,0.000000000,0.000000000
CA-C01-004-A0097,CA-C01-004,DS01,cerro_azul,CAMPAIGN_01,192.000000000,194.000000000,2.000000000,0.030430082,0.000000000,0.000000000
CA-C01-004-A0098,CA-C01-004,DS01,cerro_azul,CAMPAIGN_01,194.000000000,196.000000000,2.000000000,0.027921176,0.000000000,0.000000000
CA-C01-004-A0099,CA-C01-004,DS01,cerro_azul,CAMPAIGN_01,196.000000000,198.000000000,2.000000000,0.026285541,0.000000000,0.000000000
CA-C01-004-A0100,CA-C01-004,DS01,cerro_azul,CAMPAIGN_01,198.000000000,200.000000000,2.000000000,0.026602625,0.000000000,0.000000000
CA-C01-004-A0101,CA-C01-004,DS01,cerro_azul,CAMPAIGN_01,200.000000000,202.000000000,2.000000000,0.029438938,0.000000000,0.000000000
CA-C01-004-A0102,CA-C01-004,DS01,cerro_azul,CAMPAIGN_01,202.000000000,204.000000000,2.000000000,0.027520751,0.000000000,0.000000000
CA-C01-004-A0103,CA-C01-004,DS01,cerro_azul,CAMPAIGN_01,204.000000000,206.000000000,2.000000000,0.027903092,0.000000000,0.000000000
CA-C01-004-A0104,CA-C01-004,DS01,cerro_azul,CAMPAIGN_01,206.000000000,208.000000000,2.000000000,0.025639902,0.000000000,0.000000000
CA-C01-004-A0105,CA-C01-004,DS01,cerro_azul,CAMPAIGN_01,208.000000000,210.000000000,2.000000000,0.029983075,0.000000000,0.000000000
CA-C01-004-A0106,CA-C01-004,DS01,cerro_azul,CAMPAIGN_01,210.000000000,212.000000000,2.000000000,0.027044928,0.000000000,0.000000000
CA-C01-004-A0107,CA-C01-004,DS01,cerro_azul,CAMPAIGN_01,212.000000000,214.000000000,2.000000000,0.025542219,0.000000000,0.000000000
CA-C01-004-A0108,CA-C01-004,DS01,cerro_azul,CAMPAIGN_01,214.000000000,216.000000000,2.000000000,0.024440967,0.000000000,0.000000000
CA-C01-004-A0109,CA-C01-004,DS01,cerro_azul,CAMPAIGN_01,216.000000000,218.000000000,2.000000000,0.028354927,0.000000000,0.000000000
CA-C01-004-A0110,CA-C01-004,DS01,cerro_azul,CAMPAIGN_01,218.000000000,220.000000000,2.000000000,0.027043468,0.000000000,0.000000000
CA-C01-004-A0111,CA-C01-004,DS01,cerro_azul,CAMPAIGN_01,220.000000000,222.000000000,2.000000000,0.024585137,0.000000000,0.000000000
CA-C01-004-A0112,CA-C01-004,DS01,cerro_azul,CAMPAIGN_01,222.000000000,224.000000000,2.000000000,0.027594620,0.000000000,0.000000000
CA-C01-004-A0113,CA-C01-004,DS01,cerro_azul,CAMPAIGN_01,224.000000000,226.000000000,2.000000000,0.029105406,0.000000000,0.000000000
CA-C01-004-A0114,CA-C01-004,DS01,cerro_azul,CAMPAIGN_01,226.000000000,228.000000000,2.000000000,0.025087773,0.000000000,0.000000000
CA-C01-004-A0115,CA-C01-004,DS01,cerro_azul,CAMPAIGN_01,228.000000000,230.000000000,2.000000000,0.028841880,0.000000000,0.000000000
CA-C01-004-A0116,CA-C01-004,DS01,cerro_azul,CAMPAIGN_01,230.000000000,232.000000000,2.000000000,0.028777975,0.000000000,0.000000000
CA-C01-004-A0117,CA-C01-004,DS01,cerro_azul,CAMPAIGN_01,232.000000000,234.000000000,2.000000000,0.031471658,0.000000000,0.000000000
CA-C01-004-A0118,CA-C01-004,DS01,cerro_azul,CAMPAIGN_01,234.000000000,236.000000000,2.000000000,0.025900082,0.000000000,0.000000000
CA-C01-004-A0119,CA-C01-004,DS01,cerro_azul,CAMPAIGN_01,236.000000000,238.000000000,2.000000000,0.029833972,0.000000000,0.000000000
CA-C01-004-A0120,CA-C01-004,DS01,cerro_azul,CAMPAIGN_01,238.000000000,240.000000000,2.000000000,0.028993226,0.000000000,0.000000000
CA-C01-004-A0121,CA-C01-004,DS01,cerro_azul,CAMPAIGN_01,240.000000000,242.000000000,2.000000000,0.026359931,0.000000000,0.000000000
CA-C01-004-A0122,CA-C01-004,DS01,cerro_azul,CAMPAIGN_01,242.000000000,244.000000000,2.000000000,0.025257224,0.000000000,0.000000000
CA-C01-004-A0123,CA-C01-004,DS01,cerro_azul,CAMPAIGN_01,244.000000000,246.000000000,2.000000000,0.029122795,0.000000000,0.000000000
CA-C01-004-A0124,CA-C01-004,DS01,cerro_azul,CAMPAIGN_01,246.000000000,248.000000000,2.000000000,0.029162026,0.000000000,0.000000000
CA-C01-004-A0125,CA-C01-004,DS01,cerro_azul,CAMPAIGN_01,248.000000000,250.000000000,2.000000000,0.028148371,0.000000000,0.000000000
CA-C01-004-A0126,CA-C01-004,DS01,cerro_azul,CAMPAIGN_01,250.000000000,252.000000000,2.000000000,0.027914781,0.000000000,0.000000000
CA-C01-004-A0127,CA-C01-004,DS01,cerro_azul,CAMPAIGN_01,252.000000000,254.000000000,2.000000000,0.025875394,0.000000000,0.000000000
CA-C01-004-A0128,CA-C01-004,DS01,cerro_azul,CAMPAIGN_01,254.000000000,256.000000000,2.000000000,0.029944544,0.000000000,0.000000000
CA-C01-004-A0129,CA-C01-004,DS01,cerro_azul,CAMPAIGN_01,256.000000000,258.000000000,2.000000000,0.026431634,0.000000000,0.000000000
CA-C01-004-A0130,CA-C01-004,DS01,cerro_azul,CAMPAIGN_01,258.000000000,260.000000000,2.000000000,0.029038789,0.000000000,0.000000000
CA-C01-004-A0131,CA-C01-004,DS01,cerro_azul,CAMPAIGN_01,260.000000000,262.000000000,2.000000000,0.030894863,0.000000000,0.000000000
CA-C01-004-A0132,CA-C01-004,DS01,cerro_azul,CAMPAIGN_01,262.000000000,264.000000000,2.000000000,0.027005509,0.000000000,0.000000000
CA-C01-004-A0133,CA-C01-004,DS01,cerro_azul,CAMPAIGN_01,264.000000000,266.000000000,2.000000000,0.028425825,0.000000000,0.000000000
CA-C01-004-A0134,CA-C01-004,DS01,cerro_azul,CAMPAIGN_01,266.000000000,268.000000000,2.000000000,0.029209173,0.000000000,0.000000000
CA-C01-004-A0135,CA-C01-004,DS01,cerro_azul,CAMPAIGN_01,268.000000000,270.000000000,2.000000000,0.026633843,0.000000000,0.000000000
CA-C01-004-A0136,CA-C01-004,DS01,cerro_azul,CAMPAIGN_01,270.000000000,272.000000000,2.000000000,0.027108788,0.000000000,0.000000000
CA-C01-004-A0137,CA-C01-004,DS01,cerro_azul,CAMPAIGN_01,272.000000000,274.000000000,2.000000000,0.022890761,0.000000000,0.000000000
CA-C01-004-A0138,CA-C01-004,DS01,cerro_azul,CAMPAIGN_01,274.000000000,276.000000000,2.000000000,0.024829922,0.000000000,0.000000000
CA-C01-004-A0139,CA-C01-004,DS01,cerro_azul,CAMPAIGN_01,276.000000000,278.000000000,2.000000000,0.026923262,0.000000000,0.000000000
CA-C01-004-A0140,CA-C01-004,DS01,cerro_azul,CAMPAIGN_01,278.000000000,280.000000000,2.000000000,0.028546763,0.000000000,0.000000000
CA-C01-004-A0141,CA-C01-004,DS01,cerro_azul,CAMPAIGN_01,280.000000000,282.000000000,2.000000000,0.028047963,0.000000000,0.000000000
CA-C01-004-A0142,CA-C01-004,DS01,cerro_azul,CAMPAIGN_01,282.000000000,284.000000000,2.000000000,0.024224776,0.000000000,0.000000000
CA-C01-004-A0143,CA-C01-004,DS01,cerro_azul,CAMPAIGN_01,284.000000000,286.000000000,2.000000000,0.029863490,0.000000000,0.000000000
CA-C01-004-A0144,CA-C01-004,DS01,cerro_azul,CAMPAIGN_01,286.000000000,288.000000000,2.000000000,0.029881362,0.000000000,0.000000000
CA-C01-004-A0145,CA-C01-004,DS01,cerro_azul,CAMPAIGN_01,288.000000000,290.000000000,2.000000000,0.029367919,0.000000000,0.000000000
CA-C01-004-A0146,CA-C01-004,DS01,cerro_azul,CAMPAIGN_01,290.000000000,292.000000000,2.000000000,0.029073692,0.000000000,0.000000000
CA-C01-004-A0147,CA-C01-004,DS01,cerro_azul,CAMPAIGN_01,292.000000000,294.000000000,2.000000000,0.030860444,0.000000000,0.000000000
CA-C01-004-A0148,CA-C01-004,DS01,cerro_azul,CAMPAIGN_01,294.000000000,296.000000000,2.000000000,0.030757330,0.000000000,0.000000000
CA-C01-004-A0149,CA-C01-004,DS01,cerro_azul,CAMPAIGN_01,296.000000000,298.000000000,2.000000000,0.027023414,0.000000000,0.000000000
CA-C01-004-A0150,CA-C01-004,DS01,cerro_azul,CAMPAIGN_01,298.000000000,300.000000000,2.000000000,0.029262721,0.000000000,0.000000000
CA-C01-004-A0151,CA-C01-004,DS01,cerro_azul,CAMPAIGN_01,300.000000000,302.000000000,2.000000000,0.029381527,0.000000000,0.000000000
CA-C01-004-A0152,CA-C01-004,DS01,cerro_azul,CAMPAIGN_01,302.000000000,304.000000000,2.000000000,0.027742360,0.000000000,0.000000000
CA-C01-004-A0153,CA-C01-004,DS01,cerro_azul,CAMPAIGN_01,304.000000000,306.000000000,2.000000000,0.027010113,0.000000000,0.000000000
CA-C01-004-A0154,CA-C01-004,DS01,cerro_azul,CAMPAIGN_01,306.000000000,308.000000000,2.000000000,0.029981113,0.000000000,0.000000000
CA-C01-004-A0155,CA-C01-004,DS01,cerro_azul,CAMPAIGN_01,308.000000000,310.000000000,2.000000000,0.027639455,0.000000000,0.000000000
CA-C01-004-A0156,CA-C01-004,DS01,cerro_azul,CAMPAIGN_01,310.000000000,312.000000000,2.000000000,0.030488190,0.000000000,0.000000000
CA-C01-004-A0157,CA-C01-004,DS01,cerro_azul,CAMPAIGN_01,312.000000000,314.000000000,2.000000000,0.028532763,0.000000000,0.000000000
CA-C01-004-A0158,CA-C01-004,DS01,cerro_azul,CAMPAIGN_01,314.000000000,316.000000000,2.000000000,0.032639252,0.000000000,0.000000000
CA-C01-004-A0159,CA-C01-004,DS01,cerro_azul,CAMPAIGN_01,316.000000000,317.354675262,1.354675262,0.026905365,0.000000000,0.000000000
CA-C01-005-A0001,CA-C01-005,DS01,cerro_azul,CAMPAIGN_01,0.000000000,2.000000000,2.000000000,0.038022370,0.000000000,0.000000000
CA-C01-005-A0002,CA-C01-005,DS01,cerro_azul,CAMPAIGN_01,2.000000000,4.000000000,2.000000000,0.037995447,0.000000000,0.000000000
CA-C01-005-A0003,CA-C01-005,DS01,cerro_azul,CAMPAIGN_01,4.000000000,6.000000000,2.000000000,0.044330091,0.000000000,0.000000000
CA-C01-005-A0004,CA-C01-005,DS01,cerro_azul,CAMPAIGN_01,6.000000000,8.000000000,2.000000000,0.043844700,0.000000000,0.000000000
CA-C01-005-A0005,CA-C01-005,DS01,cerro_azul,CAMPAIGN_01,8.000000000,10.000000000,2.000000000,0.037347887,0.000000000,0.000000000
CA-C01-005-A0006,CA-C01-005,DS01,cerro_azul,CAMPAIGN_01,10.000000000,12.000000000,2.000000000,0.041428602,0.000000000,0.000000000
CA-C01-005-A0007,CA-C01-005,DS01,cerro_azul,CAMPAIGN_01,12.000000000,14.000000000,2.000000000,0.038390560,0.000000000,0.000000000
CA-C01-005-A0008,CA-C01-005,DS01,cerro_azul,CAMPAIGN_01,14.000000000,16.000000000,2.000000000,0.040257715,0.000000000,0.000000000
CA-C01-005-A0009,CA-C01-005,DS01,cerro_azul,CAMPAIGN_01,16.000000000,18.000000000,2.000000000,0.036645698,0.000000000,0.000000000
CA-C01-005-A0010,CA-C01-005,DS01,cerro_azul,CAMPAIGN_01,18.000000000,20.000000000,2.000000000,0.044177380,0.000000000,0.000000000
CA-C01-005-A0011,CA-C01-005,DS01,cerro_azul,CAMPAIGN_01,20.000000000,22.000000000,2.000000000,0.043440083,0.000000000,0.000000000
CA-C01-005-A0012,CA-C01-005,DS01,cerro_azul,CAMPAIGN_01,22.000000000,24.000000000,2.000000000,0.041194949,0.000000000,0.000000000
CA-C01-005-A0013,CA-C01-005,DS01,cerro_azul,CAMPAIGN_01,24.000000000,26.000000000,2.000000000,0.041526386,0.000000000,0.000000000
CA-C01-005-A0014,CA-C01-005,DS01,cerro_azul,CAMPAIGN_01,26.000000000,28.000000000,2.000000000,0.048240656,0.000000000,0.000000000
CA-C01-005-A0015,CA-C01-005,DS01,cerro_azul,CAMPAIGN_01,28.000000000,30.000000000,2.000000000,0.045712595,0.000000000,0.000000000
CA-C01-005-A0016,CA-C01-005,DS01,cerro_azul,CAMPAIGN_01,30.000000000,32.000000000,2.000000000,0.044458501,0.000000000,0.000000000
CA-C01-005-A0017,CA-C01-005,DS01,cerro_azul,CAMPAIGN_01,32.000000000,34.000000000,2.000000000,0.046842119,0.000000000,0.000000000
CA-C01-005-A0018,CA-C01-005,DS01,cerro_azul,CAMPAIGN_01,34.000000000,36.000000000,2.000000000,0.043056655,0.000000000,0.000000000
CA-C01-005-A0019,CA-C01-005,DS01,cerro_azul,CAMPAIGN_01,36.000000000,38.000000000,2.000000000,0.045357612,0.000000000,0.000000000
CA-C01-005-A0020,CA-C01-005,DS01,cerro_azul,CAMPAIGN_01,38.000000000,40.000000000,2.000000000,0.046755699,0.000000000,0.000000000
CA-C01-005-A0021,CA-C01-005,DS01,cerro_azul,CAMPAIGN_01,40.000000000,42.000000000,2.000000000,0.045838755,0.000000000,0.000000000
CA-C01-005-A0022,CA-C01-005,DS01,cerro_azul,CAMPAIGN_01,42.000000000,44.000000000,2.000000000,0.047675265,0.000000000,0.000000000
CA-C01-005-A0023,CA-C01-005,DS01,cerro_azul,CAMPAIGN_01,44.000000000,46.000000000,2.000000000,0.045205150,0.000000000,0.000000000
CA-C01-005-A0024,CA-C01-005,DS01,cerro_azul,CAMPAIGN_01,46.000000000,48.000000000,2.000000000,0.048398145,0.000000000,0.000000000
CA-C01-005-A0025,CA-C01-005,DS01,cerro_azul,CAMPAIGN_01,48.000000000,50.000000000,2.000000000,0.051586206,0.000000000,0.000000000
CA-C01-005-A0026,CA-C01-005,DS01,cerro_azul,CAMPAIGN_01,50.000000000,52.000000000,2.000000000,0.048435100,0.000000000,0.000000000
CA-C01-005-A0027,CA-C01-005,DS01,cerro_azul,CAMPAIGN_01,52.000000000,54.000000000,2.000000000,0.048019212,0.000000000,0.000000000
CA-C01-005-A0028,CA-C01-005,DS01,cerro_azul,CAMPAIGN_01,54.000000000,56.000000000,2.000000000,0.052055594,0.000000000,0.000000000
CA-C01-005-A0029,CA-C01-005,DS01,cerro_azul,CAMPAIGN_01,56.000000000,58.000000000,2.000000000,0.050885025,0.000000000,0.000000000
CA-C01-005-A0030,CA-C01-005,DS01,cerro_azul,CAMPAIGN_01,58.000000000,60.000000000,2.000000000,0.051916148,0.000000000,0.000000000
CA-C01-005-A0031,CA-C01-005,DS01,cerro_azul,CAMPAIGN_01,60.000000000,62.000000000,2.000000000,0.058055700,0.000000000,0.000000000
CA-C01-005-A0032,CA-C01-005,DS01,cerro_azul,CAMPAIGN_01,62.000000000,64.000000000,2.000000000,0.054251517,0.000000000,0.000000000
CA-C01-005-A0033,CA-C01-005,DS01,cerro_azul,CAMPAIGN_01,64.000000000,66.000000000,2.000000000,0.055957155,0.000000000,0.000000000
CA-C01-005-A0034,CA-C01-005,DS01,cerro_azul,CAMPAIGN_01,66.000000000,68.000000000,2.000000000,0.054767540,0.000000000,0.000000000
CA-C01-005-A0035,CA-C01-005,DS01,cerro_azul,CAMPAIGN_01,68.000000000,70.000000000,2.000000000,0.056434529,0.000000000,0.000000000
CA-C01-005-A0036,CA-C01-005,DS01,cerro_azul,CAMPAIGN_01,70.000000000,72.000000000,2.000000000,0.051680778,0.000000000,0.000000000
CA-C01-005-A0037,CA-C01-005,DS01,cerro_azul,CAMPAIGN_01,72.000000000,74.000000000,2.000000000,0.057002847,0.000000000,0.000000000
CA-C01-005-A0038,CA-C01-005,DS01,cerro_azul,CAMPAIGN_01,74.000000000,76.000000000,2.000000000,0.054084193,0.000000000,0.000000000
CA-C01-005-A0039,CA-C01-005,DS01,cerro_azul,CAMPAIGN_01,76.000000000,78.000000000,2.000000000,0.053118830,0.000000000,0.000000000
CA-C01-005-A0040,CA-C01-005,DS01,cerro_azul,CAMPAIGN_01,78.000000000,80.000000000,2.000000000,0.056263991,0.000000000,0.000000000
CA-C01-005-A0041,CA-C01-005,DS01,cerro_azul,CAMPAIGN_01,80.000000000,82.000000000,2.000000000,0.054433486,0.000000000,0.000000000
CA-C01-005-A0042,CA-C01-005,DS01,cerro_azul,CAMPAIGN_01,82.000000000,84.000000000,2.000000000,0.059501371,0.000000000,0.000000000
CA-C01-005-A0043,CA-C01-005,DS01,cerro_azul,CAMPAIGN_01,84.000000000,86.000000000,2.000000000,0.057656899,0.000000000,0.000000000
CA-C01-005-A0044,CA-C01-005,DS01,cerro_azul,CAMPAIGN_01,86.000000000,88.000000000,2.000000000,0.058605183,0.000000000,0.000000000
CA-C01-005-A0045,CA-C01-005,DS01,cerro_azul,CAMPAIGN_01,88.000000000,90.000000000,2.000000000,0.062123517,0.000000000,0.000000000
CA-C01-005-A0046,CA-C01-005,DS01,cerro_azul,CAMPAIGN_01,90.000000000,92.000000000,2.000000000,0.062194611,0.000000000,0.000000000
CA-C01-005-A0047,CA-C01-005,DS01,cerro_azul,CAMPAIGN_01,92.000000000,94.000000000,2.000000000,0.056971278,0.000000000,0.000000000
CA-C01-005-A0048,CA-C01-005,DS01,cerro_azul,CAMPAIGN_01,94.000000000,96.000000000,2.000000000,0.051560437,0.000000000,0.000000000
CA-C01-005-A0049,CA-C01-005,DS01,cerro_azul,CAMPAIGN_01,96.000000000,98.000000000,2.000000000,0.057482076,0.000000000,0.000000000
CA-C01-005-A0050,CA-C01-005,DS01,cerro_azul,CAMPAIGN_01,98.000000000,100.000000000,2.000000000,0.062938145,0.000000000,0.000000000
CA-C01-005-A0051,CA-C01-005,DS01,cerro_azul,CAMPAIGN_01,100.000000000,102.000000000,2.000000000,0.059871401,0.000000000,0.000000000
CA-C01-005-A0052,CA-C01-005,DS01,cerro_azul,CAMPAIGN_01,102.000000000,104.000000000,2.000000000,0.057388312,0.000000000,0.000000000
CA-C01-005-A0053,CA-C01-005,DS01,cerro_azul,CAMPAIGN_01,104.000000000,106.000000000,2.000000000,0.059866323,0.000000000,0.000000000
CA-C01-005-A0054,CA-C01-005,DS01,cerro_azul,CAMPAIGN_01,106.000000000,108.000000000,2.000000000,0.062386051,0.000000000,0.000000000
CA-C01-005-A0055,CA-C01-005,DS01,cerro_azul,CAMPAIGN_01,108.000000000,110.000000000,2.000000000,0.061202461,0.000000000,0.000000000
CA-C01-005-A0056,CA-C01-005,DS01,cerro_azul,CAMPAIGN_01,110.000000000,112.000000000,2.000000000,0.058423260,0.000000000,0.000000000
CA-C01-005-A0057,CA-C01-005,DS01,cerro_azul,CAMPAIGN_01,112.000000000,114.000000000,2.000000000,0.068515973,0.000000000,0.000000000
CA-C01-005-A0058,CA-C01-005,DS01,cerro_azul,CAMPAIGN_01,114.000000000,116.000000000,2.000000000,0.064240488,0.000000000,0.000000000
CA-C01-005-A0059,CA-C01-005,DS01,cerro_azul,CAMPAIGN_01,116.000000000,118.000000000,2.000000000,0.063097635,0.000000000,0.000000000
CA-C01-005-A0060,CA-C01-005,DS01,cerro_azul,CAMPAIGN_01,118.000000000,120.000000000,2.000000000,0.063078181,0.000000000,0.000000000
CA-C01-005-A0061,CA-C01-005,DS01,cerro_azul,CAMPAIGN_01,120.000000000,122.000000000,2.000000000,0.066867903,0.000000000,0.000000000
CA-C01-005-A0062,CA-C01-005,DS01,cerro_azul,CAMPAIGN_01,122.000000000,124.000000000,2.000000000,0.058398824,0.000000000,0.000000000
CA-C01-005-A0063,CA-C01-005,DS01,cerro_azul,CAMPAIGN_01,124.000000000,126.000000000,2.000000000,0.063769386,0.000000000,0.000000000
CA-C01-005-A0064,CA-C01-005,DS01,cerro_azul,CAMPAIGN_01,126.000000000,128.000000000,2.000000000,0.066355508,0.000000000,0.000000000
CA-C01-005-A0065,CA-C01-005,DS01,cerro_azul,CAMPAIGN_01,128.000000000,130.000000000,2.000000000,0.065371514,0.000000000,0.000000000
CA-C01-005-A0066,CA-C01-005,DS01,cerro_azul,CAMPAIGN_01,130.000000000,132.000000000,2.000000000,0.065884804,0.000000000,0.000000000
CA-C01-005-A0067,CA-C01-005,DS01,cerro_azul,CAMPAIGN_01,132.000000000,134.000000000,2.000000000,0.058344939,0.000000000,0.000000000
CA-C01-005-A0068,CA-C01-005,DS01,cerro_azul,CAMPAIGN_01,134.000000000,136.000000000,2.000000000,0.066201095,0.000000000,0.000000000
CA-C01-005-A0069,CA-C01-005,DS01,cerro_azul,CAMPAIGN_01,136.000000000,138.000000000,2.000000000,0.064184889,0.000000000,0.000000000
CA-C01-005-A0070,CA-C01-005,DS01,cerro_azul,CAMPAIGN_01,138.000000000,140.000000000,2.000000000,0.064746989,0.000000000,0.000000000
CA-C01-005-A0071,CA-C01-005,DS01,cerro_azul,CAMPAIGN_01,140.000000000,142.000000000,2.000000000,0.065225307,0.000000000,0.000000000
CA-C01-005-A0072,CA-C01-005,DS01,cerro_azul,CAMPAIGN_01,142.000000000,144.000000000,2.000000000,0.064172610,0.000000000,0.000000000
CA-C01-005-A0073,CA-C01-005,DS01,cerro_azul,CAMPAIGN_01,144.000000000,146.000000000,2.000000000,0.061778257,0.000000000,0.000000000
CA-C01-005-A0074,CA-C01-005,DS01,cerro_azul,CAMPAIGN_01,146.000000000,148.000000000,2.000000000,0.059631958,0.000000000,0.000000000
CA-C01-005-A0075,CA-C01-005,DS01,cerro_azul,CAMPAIGN_01,148.000000000,150.000000000,2.000000000,0.067765651,0.000000000,0.000000000
CA-C01-005-A0076,CA-C01-005,DS01,cerro_azul,CAMPAIGN_01,150.000000000,152.000000000,2.000000000,0.060811131,0.000000000,0.000000000
CA-C01-005-A0077,CA-C01-005,DS01,cerro_azul,CAMPAIGN_01,152.000000000,154.000000000,2.000000000,0.062477493,0.000000000,0.000000000
CA-C01-005-A0078,CA-C01-005,DS01,cerro_azul,CAMPAIGN_01,154.000000000,156.000000000,2.000000000,0.055234308,0.000000000,0.000000000
CA-C01-005-A0079,CA-C01-005,DS01,cerro_azul,CAMPAIGN_01,156.000000000,158.000000000,2.000000000,0.062461467,0.000000000,0.000000000
CA-C01-005-A0080,CA-C01-005,DS01,cerro_azul,CAMPAIGN_01,158.000000000,160.000000000,2.000000000,0.057157235,0.000000000,0.000000000
CA-C01-005-A0081,CA-C01-005,DS01,cerro_azul,CAMPAIGN_01,160.000000000,162.000000000,2.000000000,0.055197037,0.000000000,0.000000000
CA-C01-005-A0082,CA-C01-005,DS01,cerro_azul,CAMPAIGN_01,162.000000000,164.000000000,2.000000000,0.065012696,0.000000000,0.000000000
CA-C01-005-A0083,CA-C01-005,DS01,cerro_azul,CAMPAIGN_01,164.000000000,166.000000000,2.000000000,0.066053179,0.000000000,0.000000000
CA-C01-005-A0084,CA-C01-005,DS01,cerro_azul,CAMPAIGN_01,166.000000000,168.000000000,2.000000000,0.057999922,0.000000000,0.000000000
CA-C01-005-A0085,CA-C01-005,DS01,cerro_azul,CAMPAIGN_01,168.000000000,170.000000000,2.000000000,0.060999135,0.000000000,0.000000000
CA-C01-005-A0086,CA-C01-005,DS01,cerro_azul,CAMPAIGN_01,170.000000000,172.000000000,2.000000000,0.058303424,0.000000000,0.000000000
CA-C01-005-A0087,CA-C01-005,DS01,cerro_azul,CAMPAIGN_01,172.000000000,174.000000000,2.000000000,0.054900010,0.000000000,0.000000000
CA-C01-005-A0088,CA-C01-005,DS01,cerro_azul,CAMPAIGN_01,174.000000000,176.000000000,2.000000000,0.052657850,0.000000000,0.000000000
CA-C01-005-A0089,CA-C01-005,DS01,cerro_azul,CAMPAIGN_01,176.000000000,178.000000000,2.000000000,0.058581453,0.000000000,0.000000000
CA-C01-005-A0090,CA-C01-005,DS01,cerro_azul,CAMPAIGN_01,178.000000000,180.000000000,2.000000000,0.056129210,0.000000000,0.000000000
CA-C01-006-A0001,CA-C01-006,DS01,cerro_azul,CAMPAIGN_01,0.000000000,2.000000000,2.000000000,0.166186818,0.000000000,0.000000000
CA-C01-006-A0002,CA-C01-006,DS01,cerro_azul,CAMPAIGN_01,2.000000000,4.000000000,2.000000000,0.180897724,0.000000000,0.000000000
CA-C01-006-A0003,CA-C01-006,DS01,cerro_azul,CAMPAIGN_01,4.000000000,6.000000000,2.000000000,0.192008848,0.000000000,0.000000000
CA-C01-006-A0004,CA-C01-006,DS01,cerro_azul,CAMPAIGN_01,6.000000000,8.000000000,2.000000000,0.192454629,0.000000000,0.000000000
CA-C01-006-A0005,CA-C01-006,DS01,cerro_azul,CAMPAIGN_01,8.000000000,10.000000000,2.000000000,0.200398341,0.000000000,0.000000000
CA-C01-006-A0006,CA-C01-006,DS01,cerro_azul,CAMPAIGN_01,10.000000000,12.000000000,2.000000000,0.191859784,0.000000000,0.000000000
CA-C01-006-A0007,CA-C01-006,DS01,cerro_azul,CAMPAIGN_01,12.000000000,14.000000000,2.000000000,0.209901525,0.000000000,0.000000000
CA-C01-006-A0008,CA-C01-006,DS01,cerro_azul,CAMPAIGN_01,14.000000000,16.000000000,2.000000000,0.201939998,0.000000000,0.000000000
CA-C01-006-A0009,CA-C01-006,DS01,cerro_azul,CAMPAIGN_01,16.000000000,18.000000000,2.000000000,0.230721697,0.000000000,0.000000000
CA-C01-006-A0010,CA-C01-006,DS01,cerro_azul,CAMPAIGN_01,18.000000000,20.000000000,2.000000000,0.220216041,0.000000000,0.000000000
CA-C01-006-A0011,CA-C01-006,DS01,cerro_azul,CAMPAIGN_01,20.000000000,22.000000000,2.000000000,0.225377309,0.000000000,0.000000000
CA-C01-006-A0012,CA-C01-006,DS01,cerro_azul,CAMPAIGN_01,22.000000000,24.000000000,2.000000000,0.220690930,0.000000000,0.000000000
CA-C01-006-A0013,CA-C01-006,DS01,cerro_azul,CAMPAIGN_01,24.000000000,26.000000000,2.000000000,0.242061963,0.000000000,0.000000000
CA-C01-006-A0014,CA-C01-006,DS01,cerro_azul,CAMPAIGN_01,26.000000000,28.000000000,2.000000000,0.264603151,0.000000000,0.000000000
CA-C01-006-A0015,CA-C01-006,DS01,cerro_azul,CAMPAIGN_01,28.000000000,30.000000000,2.000000000,0.265475901,0.000000000,0.000000000
CA-C01-006-A0016,CA-C01-006,DS01,cerro_azul,CAMPAIGN_01,30.000000000,32.000000000,2.000000000,0.276509117,0.000000000,0.000000000
CA-C01-006-A0017,CA-C01-006,DS01,cerro_azul,CAMPAIGN_01,32.000000000,34.000000000,2.000000000,0.265123989,0.000000000,0.000000000
CA-C01-006-A0018,CA-C01-006,DS01,cerro_azul,CAMPAIGN_01,34.000000000,36.000000000,2.000000000,0.278890921,0.000000000,0.000000000
CA-C01-006-A0019,CA-C01-006,DS01,cerro_azul,CAMPAIGN_01,36.000000000,38.000000000,2.000000000,0.283848853,0.000000000,0.000000000
CA-C01-006-A0020,CA-C01-006,DS01,cerro_azul,CAMPAIGN_01,38.000000000,40.000000000,2.000000000,0.282650307,0.000000000,0.000000000
CA-C01-006-A0021,CA-C01-006,DS01,cerro_azul,CAMPAIGN_01,40.000000000,42.000000000,2.000000000,0.322846886,0.000000000,0.000000000
CA-C01-006-A0022,CA-C01-006,DS01,cerro_azul,CAMPAIGN_01,42.000000000,44.000000000,2.000000000,0.285457729,0.000000000,0.000000000
CA-C01-006-A0023,CA-C01-006,DS01,cerro_azul,CAMPAIGN_01,44.000000000,46.000000000,2.000000000,0.342119326,0.000000000,0.000000000
CA-C01-006-A0024,CA-C01-006,DS01,cerro_azul,CAMPAIGN_01,46.000000000,48.000000000,2.000000000,0.312411442,0.000000000,0.000000000
CA-C01-006-A0025,CA-C01-006,DS01,cerro_azul,CAMPAIGN_01,48.000000000,50.000000000,2.000000000,0.314173737,0.000000000,0.000000000
CA-C01-006-A0026,CA-C01-006,DS01,cerro_azul,CAMPAIGN_01,50.000000000,52.000000000,2.000000000,0.325227805,0.000000000,0.000000000
CA-C01-006-A0027,CA-C01-006,DS01,cerro_azul,CAMPAIGN_01,52.000000000,54.000000000,2.000000000,0.350817072,0.000000000,0.000000000
CA-C01-006-A0028,CA-C01-006,DS01,cerro_azul,CAMPAIGN_01,54.000000000,56.000000000,2.000000000,0.370929008,0.000000000,0.000000000
CA-C01-006-A0029,CA-C01-006,DS01,cerro_azul,CAMPAIGN_01,56.000000000,58.000000000,2.000000000,0.359286412,0.000000000,0.000000000
CA-C01-006-A0030,CA-C01-006,DS01,cerro_azul,CAMPAIGN_01,58.000000000,60.000000000,2.000000000,0.360410950,0.000000000,0.000000000
CA-C01-006-A0031,CA-C01-006,DS01,cerro_azul,CAMPAIGN_01,60.000000000,62.000000000,2.000000000,0.364489896,0.000000000,0.000000000
CA-C01-006-A0032,CA-C01-006,DS01,cerro_azul,CAMPAIGN_01,62.000000000,64.000000000,2.000000000,0.385731341,0.000000000,0.000000000
CA-C01-006-A0033,CA-C01-006,DS01,cerro_azul,CAMPAIGN_01,64.000000000,66.000000000,2.000000000,0.375341468,0.000000000,0.000000000
CA-C01-006-A0034,CA-C01-006,DS01,cerro_azul,CAMPAIGN_01,66.000000000,68.000000000,2.000000000,0.404821423,0.000000000,0.000000000
CA-C01-006-A0035,CA-C01-006,DS01,cerro_azul,CAMPAIGN_01,68.000000000,70.000000000,2.000000000,0.399921967,0.000000000,0.000000000
CA-C01-006-A0036,CA-C01-006,DS01,cerro_azul,CAMPAIGN_01,70.000000000,72.000000000,2.000000000,0.415418539,0.000000000,0.000000000
CA-C01-006-A0037,CA-C01-006,DS01,cerro_azul,CAMPAIGN_01,72.000000000,74.000000000,2.000000000,0.444648652,0.000000000,0.000000000
CA-C01-006-A0038,CA-C01-006,DS01,cerro_azul,CAMPAIGN_01,74.000000000,76.000000000,2.000000000,0.417982766,0.000000000,0.000000000
CA-C01-006-A0039,CA-C01-006,DS01,cerro_azul,CAMPAIGN_01,76.000000000,78.000000000,2.000000000,0.450312345,0.000000000,0.000000000
CA-C01-006-A0040,CA-C01-006,DS01,cerro_azul,CAMPAIGN_01,78.000000000,80.000000000,2.000000000,0.451521186,0.000000000,0.000000000
CA-C01-006-A0041,CA-C01-006,DS01,cerro_azul,CAMPAIGN_01,80.000000000,82.000000000,2.000000000,0.422972884,0.000000000,0.000000000
CA-C01-006-A0042,CA-C01-006,DS01,cerro_azul,CAMPAIGN_01,82.000000000,84.000000000,2.000000000,0.455469997,0.000000000,0.000000000
CA-C01-006-A0043,CA-C01-006,DS01,cerro_azul,CAMPAIGN_01,84.000000000,86.000000000,2.000000000,0.461089492,0.000000000,0.000000000
CA-C01-006-A0044,CA-C01-006,DS01,cerro_azul,CAMPAIGN_01,86.000000000,88.000000000,2.000000000,0.475884555,0.000000000,0.000000000
CA-C01-006-A0045,CA-C01-006,DS01,cerro_azul,CAMPAIGN_01,88.000000000,90.000000000,2.000000000,0.475771967,0.000000000,0.000000000
CA-C01-006-A0046,CA-C01-006,DS01,cerro_azul,CAMPAIGN_01,90.000000000,92.000000000,2.000000000,0.497948122,0.000000000,0.000000000
CA-C01-006-A0047,CA-C01-006,DS01,cerro_azul,CAMPAIGN_01,92.000000000,94.000000000,2.000000000,0.526551642,0.000000000,0.000000000
CA-C01-006-A0048,CA-C01-006,DS01,cerro_azul,CAMPAIGN_01,94.000000000,96.000000000,2.000000000,0.498393270,0.000000000,0.000000000
CA-C01-006-A0049,CA-C01-006,DS01,cerro_azul,CAMPAIGN_01,96.000000000,98.000000000,2.000000000,0.499630270,0.000000000,0.000000000
CA-C01-006-A0050,CA-C01-006,DS01,cerro_azul,CAMPAIGN_01,98.000000000,100.000000000,2.000000000,0.516423752,0.000000000,0.000000000
CA-C01-006-A0051,CA-C01-006,DS01,cerro_azul,CAMPAIGN_01,100.000000000,102.000000000,2.000000000,0.495452031,0.000000000,0.000000000
CA-C01-006-A0052,CA-C01-006,DS01,cerro_azul,CAMPAIGN_01,102.000000000,104.000000000,2.000000000,0.514714158,0.000000000,0.000000000
CA-C01-006-A0053,CA-C01-006,DS01,cerro_azul,CAMPAIGN_01,104.000000000,106.000000000,2.000000000,0.544322442,0.000000000,0.000000000
CA-C01-006-A0054,CA-C01-006,DS01,cerro_azul,CAMPAIGN_01,106.000000000,108.000000000,2.000000000,0.516972863,0.000000000,0.000000000
CA-C01-006-A0055,CA-C01-006,DS01,cerro_azul,CAMPAIGN_01,108.000000000,110.000000000,2.000000000,0.539182879,0.000000000,0.000000000
CA-C01-006-A0056,CA-C01-006,DS01,cerro_azul,CAMPAIGN_01,110.000000000,112.000000000,2.000000000,0.573001564,0.000000000,0.000000000
CA-C01-006-A0057,CA-C01-006,DS01,cerro_azul,CAMPAIGN_01,112.000000000,114.000000000,2.000000000,0.580852412,0.000000000,0.000000000
CA-C01-006-A0058,CA-C01-006,DS01,cerro_azul,CAMPAIGN_01,114.000000000,116.000000000,2.000000000,0.560535288,0.000000000,0.000000000
CA-C01-006-A0059,CA-C01-006,DS01,cerro_azul,CAMPAIGN_01,116.000000000,118.000000000,2.000000000,0.566667890,0.000000000,0.000000000
CA-C01-006-A0060,CA-C01-006,DS01,cerro_azul,CAMPAIGN_01,118.000000000,120.000000000,2.000000000,0.580420652,0.000000000,0.000000000
CA-C01-006-A0061,CA-C01-006,DS01,cerro_azul,CAMPAIGN_01,120.000000000,122.000000000,2.000000000,0.547061890,0.000000000,0.000000000
CA-C01-006-A0062,CA-C01-006,DS01,cerro_azul,CAMPAIGN_01,122.000000000,124.000000000,2.000000000,0.563149157,0.000000000,0.000000000
CA-C01-006-A0063,CA-C01-006,DS01,cerro_azul,CAMPAIGN_01,124.000000000,126.000000000,2.000000000,0.585154285,0.000000000,0.000000000
CA-C01-006-A0064,CA-C01-006,DS01,cerro_azul,CAMPAIGN_01,126.000000000,128.000000000,2.000000000,0.606876883,0.000000000,0.000000000
CA-C01-006-A0065,CA-C01-006,DS01,cerro_azul,CAMPAIGN_01,128.000000000,130.000000000,2.000000000,0.591844456,0.000000000,0.000000000
CA-C01-006-A0066,CA-C01-006,DS01,cerro_azul,CAMPAIGN_01,130.000000000,132.000000000,2.000000000,0.568302643,0.000000000,0.000000000
CA-C01-006-A0067,CA-C01-006,DS01,cerro_azul,CAMPAIGN_01,132.000000000,134.000000000,2.000000000,0.611385458,0.000000000,0.000000000
CA-C01-006-A0068,CA-C01-006,DS01,cerro_azul,CAMPAIGN_01,134.000000000,136.000000000,2.000000000,0.594665638,0.000000000,0.000000000
CA-C01-006-A0069,CA-C01-006,DS01,cerro_azul,CAMPAIGN_01,136.000000000,138.000000000,2.000000000,0.600282508,0.000000000,0.000000000
CA-C01-006-A0070,CA-C01-006,DS01,cerro_azul,CAMPAIGN_01,138.000000000,140.000000000,2.000000000,0.578166897,0.000000000,0.000000000
CA-C01-006-A0071,CA-C01-006,DS01,cerro_azul,CAMPAIGN_01,140.000000000,142.000000000,2.000000000,0.587954958,0.000000000,0.000000000
CA-C01-006-A0072,CA-C01-006,DS01,cerro_azul,CAMPAIGN_01,142.000000000,144.000000000,2.000000000,0.582589910,0.000000000,0.000000000
CA-C01-006-A0073,CA-C01-006,DS01,cerro_azul,CAMPAIGN_01,144.000000000,146.000000000,2.000000000,0.594440226,0.000000000,0.000000000
CA-C01-006-A0074,CA-C01-006,DS01,cerro_azul,CAMPAIGN_01,146.000000000,148.000000000,2.000000000,0.639700376,0.000000000,0.000000000
CA-C01-006-A0075,CA-C01-006,DS01,cerro_azul,CAMPAIGN_01,148.000000000,150.000000000,2.000000000,0.608502707,0.000000000,0.000000000
CA-C01-006-A0076,CA-C01-006,DS01,cerro_azul,CAMPAIGN_01,150.000000000,152.000000000,2.000000000,0.618130119,0.000000000,0.000000000
CA-C01-006-A0077,CA-C01-006,DS01,cerro_azul,CAMPAIGN_01,152.000000000,154.000000000,2.000000000,0.610069407,0.000000000,0.000000000
CA-C01-006-A0078,CA-C01-006,DS01,cerro_azul,CAMPAIGN_01,154.000000000,156.000000000,2.000000000,0.611888706,0.000000000,0.000000000
CA-C01-006-A0079,CA-C01-006,DS01,cerro_azul,CAMPAIGN_01,156.000000000,158.000000000,2.000000000,0.596266375,0.000000000,0.000000000
CA-C01-006-A0080,CA-C01-006,DS01,cerro_azul,CAMPAIGN_01,158.000000000,160.000000000,2.000000000,0.587730814,0.000000000,0.000000000
CA-C01-006-A0081,CA-C01-006,DS01,cerro_azul,CAMPAIGN_01,160.000000000,162.000000000,2.000000000,0.560078118,0.000000000,0.000000000
CA-C01-006-A0082,CA-C01-006,DS01,cerro_azul,CAMPAIGN_01,162.000000000,164.000000000,2.000000000,0.566479924,0.000000000,0.000000000
CA-C01-006-A0083,CA-C01-006,DS01,cerro_azul,CAMPAIGN_01,164.000000000,166.000000000,2.000000000,0.573370286,0.000000000,0.000000000
CA-C01-006-A0084,CA-C01-006,DS01,cerro_azul,CAMPAIGN_01,166.000000000,168.000000000,2.000000000,0.600861825,0.000000000,0.000000000
CA-C01-006-A0085,CA-C01-006,DS01,cerro_azul,CAMPAIGN_01,168.000000000,170.000000000,2.000000000,0.600673796,0.000000000,0.000000000
CA-C01-006-A0086,CA-C01-006,DS01,cerro_azul,CAMPAIGN_01,170.000000000,172.000000000,2.000000000,0.548813860,0.000000000,0.000000000
CA-C01-006-A0087,CA-C01-006,DS01,cerro_azul,CAMPAIGN_01,172.000000000,174.000000000,2.000000000,0.565629751,0.000000000,0.000000000
CA-C01-006-A0088,CA-C01-006,DS01,cerro_azul,CAMPAIGN_01,174.000000000,176.000000000,2.000000000,0.596422247,0.000000000,0.000000000
CA-C01-006-A0089,CA-C01-006,DS01,cerro_azul,CAMPAIGN_01,176.000000000,178.000000000,2.000000000,0.546072127,0.000000000,0.000000000
CA-C01-006-A0090,CA-C01-006,DS01,cerro_azul,CAMPAIGN_01,178.000000000,180.000000000,2.000000000,0.583823552,0.000000000,0.000000000
CA-C01-006-A0091,CA-C01-006,DS01,cerro_azul,CAMPAIGN_01,180.000000000,182.000000000,2.000000000,0.578326387,0.000000000,0.000000000
CA-C01-006-A0092,CA-C01-006,DS01,cerro_azul,CAMPAIGN_01,182.000000000,184.000000000,2.000000000,0.568428772,0.000000000,0.000000000
CA-C01-006-A0093,CA-C01-006,DS01,cerro_azul,CAMPAIGN_01,184.000000000,184.930496860,0.930496860,0.581090374,0.000000000,0.000000000
CA-C01-007-A0001,CA-C01-007,DS01,cerro_azul,CAMPAIGN_01,0.000000000,2.000000000,2.000000000,0.057507506,0.000000000,0.000000000
CA-C01-007-A0002,CA-C01-007,DS01,cerro_azul,CAMPAIGN_01,2.000000000,4.000000000,2.000000000,0.057898779,0.000000000,0.000000000
CA-C01-007-A0003,CA-C01-007,DS01,cerro_azul,CAMPAIGN_01,4.000000000,6.000000000,2.000000000,0.060657175,0.000000000,0.000000000
CA-C01-007-A0004,CA-C01-007,DS01,cerro_azul,CAMPAIGN_01,6.000000000,8.000000000,2.000000000,0.071522280,0.000000000,0.000000000
CA-C01-007-A0005,CA-C01-007,DS01,cerro_azul,CAMPAIGN_01,8.000000000,10.000000000,2.000000000,0.065899571,0.000000000,0.000000000
CA-C01-007-A0006,CA-C01-007,DS01,cerro_azul,CAMPAIGN_01,10.000000000,12.000000000,2.000000000,0.074668528,0.000000000,0.000000000
CA-C01-007-A0007,CA-C01-007,DS01,cerro_azul,CAMPAIGN_01,12.000000000,14.000000000,2.000000000,0.074485674,0.000000000,0.000000000
CA-C01-007-A0008,CA-C01-007,DS01,cerro_azul,CAMPAIGN_01,14.000000000,16.000000000,2.000000000,0.074956460,0.000000000,0.000000000
CA-C01-007-A0009,CA-C01-007,DS01,cerro_azul,CAMPAIGN_01,16.000000000,18.000000000,2.000000000,0.069377756,0.000000000,0.000000000
CA-C01-007-A0010,CA-C01-007,DS01,cerro_azul,CAMPAIGN_01,18.000000000,20.000000000,2.000000000,0.083071378,0.000000000,0.000000000
CA-C01-007-A0011,CA-C01-007,DS01,cerro_azul,CAMPAIGN_01,20.000000000,22.000000000,2.000000000,0.084426547,0.000000000,0.000000000
CA-C01-007-A0012,CA-C01-007,DS01,cerro_azul,CAMPAIGN_01,22.000000000,24.000000000,2.000000000,0.085206412,0.000000000,0.000000000
CA-C01-007-A0013,CA-C01-007,DS01,cerro_azul,CAMPAIGN_01,24.000000000,26.000000000,2.000000000,0.087405533,0.000000000,0.000000000
CA-C01-007-A0014,CA-C01-007,DS01,cerro_azul,CAMPAIGN_01,26.000000000,28.000000000,2.000000000,0.099335634,0.000000000,0.000000000
CA-C01-007-A0015,CA-C01-007,DS01,cerro_azul,CAMPAIGN_01,28.000000000,30.000000000,2.000000000,0.095115641,0.000000000,0.000000000
CA-C01-007-A0016,CA-C01-007,DS01,cerro_azul,CAMPAIGN_01,30.000000000,32.000000000,2.000000000,0.095097545,0.000000000,0.000000000
CA-C01-007-A0017,CA-C01-007,DS01,cerro_azul,CAMPAIGN_01,32.000000000,34.000000000,2.000000000,0.110447376,0.000000000,0.000000000
CA-C01-007-A0018,CA-C01-007,DS01,cerro_azul,CAMPAIGN_01,34.000000000,36.000000000,2.000000000,0.114679022,0.000000000,0.000000000
CA-C01-007-A0019,CA-C01-007,DS01,cerro_azul,CAMPAIGN_01,36.000000000,38.000000000,2.000000000,0.113369780,0.000000000,0.000000000
CA-C01-007-A0020,CA-C01-007,DS01,cerro_azul,CAMPAIGN_01,38.000000000,40.000000000,2.000000000,0.116070229,0.000000000,0.000000000
CA-C01-007-A0021,CA-C01-007,DS01,cerro_azul,CAMPAIGN_01,40.000000000,42.000000000,2.000000000,0.119101771,0.000000000,0.000000000
CA-C01-007-A0022,CA-C01-007,DS01,cerro_azul,CAMPAIGN_01,42.000000000,44.000000000,2.000000000,0.130854648,0.000000000,0.000000000
CA-C01-007-A0023,CA-C01-007,DS01,cerro_azul,CAMPAIGN_01,44.000000000,46.000000000,2.000000000,0.125240597,0.000000000,0.000000000
CA-C01-007-A0024,CA-C01-007,DS01,cerro_azul,CAMPAIGN_01,46.000000000,48.000000000,2.000000000,0.142372705,0.000000000,0.000000000
CA-C01-007-A0025,CA-C01-007,DS01,cerro_azul,CAMPAIGN_01,48.000000000,50.000000000,2.000000000,0.141890592,0.000000000,0.000000000
CA-C01-007-A0026,CA-C01-007,DS01,cerro_azul,CAMPAIGN_01,50.000000000,52.000000000,2.000000000,0.143700492,0.000000000,0.000000000
CA-C01-007-A0027,CA-C01-007,DS01,cerro_azul,CAMPAIGN_01,52.000000000,54.000000000,2.000000000,0.154221523,0.000000000,0.000000000
CA-C01-007-A0028,CA-C01-007,DS01,cerro_azul,CAMPAIGN_01,54.000000000,56.000000000,2.000000000,0.157637867,0.000000000,0.000000000
CA-C01-007-A0029,CA-C01-007,DS01,cerro_azul,CAMPAIGN_01,56.000000000,58.000000000,2.000000000,0.154480114,0.000000000,0.000000000
CA-C01-007-A0030,CA-C01-007,DS01,cerro_azul,CAMPAIGN_01,58.000000000,60.000000000,2.000000000,0.166975689,0.000000000,0.000000000
CA-C01-007-A0031,CA-C01-007,DS01,cerro_azul,CAMPAIGN_01,60.000000000,62.000000000,2.000000000,0.178852239,0.000000000,0.000000000
CA-C01-007-A0032,CA-C01-007,DS01,cerro_azul,CAMPAIGN_01,62.000000000,64.000000000,2.000000000,0.173824011,0.000000000,0.000000000
CA-C01-007-A0033,CA-C01-007,DS01,cerro_azul,CAMPAIGN_01,64.000000000,66.000000000,2.000000000,0.185812396,0.000000000,0.000000000
CA-C01-007-A0034,CA-C01-007,DS01,cerro_azul,CAMPAIGN_01,66.000000000,68.000000000,2.000000000,0.195654123,0.000000000,0.000000000
CA-C01-007-A0035,CA-C01-007,DS01,cerro_azul,CAMPAIGN_01,68.000000000,70.000000000,2.000000000,0.197101684,0.000000000,0.000000000
CA-C01-007-A0036,CA-C01-007,DS01,cerro_azul,CAMPAIGN_01,70.000000000,72.000000000,2.000000000,0.215248215,0.000000000,0.000000000
CA-C01-007-A0037,CA-C01-007,DS01,cerro_azul,CAMPAIGN_01,72.000000000,74.000000000,2.000000000,0.208055881,0.000000000,0.000000000
CA-C01-007-A0038,CA-C01-007,DS01,cerro_azul,CAMPAIGN_01,74.000000000,76.000000000,2.000000000,0.208258355,0.000000000,0.000000000
CA-C01-007-A0039,CA-C01-007,DS01,cerro_azul,CAMPAIGN_01,76.000000000,78.000000000,2.000000000,0.244172356,0.000000000,0.000000000
CA-C01-007-A0040,CA-C01-007,DS01,cerro_azul,CAMPAIGN_01,78.000000000,80.000000000,2.000000000,0.218472031,0.000000000,0.000000000
CA-C01-007-A0041,CA-C01-007,DS01,cerro_azul,CAMPAIGN_01,80.000000000,82.000000000,2.000000000,0.226257251,0.000000000,0.000000000
CA-C01-007-A0042,CA-C01-007,DS01,cerro_azul,CAMPAIGN_01,82.000000000,84.000000000,2.000000000,0.244813844,0.000000000,0.000000000
CA-C01-007-A0043,CA-C01-007,DS01,cerro_azul,CAMPAIGN_01,84.000000000,86.000000000,2.000000000,0.246686234,0.000000000,0.000000000
CA-C01-007-A0044,CA-C01-007,DS01,cerro_azul,CAMPAIGN_01,86.000000000,88.000000000,2.000000000,0.274515887,0.000000000,0.000000000
CA-C01-007-A0045,CA-C01-007,DS01,cerro_azul,CAMPAIGN_01,88.000000000,90.000000000,2.000000000,0.258701271,0.000000000,0.000000000
CA-C01-007-A0046,CA-C01-007,DS01,cerro_azul,CAMPAIGN_01,90.000000000,92.000000000,2.000000000,0.269022511,0.000000000,0.000000000
CA-C01-007-A0047,CA-C01-007,DS01,cerro_azul,CAMPAIGN_01,92.000000000,94.000000000,2.000000000,0.274668574,0.000000000,0.000000000
CA-C01-007-A0048,CA-C01-007,DS01,cerro_azul,CAMPAIGN_01,94.000000000,96.000000000,2.000000000,0.283956246,0.000000000,0.000000000
CA-C01-007-A0049,CA-C01-007,DS01,cerro_azul,CAMPAIGN_01,96.000000000,98.000000000,2.000000000,0.287892226,0.000000000,0.000000000
CA-C01-007-A0050,CA-C01-007,DS01,cerro_azul,CAMPAIGN_01,98.000000000,100.000000000,2.000000000,0.308960713,0.000000000,0.000000000
CA-C01-007-A0051,CA-C01-007,DS01,cerro_azul,CAMPAIGN_01,100.000000000,102.000000000,2.000000000,0.332873386,0.000000000,0.000000000
CA-C01-007-A0052,CA-C01-007,DS01,cerro_azul,CAMPAIGN_01,102.000000000,104.000000000,2.000000000,0.315562147,0.000000000,0.000000000
CA-C01-007-A0053,CA-C01-007,DS01,cerro_azul,CAMPAIGN_01,104.000000000,106.000000000,2.000000000,0.343957917,0.000000000,0.000000000
CA-C01-007-A0054,CA-C01-007,DS01,cerro_azul,CAMPAIGN_01,106.000000000,108.000000000,2.000000000,0.318299071,0.000000000,0.000000000
CA-C01-007-A0055,CA-C01-007,DS01,cerro_azul,CAMPAIGN_01,108.000000000,110.000000000,2.000000000,0.321443409,0.000000000,0.000000000
CA-C01-007-A0056,CA-C01-007,DS01,cerro_azul,CAMPAIGN_01,110.000000000,112.000000000,2.000000000,0.371603089,0.000000000,0.000000000
CA-C01-007-A0057,CA-C01-007,DS01,cerro_azul,CAMPAIGN_01,112.000000000,114.000000000,2.000000000,0.373369410,0.000000000,0.000000000
CA-C01-007-A0058,CA-C01-007,DS01,cerro_azul,CAMPAIGN_01,114.000000000,116.000000000,2.000000000,0.363549125,0.000000000,0.000000000
CA-C01-007-A0059,CA-C01-007,DS01,cerro_azul,CAMPAIGN_01,116.000000000,118.000000000,2.000000000,0.372720077,0.000000000,0.000000000
CA-C01-007-A0060,CA-C01-007,DS01,cerro_azul,CAMPAIGN_01,118.000000000,120.000000000,2.000000000,0.386594689,0.000000000,0.000000000
CA-C01-007-A0061,CA-C01-007,DS01,cerro_azul,CAMPAIGN_01,120.000000000,122.000000000,2.000000000,0.399089783,0.000000000,0.000000000
CA-C01-007-A0062,CA-C01-007,DS01,cerro_azul,CAMPAIGN_01,122.000000000,124.000000000,2.000000000,0.405454318,0.000000000,0.000000000
CA-C01-007-A0063,CA-C01-007,DS01,cerro_azul,CAMPAIGN_01,124.000000000,126.000000000,2.000000000,0.416238532,0.000000000,0.000000000
CA-C01-007-A0064,CA-C01-007,DS01,cerro_azul,CAMPAIGN_01,126.000000000,128.000000000,2.000000000,0.464138077,0.000000000,0.000000000
CA-C01-007-A0065,CA-C01-007,DS01,cerro_azul,CAMPAIGN_01,128.000000000,130.000000000,2.000000000,0.418547897,0.000000000,0.000000000
CA-C01-007-A0066,CA-C01-007,DS01,cerro_azul,CAMPAIGN_01,130.000000000,132.000000000,2.000000000,0.429311274,0.000000000,0.000000000
CA-C01-007-A0067,CA-C01-007,DS01,cerro_azul,CAMPAIGN_01,132.000000000,134.000000000,2.000000000,0.434930616,0.000000000,0.000000000
CA-C01-007-A0068,CA-C01-007,DS01,cerro_azul,CAMPAIGN_01,134.000000000,136.000000000,2.000000000,0.463552313,0.000000000,0.000000000
CA-C01-007-A0069,CA-C01-007,DS01,cerro_azul,CAMPAIGN_01,136.000000000,138.000000000,2.000000000,0.467179835,0.000000000,0.000000000
CA-C01-007-A0070,CA-C01-007,DS01,cerro_azul,CAMPAIGN_01,138.000000000,140.000000000,2.000000000,0.481385631,0.000000000,0.000000000
CA-C01-007-A0071,CA-C01-007,DS01,cerro_azul,CAMPAIGN_01,140.000000000,142.000000000,2.000000000,0.470559235,0.000000000,0.000000000
CA-C01-007-A0072,CA-C01-007,DS01,cerro_azul,CAMPAIGN_01,142.000000000,144.000000000,2.000000000,0.493967590,0.000000000,0.000000000
CA-C01-007-A0073,CA-C01-007,DS01,cerro_azul,CAMPAIGN_01,144.000000000,146.000000000,2.000000000,0.476232147,0.000000000,0.000000000
CA-C01-007-A0074,CA-C01-007,DS01,cerro_azul,CAMPAIGN_01,146.000000000,148.000000000,2.000000000,0.511220670,0.000000000,0.000000000
CA-C01-007-A0075,CA-C01-007,DS01,cerro_azul,CAMPAIGN_01,148.000000000,150.000000000,2.000000000,0.512650311,0.000000000,0.000000000
CA-C01-007-A0076,CA-C01-007,DS01,cerro_azul,CAMPAIGN_01,150.000000000,152.000000000,2.000000000,0.499924347,0.000000000,0.000000000
CA-C01-007-A0077,CA-C01-007,DS01,cerro_azul,CAMPAIGN_01,152.000000000,154.000000000,2.000000000,0.535856894,0.000000000,0.000000000
CA-C01-007-A0078,CA-C01-007,DS01,cerro_azul,CAMPAIGN_01,154.000000000,156.000000000,2.000000000,0.501242929,0.000000000,0.000000000
CA-C01-007-A0079,CA-C01-007,DS01,cerro_azul,CAMPAIGN_01,156.000000000,158.000000000,2.000000000,0.585531403,0.000000000,0.000000000
CA-C01-007-A0080,CA-C01-007,DS01,cerro_azul,CAMPAIGN_01,158.000000000,160.000000000,2.000000000,0.529455695,0.000000000,0.000000000
CA-C01-007-A0081,CA-C01-007,DS01,cerro_azul,CAMPAIGN_01,160.000000000,162.000000000,2.000000000,0.605523135,0.000000000,0.000000000
CA-C01-007-A0082,CA-C01-007,DS01,cerro_azul,CAMPAIGN_01,162.000000000,164.000000000,2.000000000,0.592897257,0.000000000,0.000000000
CA-C01-007-A0083,CA-C01-007,DS01,cerro_azul,CAMPAIGN_01,164.000000000,166.000000000,2.000000000,0.588136192,0.000000000,0.000000000
CA-C01-007-A0084,CA-C01-007,DS01,cerro_azul,CAMPAIGN_01,166.000000000,168.000000000,2.000000000,0.637282222,0.000000000,0.000000000
CA-C01-007-A0085,CA-C01-007,DS01,cerro_azul,CAMPAIGN_01,168.000000000,170.000000000,2.000000000,0.553918351,0.000000000,0.000000000
CA-C01-007-A0086,CA-C01-007,DS01,cerro_azul,CAMPAIGN_01,170.000000000,172.000000000,2.000000000,0.646970837,0.000000000,0.000000000
CA-C01-007-A0087,CA-C01-007,DS01,cerro_azul,CAMPAIGN_01,172.000000000,174.000000000,2.000000000,0.638686726,0.000000000,0.000000000
CA-C01-007-A0088,CA-C01-007,DS01,cerro_azul,CAMPAIGN_01,174.000000000,176.000000000,2.000000000,0.615578109,0.000000000,0.000000000
CA-C01-007-A0089,CA-C01-007,DS01,cerro_azul,CAMPAIGN_01,176.000000000,178.000000000,2.000000000,0.615942226,0.000000000,0.000000000
CA-C01-007-A0090,CA-C01-007,DS01,cerro_azul,CAMPAIGN_01,178.000000000,180.000000000,2.000000000,0.629696431,0.000000000,0.000000000
CA-C01-007-A0091,CA-C01-007,DS01,cerro_azul,CAMPAIGN_01,180.000000000,182.000000000,2.000000000,0.605394453,0.000000000,0.000000000
CA-C01-007-A0092,CA-C01-007,DS01,cerro_azul,CAMPAIGN_01,182.000000000,184.000000000,2.000000000,0.627609656,0.000000000,0.000000000
CA-C01-007-A0093,CA-C01-007,DS01,cerro_azul,CAMPAIGN_01,184.000000000,186.000000000,2.000000000,0.672926636,0.000000000,0.000000000
CA-C01-007-A0094,CA-C01-007,DS01,cerro_azul,CAMPAIGN_01,186.000000000,188.000000000,2.000000000,0.676275390,0.000000000,0.000000000
CA-C01-007-A0095,CA-C01-007,DS01,cerro_azul,CAMPAIGN_01,188.000000000,190.000000000,2.000000000,0.651886547,0.000000000,0.000000000
CA-C01-007-A0096,CA-C01-007,DS01,cerro_azul,CAMPAIGN_01,190.000000000,192.000000000,2.000000000,0.675562547,0.000000000,0.000000000
CA-C01-007-A0097,CA-C01-007,DS01,cerro_azul,CAMPAIGN_01,192.000000000,194.000000000,2.000000000,0.642826037,0.000000000,0.000000000
CA-C01-007-A0098,CA-C01-007,DS01,cerro_azul,CAMPAIGN_01,194.000000000,196.000000000,2.000000000,0.712512300,0.000000000,0.000000000
CA-C01-007-A0099,CA-C01-007,DS01,cerro_azul,CAMPAIGN_01,196.000000000,198.000000000,2.000000000,0.713718543,0.000000000,0.000000000
CA-C01-007-A0100,CA-C01-007,DS01,cerro_azul,CAMPAIGN_01,198.000000000,200.000000000,2.000000000,0.709230773,0.000000000,0.000000000
CA-C01-007-A0101,CA-C01-007,DS01,cerro_azul,CAMPAIGN_01,200.000000000,202.000000000,2.000000000,0.694551650,0.000000000,0.000000000
CA-C01-007-A0102,CA-C01-007,DS01,cerro_azul,CAMPAIGN_01,202.000000000,204.000000000,2.000000000,0.673536373,0.000000000,0.000000000
CA-C01-007-A0103,CA-C01-007,DS01,cerro_azul,CAMPAIGN_01,204.000000000,206.000000000,2.000000000,0.730857499,0.000000000,0.000000000
CA-C01-007-A0104,CA-C01-007,DS01,cerro_azul,CAMPAIGN_01,206.000000000,208.000000000,2.000000000,0.699108431,0.000000000,0.000000000
CA-C01-007-A0105,CA-C01-007,DS01,cerro_azul,CAMPAIGN_01,208.000000000,210.000000000,2.000000000,0.678762878,0.000000000,0.000000000
CA-C01-007-A0106,CA-C01-007,DS01,cerro_azul,CAMPAIGN_01,210.000000000,212.000000000,2.000000000,0.694906840,0.000000000,0.000000000
CA-C01-007-A0107,CA-C01-007,DS01,cerro_azul,CAMPAIGN_01,212.000000000,214.000000000,2.000000000,0.737426289,0.000000000,0.000000000
CA-C01-007-A0108,CA-C01-007,DS01,cerro_azul,CAMPAIGN_01,214.000000000,216.000000000,2.000000000,0.708249797,0.000000000,0.000000000
CA-C01-007-A0109,CA-C01-007,DS01,cerro_azul,CAMPAIGN_01,216.000000000,218.000000000,2.000000000,0.679724344,0.000000000,0.000000000
CA-C01-007-A0110,CA-C01-007,DS01,cerro_azul,CAMPAIGN_01,218.000000000,220.000000000,2.000000000,0.610765235,0.000000000,0.000000000
CA-C01-007-A0111,CA-C01-007,DS01,cerro_azul,CAMPAIGN_01,220.000000000,222.000000000,2.000000000,0.727839814,0.000000000,0.000000000
CA-C01-007-A0112,CA-C01-007,DS01,cerro_azul,CAMPAIGN_01,222.000000000,224.000000000,2.000000000,0.694517986,0.000000000,0.000000000
CA-C01-007-A0113,CA-C01-007,DS01,cerro_azul,CAMPAIGN_01,224.000000000,226.000000000,2.000000000,0.701604089,0.000000000,0.000000000
CA-C01-007-A0114,CA-C01-007,DS01,cerro_azul,CAMPAIGN_01,226.000000000,228.000000000,2.000000000,0.632022108,0.000000000,0.000000000
CA-C01-007-A0115,CA-C01-007,DS01,cerro_azul,CAMPAIGN_01,228.000000000,230.000000000,2.000000000,0.657736452,0.000000000,0.000000000
CA-C01-007-A0116,CA-C01-007,DS01,cerro_azul,CAMPAIGN_01,230.000000000,232.000000000,2.000000000,0.704916533,0.000000000,0.000000000
CA-C01-007-A0117,CA-C01-007,DS01,cerro_azul,CAMPAIGN_01,232.000000000,234.000000000,2.000000000,0.674972235,0.000000000,0.000000000
CA-C01-007-A0118,CA-C01-007,DS01,cerro_azul,CAMPAIGN_01,234.000000000,236.000000000,2.000000000,0.665834870,0.000000000,0.000000000
CA-C01-007-A0119,CA-C01-007,DS01,cerro_azul,CAMPAIGN_01,236.000000000,238.000000000,2.000000000,0.672627122,0.000000000,0.000000000
CA-C01-007-A0120,CA-C01-007,DS01,cerro_azul,CAMPAIGN_01,238.000000000,240.000000000,2.000000000,0.634285017,0.000000000,0.000000000
CA-C01-007-A0121,CA-C01-007,DS01,cerro_azul,CAMPAIGN_01,240.000000000,242.000000000,2.000000000,0.643131751,0.000000000,0.000000000
CA-C01-007-A0122,CA-C01-007,DS01,cerro_azul,CAMPAIGN_01,242.000000000,244.000000000,2.000000000,0.681173106,0.000000000,0.000000000
CA-C01-007-A0123,CA-C01-007,DS01,cerro_azul,CAMPAIGN_01,244.000000000,246.000000000,2.000000000,0.689837863,0.000000000,0.000000000
CA-C01-007-A0124,CA-C01-007,DS01,cerro_azul,CAMPAIGN_01,246.000000000,248.000000000,2.000000000,0.583149853,0.000000000,0.000000000
CA-C01-007-A0125,CA-C01-007,DS01,cerro_azul,CAMPAIGN_01,248.000000000,248.686957538,0.686957538,0.667204665,0.000000000,0.000000000
CA-C01-008-A0001,CA-C01-008,DS01,cerro_azul,CAMPAIGN_01,0.000000000,2.000000000,2.000000000,0.026073093,0.000000000,0.000000000
CA-C01-008-A0002,CA-C01-008,DS01,cerro_azul,CAMPAIGN_01,2.000000000,4.000000000,2.000000000,0.023873705,0.000000000,0.000000000
CA-C01-008-A0003,CA-C01-008,DS01,cerro_azul,CAMPAIGN_01,4.000000000,6.000000000,2.000000000,0.024631018,0.000000000,0.000000000
CA-C01-008-A0004,CA-C01-008,DS01,cerro_azul,CAMPAIGN_01,6.000000000,8.000000000,2.000000000,0.024261055,0.000000000,0.000000000
CA-C01-008-A0005,CA-C01-008,DS01,cerro_azul,CAMPAIGN_01,8.000000000,10.000000000,2.000000000,0.022632673,0.000000000,0.000000000
CA-C01-008-A0006,CA-C01-008,DS01,cerro_azul,CAMPAIGN_01,10.000000000,12.000000000,2.000000000,0.024757646,0.000000000,0.000000000
CA-C01-008-A0007,CA-C01-008,DS01,cerro_azul,CAMPAIGN_01,12.000000000,14.000000000,2.000000000,0.023715102,0.000000000,0.000000000
CA-C01-008-A0008,CA-C01-008,DS01,cerro_azul,CAMPAIGN_01,14.000000000,16.000000000,2.000000000,0.024518176,0.000000000,0.000000000
CA-C01-008-A0009,CA-C01-008,DS01,cerro_azul,CAMPAIGN_01,16.000000000,18.000000000,2.000000000,0.023794395,0.000000000,0.000000000
CA-C01-008-A0010,CA-C01-008,DS01,cerro_azul,CAMPAIGN_01,18.000000000,20.000000000,2.000000000,0.025644515,0.000000000,0.000000000
CA-C01-008-A0011,CA-C01-008,DS01,cerro_azul,CAMPAIGN_01,20.000000000,22.000000000,2.000000000,0.027011951,0.000000000,0.000000000
CA-C01-008-A0012,CA-C01-008,DS01,cerro_azul,CAMPAIGN_01,22.000000000,24.000000000,2.000000000,0.024965366,0.000000000,0.000000000
CA-C01-008-A0013,CA-C01-008,DS01,cerro_azul,CAMPAIGN_01,24.000000000,26.000000000,2.000000000,0.026709676,0.000000000,0.000000000
CA-C01-008-A0014,CA-C01-008,DS01,cerro_azul,CAMPAIGN_01,26.000000000,28.000000000,2.000000000,0.026211948,0.000000000,0.000000000
CA-C01-008-A0015,CA-C01-008,DS01,cerro_azul,CAMPAIGN_01,28.000000000,30.000000000,2.000000000,0.027707204,0.000000000,0.000000000
CA-C01-008-A0016,CA-C01-008,DS01,cerro_azul,CAMPAIGN_01,30.000000000,32.000000000,2.000000000,0.027586615,0.000000000,0.000000000
CA-C01-008-A0017,CA-C01-008,DS01,cerro_azul,CAMPAIGN_01,32.000000000,34.000000000,2.000000000,0.024419896,0.000000000,0.000000000
CA-C01-008-A0018,CA-C01-008,DS01,cerro_azul,CAMPAIGN_01,34.000000000,36.000000000,2.000000000,0.024524188,0.000000000,0.000000000
CA-C01-008-A0019,CA-C01-008,DS01,cerro_azul,CAMPAIGN_01,36.000000000,38.000000000,2.000000000,0.021747010,0.000000000,0.000000000
CA-C01-008-A0020,CA-C01-008,DS01,cerro_azul,CAMPAIGN_01,38.000000000,40.000000000,2.000000000,0.025327299,0.000000000,0.000000000
CA-C01-008-A0021,CA-C01-008,DS01,cerro_azul,CAMPAIGN_01,40.000000000,42.000000000,2.000000000,0.026574334,0.000000000,0.000000000
CA-C01-008-A0022,CA-C01-008,DS01,cerro_azul,CAMPAIGN_01,42.000000000,44.000000000,2.000000000,0.024821452,0.000000000,0.000000000
CA-C01-008-A0023,CA-C01-008,DS01,cerro_azul,CAMPAIGN_01,44.000000000,46.000000000,2.000000000,0.026357270,0.000000000,0.000000000
CA-C01-008-A0024,CA-C01-008,DS01,cerro_azul,CAMPAIGN_01,46.000000000,48.000000000,2.000000000,0.024333482,0.000000000,0.000000000
CA-C01-008-A0025,CA-C01-008,DS01,cerro_azul,CAMPAIGN_01,48.000000000,50.000000000,2.000000000,0.026490984,0.000000000,0.000000000
CA-C01-008-A0026,CA-C01-008,DS01,cerro_azul,CAMPAIGN_01,50.000000000,52.000000000,2.000000000,0.022789085,0.000000000,0.000000000
CA-C01-008-A0027,CA-C01-008,DS01,cerro_azul,CAMPAIGN_01,52.000000000,54.000000000,2.000000000,0.026178289,0.000000000,0.000000000
CA-C01-008-A0028,CA-C01-008,DS01,cerro_azul,CAMPAIGN_01,54.000000000,56.000000000,2.000000000,0.029043748,0.000000000,0.000000000
CA-C01-008-A0029,CA-C01-008,DS01,cerro_azul,CAMPAIGN_01,56.000000000,58.000000000,2.000000000,0.026216307,0.000000000,0.000000000
CA-C01-008-A0030,CA-C01-008,DS01,cerro_azul,CAMPAIGN_01,58.000000000,60.000000000,2.000000000,0.024224707,0.000000000,0.000000000
CA-C01-008-A0031,CA-C01-008,DS01,cerro_azul,CAMPAIGN_01,60.000000000,62.000000000,2.000000000,0.025091403,0.000000000,0.000000000
CA-C01-008-A0032,CA-C01-008,DS01,cerro_azul,CAMPAIGN_01,62.000000000,64.000000000,2.000000000,0.031737119,0.000000000,0.000000000
CA-C01-008-A0033,CA-C01-008,DS01,cerro_azul,CAMPAIGN_01,64.000000000,66.000000000,2.000000000,0.025855405,0.000000000,0.000000000
CA-C01-008-A0034,CA-C01-008,DS01,cerro_azul,CAMPAIGN_01,66.000000000,68.000000000,2.000000000,0.024250998,0.000000000,0.000000000
CA-C01-008-A0035,CA-C01-008,DS01,cerro_azul,CAMPAIGN_01,68.000000000,70.000000000,2.000000000,0.026278098,0.000000000,0.000000000
CA-C01-008-A0036,CA-C01-008,DS01,cerro_azul,CAMPAIGN_01,70.000000000,72.000000000,2.000000000,0.028637411,0.000000000,0.000000000
CA-C01-008-A0037,CA-C01-008,DS01,cerro_azul,CAMPAIGN_01,72.000000000,74.000000000,2.000000000,0.027551070,0.000000000,0.000000000
CA-C01-008-A0038,CA-C01-008,DS01,cerro_azul,CAMPAIGN_01,74.000000000,76.000000000,2.000000000,0.025705024,0.000000000,0.000000000
CA-C01-008-A0039,CA-C01-008,DS01,cerro_azul,CAMPAIGN_01,76.000000000,78.000000000,2.000000000,0.028337341,0.000000000,0.000000000
CA-C01-008-A0040,CA-C01-008,DS01,cerro_azul,CAMPAIGN_01,78.000000000,80.000000000,2.000000000,0.026440188,0.000000000,0.000000000
CA-C01-008-A0041,CA-C01-008,DS01,cerro_azul,CAMPAIGN_01,80.000000000,82.000000000,2.000000000,0.028156777,0.000000000,0.000000000
CA-C01-008-A0042,CA-C01-008,DS01,cerro_azul,CAMPAIGN_01,82.000000000,84.000000000,2.000000000,0.032080889,0.000000000,0.000000000
CA-C01-008-A0043,CA-C01-008,DS01,cerro_azul,CAMPAIGN_01,84.000000000,86.000000000,2.000000000,0.029258537,0.000000000,0.000000000
CA-C01-008-A0044,CA-C01-008,DS01,cerro_azul,CAMPAIGN_01,86.000000000,88.000000000,2.000000000,0.027990507,0.000000000,0.000000000
CA-C01-008-A0045,CA-C01-008,DS01,cerro_azul,CAMPAIGN_01,88.000000000,90.000000000,2.000000000,0.033106751,0.000000000,0.000000000
CA-C01-008-A0046,CA-C01-008,DS01,cerro_azul,CAMPAIGN_01,90.000000000,92.000000000,2.000000000,0.028218276,0.000000000,0.000000000
CA-C01-008-A0047,CA-C01-008,DS01,cerro_azul,CAMPAIGN_01,92.000000000,94.000000000,2.000000000,0.031330334,0.000000000,0.000000000
CA-C01-008-A0048,CA-C01-008,DS01,cerro_azul,CAMPAIGN_01,94.000000000,96.000000000,2.000000000,0.029793638,0.000000000,0.000000000
CA-C01-008-A0049,CA-C01-008,DS01,cerro_azul,CAMPAIGN_01,96.000000000,98.000000000,2.000000000,0.028864833,0.000000000,0.000000000
CA-C01-008-A0050,CA-C01-008,DS01,cerro_azul,CAMPAIGN_01,98.000000000,100.000000000,2.000000000,0.031674737,0.000000000,0.000000000
CA-C01-008-A0051,CA-C01-008,DS01,cerro_azul,CAMPAIGN_01,100.000000000,102.000000000,2.000000000,0.031499872,0.000000000,0.000000000
CA-C01-008-A0052,CA-C01-008,DS01,cerro_azul,CAMPAIGN_01,102.000000000,104.000000000,2.000000000,0.030679382,0.000000000,0.000000000
CA-C01-008-A0053,CA-C01-008,DS01,cerro_azul,CAMPAIGN_01,104.000000000,106.000000000,2.000000000,0.033029491,0.000000000,0.000000000
CA-C01-008-A0054,CA-C01-008,DS01,cerro_azul,CAMPAIGN_01,106.000000000,108.000000000,2.000000000,0.031569428,0.000000000,0.000000000
CA-C01-008-A0055,CA-C01-008,DS01,cerro_azul,CAMPAIGN_01,108.000000000,110.000000000,2.000000000,0.033875189,0.000000000,0.000000000
CA-C01-008-A0056,CA-C01-008,DS01,cerro_azul,CAMPAIGN_01,110.000000000,112.000000000,2.000000000,0.030174019,0.000000000,0.000000000
CA-C01-008-A0057,CA-C01-008,DS01,cerro_azul,CAMPAIGN_01,112.000000000,114.000000000,2.000000000,0.029491590,0.000000000,0.000000000
CA-C01-008-A0058,CA-C01-008,DS01,cerro_azul,CAMPAIGN_01,114.000000000,116.000000000,2.000000000,0.031669437,0.000000000,0.000000000
CA-C01-008-A0059,CA-C01-008,DS01,cerro_azul,CAMPAIGN_01,116.000000000,118.000000000,2.000000000,0.033614978,0.000000000,0.000000000
CA-C01-008-A0060,CA-C01-008,DS01,cerro_azul,CAMPAIGN_01,118.000000000,120.000000000,2.000000000,0.035705234,0.000000000,0.000000000
CA-C01-008-A0061,CA-C01-008,DS01,cerro_azul,CAMPAIGN_01,120.000000000,122.000000000,2.000000000,0.035070985,0.000000000,0.000000000
CA-C01-008-A0062,CA-C01-008,DS01,cerro_azul,CAMPAIGN_01,122.000000000,124.000000000,2.000000000,0.034389201,0.000000000,0.000000000
CA-C01-008-A0063,CA-C01-008,DS01,cerro_azul,CAMPAIGN_01,124.000000000,126.000000000,2.000000000,0.032962654,0.000000000,0.000000000
CA-C01-008-A0064,CA-C01-008,DS01,cerro_azul,CAMPAIGN_01,126.000000000,128.000000000,2.000000000,0.033501204,0.000000000,0.000000000
CA-C01-008-A0065,CA-C01-008,DS01,cerro_azul,CAMPAIGN_01,128.000000000,130.000000000,2.000000000,0.037080101,0.000000000,0.000000000
CA-C01-008-A0066,CA-C01-008,DS01,cerro_azul,CAMPAIGN_01,130.000000000,132.000000000,2.000000000,0.036065533,0.000000000,0.000000000
CA-C01-008-A0067,CA-C01-008,DS01,cerro_azul,CAMPAIGN_01,132.000000000,134.000000000,2.000000000,0.038621371,0.000000000,0.000000000
CA-C01-008-A0068,CA-C01-008,DS01,cerro_azul,CAMPAIGN_01,134.000000000,136.000000000,2.000000000,0.036613283,0.000000000,0.000000000
CA-C01-008-A0069,CA-C01-008,DS01,cerro_azul,CAMPAIGN_01,136.000000000,138.000000000,2.000000000,0.036478824,0.000000000,0.000000000
CA-C01-008-A0070,CA-C01-008,DS01,cerro_azul,CAMPAIGN_01,138.000000000,140.000000000,2.000000000,0.034299880,0.000000000,0.000000000
CA-C01-008-A0071,CA-C01-008,DS01,cerro_azul,CAMPAIGN_01,140.000000000,142.000000000,2.000000000,0.038961379,0.000000000,0.000000000
CA-C01-008-A0072,CA-C01-008,DS01,cerro_azul,CAMPAIGN_01,142.000000000,144.000000000,2.000000000,0.036392888,0.000000000,0.000000000
CA-C01-008-A0073,CA-C01-008,DS01,cerro_azul,CAMPAIGN_01,144.000000000,146.000000000,2.000000000,0.041442913,0.000000000,0.000000000
CA-C01-008-A0074,CA-C01-008,DS01,cerro_azul,CAMPAIGN_01,146.000000000,148.000000000,2.000000000,0.037769132,0.000000000,0.000000000
CA-C01-008-A0075,CA-C01-008,DS01,cerro_azul,CAMPAIGN_01,148.000000000,150.000000000,2.000000000,0.039858877,0.000000000,0.000000000
CA-C01-008-A0076,CA-C01-008,DS01,cerro_azul,CAMPAIGN_01,150.000000000,152.000000000,2.000000000,0.038420895,0.000000000,0.000000000
CA-C01-008-A0077,CA-C01-008,DS01,cerro_azul,CAMPAIGN_01,152.000000000,154.000000000,2.000000000,0.043268355,0.000000000,0.000000000
CA-C01-008-A0078,CA-C01-008,DS01,cerro_azul,CAMPAIGN_01,154.000000000,156.000000000,2.000000000,0.039162372,0.000000000,0.000000000
CA-C01-008-A0079,CA-C01-008,DS01,cerro_azul,CAMPAIGN_01,156.000000000,158.000000000,2.000000000,0.045527751,0.000000000,0.000000000
CA-C01-008-A0080,CA-C01-008,DS01,cerro_azul,CAMPAIGN_01,158.000000000,160.000000000,2.000000000,0.041020999,0.000000000,0.000000000
CA-C01-008-A0081,CA-C01-008,DS01,cerro_azul,CAMPAIGN_01,160.000000000,162.000000000,2.000000000,0.046531737,0.000000000,0.000000000
CA-C01-008-A0082,CA-C01-008,DS01,cerro_azul,CAMPAIGN_01,162.000000000,164.000000000,2.000000000,0.038714313,0.000000000,0.000000000
CA-C01-008-A0083,CA-C01-008,DS01,cerro_azul,CAMPAIGN_01,164.000000000,166.000000000,2.000000000,0.045348851,0.000000000,0.000000000
CA-C01-008-A0084,CA-C01-008,DS01,cerro_azul,CAMPAIGN_01,166.000000000,168.000000000,2.000000000,0.045591534,0.000000000,0.000000000
CA-C01-008-A0085,CA-C01-008,DS01,cerro_azul,CAMPAIGN_01,168.000000000,170.000000000,2.000000000,0.048316808,0.000000000,0.000000000
CA-C01-008-A0086,CA-C01-008,DS01,cerro_azul,CAMPAIGN_01,170.000000000,172.000000000,2.000000000,0.044532652,0.000000000,0.000000000
CA-C01-008-A0087,CA-C01-008,DS01,cerro_azul,CAMPAIGN_01,172.000000000,174.000000000,2.000000000,0.048023357,0.000000000,0.000000000
CA-C01-008-A0088,CA-C01-008,DS01,cerro_azul,CAMPAIGN_01,174.000000000,176.000000000,2.000000000,0.044809548,0.000000000,0.000000000
CA-C01-008-A0089,CA-C01-008,DS01,cerro_azul,CAMPAIGN_01,176.000000000,178.000000000,2.000000000,0.051751158,0.000000000,0.000000000
CA-C01-008-A0090,CA-C01-008,DS01,cerro_azul,CAMPAIGN_01,178.000000000,180.000000000,2.000000000,0.049149459,0.000000000,0.000000000
CA-C01-008-A0091,CA-C01-008,DS01,cerro_azul,CAMPAIGN_01,180.000000000,182.000000000,2.000000000,0.048729040,0.000000000,0.000000000
CA-C01-008-A0092,CA-C01-008,DS01,cerro_azul,CAMPAIGN_01,182.000000000,184.000000000,2.000000000,0.052892429,0.000000000,0.000000000
CA-C01-008-A0093,CA-C01-008,DS01,cerro_azul,CAMPAIGN_01,184.000000000,186.000000000,2.000000000,0.051156112,0.000000000,0.000000000
CA-C01-008-A0094,CA-C01-008,DS01,cerro_azul,CAMPAIGN_01,186.000000000,188.000000000,2.000000000,0.053508196,0.000000000,0.000000000
CA-C01-008-A0095,CA-C01-008,DS01,cerro_azul,CAMPAIGN_01,188.000000000,190.000000000,2.000000000,0.051073587,0.000000000,0.000000000
CA-C01-008-A0096,CA-C01-008,DS01,cerro_azul,CAMPAIGN_01,190.000000000,192.000000000,2.000000000,0.055035407,0.000000000,0.000000000
CA-C01-008-A0097,CA-C01-008,DS01,cerro_azul,CAMPAIGN_01,192.000000000,194.000000000,2.000000000,0.053019545,0.000000000,0.000000000
CA-C01-008-A0098,CA-C01-008,DS01,cerro_azul,CAMPAIGN_01,194.000000000,196.000000000,2.000000000,0.056104841,0.000000000,0.000000000
CA-C01-008-A0099,CA-C01-008,DS01,cerro_azul,CAMPAIGN_01,196.000000000,198.000000000,2.000000000,0.057664006,0.000000000,0.000000000
CA-C01-008-A0100,CA-C01-008,DS01,cerro_azul,CAMPAIGN_01,198.000000000,200.000000000,2.000000000,0.058305336,0.000000000,0.000000000
CA-C01-008-A0101,CA-C01-008,DS01,cerro_azul,CAMPAIGN_01,200.000000000,202.000000000,2.000000000,0.060359617,0.000000000,0.000000000
CA-C01-008-A0102,CA-C01-008,DS01,cerro_azul,CAMPAIGN_01,202.000000000,204.000000000,2.000000000,0.060047688,0.000000000,0.000000000
CA-C01-008-A0103,CA-C01-008,DS01,cerro_azul,CAMPAIGN_01,204.000000000,206.000000000,2.000000000,0.058491836,0.000000000,0.000000000
CA-C01-008-A0104,CA-C01-008,DS01,cerro_azul,CAMPAIGN_01,206.000000000,208.000000000,2.000000000,0.058898660,0.000000000,0.000000000
CA-C01-008-A0105,CA-C01-008,DS01,cerro_azul,CAMPAIGN_01,208.000000000,210.000000000,2.000000000,0.062381385,0.000000000,0.000000000
CA-C01-008-A0106,CA-C01-008,DS01,cerro_azul,CAMPAIGN_01,210.000000000,212.000000000,2.000000000,0.062150646,0.000000000,0.000000000
CA-C01-008-A0107,CA-C01-008,DS01,cerro_azul,CAMPAIGN_01,212.000000000,214.000000000,2.000000000,0.057812349,0.000000000,0.000000000
CA-C01-008-A0108,CA-C01-008,DS01,cerro_azul,CAMPAIGN_01,214.000000000,216.000000000,2.000000000,0.065399907,0.000000000,0.000000000
CA-C01-008-A0109,CA-C01-008,DS01,cerro_azul,CAMPAIGN_01,216.000000000,218.000000000,2.000000000,0.069104396,0.000000000,0.000000000
CA-C01-008-A0110,CA-C01-008,DS01,cerro_azul,CAMPAIGN_01,218.000000000,220.000000000,2.000000000,0.065642085,0.000000000,0.000000000
CA-C01-008-A0111,CA-C01-008,DS01,cerro_azul,CAMPAIGN_01,220.000000000,222.000000000,2.000000000,0.060429478,0.000000000,0.000000000
CA-C01-008-A0112,CA-C01-008,DS01,cerro_azul,CAMPAIGN_01,222.000000000,224.000000000,2.000000000,0.067525455,0.000000000,0.000000000
CA-C01-008-A0113,CA-C01-008,DS01,cerro_azul,CAMPAIGN_01,224.000000000,226.000000000,2.000000000,0.066092730,0.000000000,0.000000000
CA-C01-008-A0114,CA-C01-008,DS01,cerro_azul,CAMPAIGN_01,226.000000000,228.000000000,2.000000000,0.062560005,0.000000000,0.000000000
CA-C01-008-A0115,CA-C01-008,DS01,cerro_azul,CAMPAIGN_01,228.000000000,230.000000000,2.000000000,0.069009067,0.000000000,0.000000000
CA-C01-008-A0116,CA-C01-008,DS01,cerro_azul,CAMPAIGN_01,230.000000000,232.000000000,2.000000000,0.065715033,0.000000000,0.000000000
CA-C01-008-A0117,CA-C01-008,DS01,cerro_azul,CAMPAIGN_01,232.000000000,234.000000000,2.000000000,0.068942059,0.000000000,0.000000000
CA-C01-008-A0118,CA-C01-008,DS01,cerro_azul,CAMPAIGN_01,234.000000000,236.000000000,2.000000000,0.072327450,0.000000000,0.000000000
CA-C01-008-A0119,CA-C01-008,DS01,cerro_azul,CAMPAIGN_01,236.000000000,238.000000000,2.000000000,0.071676791,0.000000000,0.000000000
CA-C01-008-A0120,CA-C01-008,DS01,cerro_azul,CAMPAIGN_01,238.000000000,240.000000000,2.000000000,0.071941873,0.000000000,0.000000000
CA-C01-008-A0121,CA-C01-008,DS01,cerro_azul,CAMPAIGN_01,240.000000000,242.000000000,2.000000000,0.069375756,0.000000000,0.000000000
CA-C01-008-A0122,CA-C01-008,DS01,cerro_azul,CAMPAIGN_01,242.000000000,244.000000000,2.000000000,0.073305697,0.000000000,0.000000000
CA-C01-008-A0123,CA-C01-008,DS01,cerro_azul,CAMPAIGN_01,244.000000000,246.000000000,2.000000000,0.071055011,0.000000000,0.000000000
CA-C01-008-A0124,CA-C01-008,DS01,cerro_azul,CAMPAIGN_01,246.000000000,248.000000000,2.000000000,0.074259106,0.000000000,0.000000000
CA-C01-008-A0125,CA-C01-008,DS01,cerro_azul,CAMPAIGN_01,248.000000000,250.000000000,2.000000000,0.075491674,0.000000000,0.000000000
CA-C01-008-A0126,CA-C01-008,DS01,cerro_azul,CAMPAIGN_01,250.000000000,252.000000000,2.000000000,0.071833281,0.000000000,0.000000000
CA-C01-008-A0127,CA-C01-008,DS01,cerro_azul,CAMPAIGN_01,252.000000000,254.000000000,2.000000000,0.070673267,0.000000000,0.000000000
CA-C01-008-A0128,CA-C01-008,DS01,cerro_azul,CAMPAIGN_01,254.000000000,256.000000000,2.000000000,0.075143690,0.000000000,0.000000000
CA-C01-008-A0129,CA-C01-008,DS01,cerro_azul,CAMPAIGN_01,256.000000000,258.000000000,2.000000000,0.073593599,0.000000000,0.000000000
CA-C01-008-A0130,CA-C01-008,DS01,cerro_azul,CAMPAIGN_01,258.000000000,260.000000000,2.000000000,0.070415831,0.000000000,0.000000000
CA-C01-008-A0131,CA-C01-008,DS01,cerro_azul,CAMPAIGN_01,260.000000000,262.000000000,2.000000000,0.089075756,0.000000000,0.000000000
CA-C01-008-A0132,CA-C01-008,DS01,cerro_azul,CAMPAIGN_01,262.000000000,264.000000000,2.000000000,0.072021899,0.000000000,0.000000000
CA-C01-008-A0133,CA-C01-008,DS01,cerro_azul,CAMPAIGN_01,264.000000000,266.000000000,2.000000000,0.071848251,0.000000000,0.000000000
CA-C01-008-A0134,CA-C01-008,DS01,cerro_azul,CAMPAIGN_01,266.000000000,268.000000000,2.000000000,0.077755601,0.000000000,0.000000000
CA-C01-008-A0135,CA-C01-008,DS01,cerro_azul,CAMPAIGN_01,268.000000000,270.000000000,2.000000000,0.072443325,0.000000000,0.000000000
CA-C01-008-A0136,CA-C01-008,DS01,cerro_azul,CAMPAIGN_01,270.000000000,272.000000000,2.000000000,0.080315242,0.000000000,0.000000000
CA-C01-008-A0137,CA-C01-008,DS01,cerro_azul,CAMPAIGN_01,272.000000000,274.000000000,2.000000000,0.079974090,0.000000000,0.000000000
CA-C01-008-A0138,CA-C01-008,DS01,cerro_azul,CAMPAIGN_01,274.000000000,276.000000000,2.000000000,0.079986557,0.000000000,0.000000000
CA-C01-008-A0139,CA-C01-008,DS01,cerro_azul,CAMPAIGN_01,276.000000000,278.000000000,2.000000000,0.080636098,0.000000000,0.000000000
CA-C01-008-A0140,CA-C01-008,DS01,cerro_azul,CAMPAIGN_01,278.000000000,280.000000000,2.000000000,0.079640709,0.000000000,0.000000000
CA-C01-008-A0141,CA-C01-008,DS01,cerro_azul,CAMPAIGN_01,280.000000000,282.000000000,2.000000000,0.076690626,0.000000000,0.000000000
CA-C01-008-A0142,CA-C01-008,DS01,cerro_azul,CAMPAIGN_01,282.000000000,284.000000000,2.000000000,0.079408987,0.000000000,0.000000000
CA-C01-008-A0143,CA-C01-008,DS01,cerro_azul,CAMPAIGN_01,284.000000000,286.000000000,2.000000000,0.077009086,0.000000000,0.000000000
CA-C01-008-A0144,CA-C01-008,DS01,cerro_azul,CAMPAIGN_01,286.000000000,288.000000000,2.000000000,0.082488326,0.000000000,0.000000000
CA-C01-008-A0145,CA-C01-008,DS01,cerro_azul,CAMPAIGN_01,288.000000000,290.000000000,2.000000000,0.079285250,0.000000000,0.000000000
CA-C01-008-A0146,CA-C01-008,DS01,cerro_azul,CAMPAIGN_01,290.000000000,292.000000000,2.000000000,0.075666847,0.000000000,0.000000000
CA-C01-008-A0147,CA-C01-008,DS01,cerro_azul,CAMPAIGN_01,292.000000000,294.000000000,2.000000000,0.077364904,0.000000000,0.000000000
CA-C01-008-A0148,CA-C01-008,DS01,cerro_azul,CAMPAIGN_01,294.000000000,296.000000000,2.000000000,0.076553881,0.000000000,0.000000000
CA-C01-008-A0149,CA-C01-008,DS01,cerro_azul,CAMPAIGN_01,296.000000000,298.000000000,2.000000000,0.081393283,0.000000000,0.000000000
CA-C01-008-A0150,CA-C01-008,DS01,cerro_azul,CAMPAIGN_01,298.000000000,300.000000000,2.000000000,0.079770751,0.000000000,0.000000000
CA-C01-008-A0151,CA-C01-008,DS01,cerro_azul,CAMPAIGN_01,300.000000000,302.000000000,2.000000000,0.073196424,0.000000000,0.000000000
CA-C01-008-A0152,CA-C01-008,DS01,cerro_azul,CAMPAIGN_01,302.000000000,304.000000000,2.000000000,0.072908691,0.000000000,0.000000000
CA-C01-008-A0153,CA-C01-008,DS01,cerro_azul,CAMPAIGN_01,304.000000000,306.000000000,2.000000000,0.082113344,0.000000000,0.000000000
CA-C01-008-A0154,CA-C01-008,DS01,cerro_azul,CAMPAIGN_01,306.000000000,308.000000000,2.000000000,0.074896290,0.000000000,0.000000000
CA-C01-008-A0155,CA-C01-008,DS01,cerro_azul,CAMPAIGN_01,308.000000000,310.000000000,2.000000000,0.074918549,0.000000000,0.000000000
CA-C01-008-A0156,CA-C01-008,DS01,cerro_azul,CAMPAIGN_01,310.000000000,312.000000000,2.000000000,0.077288582,0.000000000,0.000000000
CA-C01-008-A0157,CA-C01-008,DS01,cerro_azul,CAMPAIGN_01,312.000000000,314.000000000,2.000000000,0.074894455,0.000000000,0.000000000
CA-C01-008-A0158,CA-C01-008,DS01,cerro_azul,CAMPAIGN_01,314.000000000,315.062015269,1.062015269,0.081210361,0.000000000,0.000000000
CA-C01-009-A0001,CA-C01-009,DS01,cerro_azul,CAMPAIGN_01,0.000000000,2.000000000,2.000000000,0.043924218,0.000000000,0.000000000
CA-C01-009-A0002,CA-C01-009,DS01,cerro_azul,CAMPAIGN_01,2.000000000,4.000000000,2.000000000,0.038996722,0.000000000,0.000000000
CA-C01-009-A0003,CA-C01-009,DS01,cerro_azul,CAMPAIGN_01,4.000000000,6.000000000,2.000000000,0.039166489,0.000000000,0.000000000
CA-C01-009-A0004,CA-C01-009,DS01,cerro_azul,CAMPAIGN_01,6.000000000,8.000000000,2.000000000,0.039841613,0.000000000,0.000000000
CA-C01-009-A0005,CA-C01-009,DS01,cerro_azul,CAMPAIGN_01,8.000000000,10.000000000,2.000000000,0.039615820,0.000000000,0.000000000
CA-C01-009-A0006,CA-C01-009,DS01,cerro_azul,CAMPAIGN_01,10.000000000,12.000000000,2.000000000,0.046764217,0.000000000,0.000000000
CA-C01-009-A0007,CA-C01-009,DS01,cerro_azul,CAMPAIGN_01,12.000000000,14.000000000,2.000000000,0.040473422,0.000000000,0.000000000
CA-C01-009-A0008,CA-C01-009,DS01,cerro_azul,CAMPAIGN_01,14.000000000,16.000000000,2.000000000,0.046416941,0.000000000,0.000000000
CA-C01-009-A0009,CA-C01-009,DS01,cerro_azul,CAMPAIGN_01,16.000000000,18.000000000,2.000000000,0.048977173,0.000000000,0.000000000
CA-C01-009-A0010,CA-C01-009,DS01,cerro_azul,CAMPAIGN_01,18.000000000,20.000000000,2.000000000,0.047182307,0.000000000,0.000000000
CA-C01-009-A0011,CA-C01-009,DS01,cerro_azul,CAMPAIGN_01,20.000000000,22.000000000,2.000000000,0.047408083,0.000000000,0.000000000
CA-C01-009-A0012,CA-C01-009,DS01,cerro_azul,CAMPAIGN_01,22.000000000,24.000000000,2.000000000,0.048859948,0.000000000,0.000000000
CA-C01-009-A0013,CA-C01-009,DS01,cerro_azul,CAMPAIGN_01,24.000000000,26.000000000,2.000000000,0.053791762,0.000000000,0.000000000
CA-C01-009-A0014,CA-C01-009,DS01,cerro_azul,CAMPAIGN_01,26.000000000,28.000000000,2.000000000,0.050311029,0.000000000,0.000000000
CA-C01-009-A0015,CA-C01-009,DS01,cerro_azul,CAMPAIGN_01,28.000000000,30.000000000,2.000000000,0.050813987,0.000000000,0.000000000
CA-C01-009-A0016,CA-C01-009,DS01,cerro_azul,CAMPAIGN_01,30.000000000,32.000000000,2.000000000,0.048225662,0.000000000,0.000000000
CA-C01-009-A0017,CA-C01-009,DS01,cerro_azul,CAMPAIGN_01,32.000000000,34.000000000,2.000000000,0.049074580,0.000000000,0.000000000
CA-C01-009-A0018,CA-C01-009,DS01,cerro_azul,CAMPAIGN_01,34.000000000,36.000000000,2.000000000,0.052198750,0.000000000,0.000000000
CA-C01-009-A0019,CA-C01-009,DS01,cerro_azul,CAMPAIGN_01,36.000000000,38.000000000,2.000000000,0.054090632,0.000000000,0.000000000
CA-C01-009-A0020,CA-C01-009,DS01,cerro_azul,CAMPAIGN_01,38.000000000,40.000000000,2.000000000,0.053203673,0.000000000,0.000000000
CA-C01-009-A0021,CA-C01-009,DS01,cerro_azul,CAMPAIGN_01,40.000000000,42.000000000,2.000000000,0.056304696,0.000000000,0.000000000
CA-C01-009-A0022,CA-C01-009,DS01,cerro_azul,CAMPAIGN_01,42.000000000,44.000000000,2.000000000,0.049147130,0.000000000,0.000000000
CA-C01-009-A0023,CA-C01-009,DS01,cerro_azul,CAMPAIGN_01,44.000000000,46.000000000,2.000000000,0.050594849,0.000000000,0.000000000
CA-C01-009-A0024,CA-C01-009,DS01,cerro_azul,CAMPAIGN_01,46.000000000,48.000000000,2.000000000,0.051563935,0.000000000,0.000000000
CA-C01-009-A0025,CA-C01-009,DS01,cerro_azul,CAMPAIGN_01,48.000000000,50.000000000,2.000000000,0.055289405,0.000000000,0.000000000
CA-C01-009-A0026,CA-C01-009,DS01,cerro_azul,CAMPAIGN_01,50.000000000,52.000000000,2.000000000,0.057199623,0.000000000,0.000000000
CA-C01-009-A0027,CA-C01-009,DS01,cerro_azul,CAMPAIGN_01,52.000000000,54.000000000,2.000000000,0.055007576,0.000000000,0.000000000
CA-C01-009-A0028,CA-C01-009,DS01,cerro_azul,CAMPAIGN_01,54.000000000,56.000000000,2.000000000,0.058042812,0.000000000,0.000000000
CA-C01-009-A0029,CA-C01-009,DS01,cerro_azul,CAMPAIGN_01,56.000000000,58.000000000,2.000000000,0.055422589,0.000000000,0.000000000
CA-C01-009-A0030,CA-C01-009,DS01,cerro_azul,CAMPAIGN_01,58.000000000,60.000000000,2.000000000,0.057427580,0.000000000,0.000000000
CA-C01-009-A0031,CA-C01-009,DS01,cerro_azul,CAMPAIGN_01,60.000000000,62.000000000,2.000000000,0.058821258,0.000000000,0.000000000
CA-C01-009-A0032,CA-C01-009,DS01,cerro_azul,CAMPAIGN_01,62.000000000,64.000000000,2.000000000,0.058789396,0.000000000,0.000000000
CA-C01-009-A0033,CA-C01-009,DS01,cerro_azul,CAMPAIGN_01,64.000000000,66.000000000,2.000000000,0.055765943,0.000000000,0.000000000
CA-C01-009-A0034,CA-C01-009,DS01,cerro_azul,CAMPAIGN_01,66.000000000,68.000000000,2.000000000,0.061108185,0.000000000,0.000000000
CA-C01-009-A0035,CA-C01-009,DS01,cerro_azul,CAMPAIGN_01,68.000000000,70.000000000,2.000000000,0.059333915,0.000000000,0.000000000
CA-C01-009-A0036,CA-C01-009,DS01,cerro_azul,CAMPAIGN_01,70.000000000,72.000000000,2.000000000,0.061219962,0.000000000,0.000000000
CA-C01-009-A0037,CA-C01-009,DS01,cerro_azul,CAMPAIGN_01,72.000000000,74.000000000,2.000000000,0.057003894,0.000000000,0.000000000
CA-C01-009-A0038,CA-C01-009,DS01,cerro_azul,CAMPAIGN_01,74.000000000,76.000000000,2.000000000,0.060653504,0.000000000,0.000000000
CA-C01-009-A0039,CA-C01-009,DS01,cerro_azul,CAMPAIGN_01,76.000000000,78.000000000,2.000000000,0.062112373,0.000000000,0.000000000
CA-C01-009-A0040,CA-C01-009,DS01,cerro_azul,CAMPAIGN_01,78.000000000,80.000000000,2.000000000,0.062826696,0.000000000,0.000000000
CA-C01-009-A0041,CA-C01-009,DS01,cerro_azul,CAMPAIGN_01,80.000000000,82.000000000,2.000000000,0.065158980,0.000000000,0.000000000
CA-C01-009-A0042,CA-C01-009,DS01,cerro_azul,CAMPAIGN_01,82.000000000,84.000000000,2.000000000,0.064149012,0.000000000,0.000000000
CA-C01-009-A0043,CA-C01-009,DS01,cerro_azul,CAMPAIGN_01,84.000000000,86.000000000,2.000000000,0.064712348,0.000000000,0.000000000
CA-C01-009-A0044,CA-C01-009,DS01,cerro_azul,CAMPAIGN_01,86.000000000,88.000000000,2.000000000,0.066614429,0.000000000,0.000000000
CA-C01-009-A0045,CA-C01-009,DS01,cerro_azul,CAMPAIGN_01,88.000000000,90.000000000,2.000000000,0.060753635,0.000000000,0.000000000
CA-C01-009-A0046,CA-C01-009,DS01,cerro_azul,CAMPAIGN_01,90.000000000,92.000000000,2.000000000,0.063970108,0.000000000,0.000000000
CA-C01-009-A0047,CA-C01-009,DS01,cerro_azul,CAMPAIGN_01,92.000000000,94.000000000,2.000000000,0.065015174,0.000000000,0.000000000
CA-C01-009-A0048,CA-C01-009,DS01,cerro_azul,CAMPAIGN_01,94.000000000,96.000000000,2.000000000,0.067082654,0.000000000,0.000000000
CA-C01-009-A0049,CA-C01-009,DS01,cerro_azul,CAMPAIGN_01,96.000000000,98.000000000,2.000000000,0.060267754,0.000000000,0.000000000
CA-C01-009-A0050,CA-C01-009,DS01,cerro_azul,CAMPAIGN_01,98.000000000,100.000000000,2.000000000,0.069006021,0.000000000,0.000000000
CA-C01-009-A0051,CA-C01-009,DS01,cerro_azul,CAMPAIGN_01,100.000000000,102.000000000,2.000000000,0.067154560,0.000000000,0.000000000
CA-C01-009-A0052,CA-C01-009,DS01,cerro_azul,CAMPAIGN_01,102.000000000,104.000000000,2.000000000,0.064376904,0.000000000,0.000000000
CA-C01-009-A0053,CA-C01-009,DS01,cerro_azul,CAMPAIGN_01,104.000000000,106.000000000,2.000000000,0.061361520,0.000000000,0.000000000
CA-C01-009-A0054,CA-C01-009,DS01,cerro_azul,CAMPAIGN_01,106.000000000,108.000000000,2.000000000,0.065970079,0.000000000,0.000000000
CA-C01-009-A0055,CA-C01-009,DS01,cerro_azul,CAMPAIGN_01,108.000000000,110.000000000,2.000000000,0.055551403,0.000000000,0.000000000
CA-C01-009-A0056,CA-C01-009,DS01,cerro_azul,CAMPAIGN_01,110.000000000,112.000000000,2.000000000,0.063064372,0.000000000,0.000000000
CA-C01-009-A0057,CA-C01-009,DS01,cerro_azul,CAMPAIGN_01,112.000000000,114.000000000,2.000000000,0.062083255,0.000000000,0.000000000
CA-C01-009-A0058,CA-C01-009,DS01,cerro_azul,CAMPAIGN_01,114.000000000,116.000000000,2.000000000,0.070045965,0.000000000,0.000000000
CA-C01-009-A0059,CA-C01-009,DS01,cerro_azul,CAMPAIGN_01,116.000000000,118.000000000,2.000000000,0.063671324,0.000000000,0.000000000
CA-C01-009-A0060,CA-C01-009,DS01,cerro_azul,CAMPAIGN_01,118.000000000,120.000000000,2.000000000,0.063402991,0.000000000,0.000000000
CA-C01-009-A0061,CA-C01-009,DS01,cerro_azul,CAMPAIGN_01,120.000000000,122.000000000,2.000000000,0.063142197,0.000000000,0.000000000
CA-C01-009-A0062,CA-C01-009,DS01,cerro_azul,CAMPAIGN_01,122.000000000,124.000000000,2.000000000,0.062622869,0.000000000,0.000000000
CA-C01-009-A0063,CA-C01-009,DS01,cerro_azul,CAMPAIGN_01,124.000000000,126.000000000,2.000000000,0.060889343,0.000000000,0.000000000
CA-C01-009-A0064,CA-C01-009,DS01,cerro_azul,CAMPAIGN_01,126.000000000,128.000000000,2.000000000,0.064418222,0.000000000,0.000000000
CA-C01-009-A0065,CA-C01-009,DS01,cerro_azul,CAMPAIGN_01,128.000000000,130.000000000,2.000000000,0.068096838,0.000000000,0.000000000
CA-C01-009-A0066,CA-C01-009,DS01,cerro_azul,CAMPAIGN_01,130.000000000,132.000000000,2.000000000,0.061335759,0.000000000,0.000000000
CA-C01-009-A0067,CA-C01-009,DS01,cerro_azul,CAMPAIGN_01,132.000000000,134.000000000,2.000000000,0.066040921,0.000000000,0.000000000
CA-C01-009-A0068,CA-C01-009,DS01,cerro_azul,CAMPAIGN_01,134.000000000,136.000000000,2.000000000,0.063031443,0.000000000,0.000000000
CA-C01-009-A0069,CA-C01-009,DS01,cerro_azul,CAMPAIGN_01,136.000000000,138.000000000,2.000000000,0.064661851,0.000000000,0.000000000
CA-C01-009-A0070,CA-C01-009,DS01,cerro_azul,CAMPAIGN_01,138.000000000,140.000000000,2.000000000,0.059219035,0.000000000,0.000000000
CA-C01-009-A0071,CA-C01-009,DS01,cerro_azul,CAMPAIGN_01,140.000000000,142.000000000,2.000000000,0.058421082,0.000000000,0.000000000
CA-C01-009-A0072,CA-C01-009,DS01,cerro_azul,CAMPAIGN_01,142.000000000,144.000000000,2.000000000,0.063367033,0.000000000,0.000000000
CA-C01-009-A0073,CA-C01-009,DS01,cerro_azul,CAMPAIGN_01,144.000000000,146.000000000,2.000000000,0.062340258,0.000000000,0.000000000
CA-C01-009-A0074,CA-C01-009,DS01,cerro_azul,CAMPAIGN_01,146.000000000,148.000000000,2.000000000,0.064520307,0.000000000,0.000000000
CA-C01-009-A0075,CA-C01-009,DS01,cerro_azul,CAMPAIGN_01,148.000000000,150.000000000,2.000000000,0.058689813,0.000000000,0.000000000
CA-C01-009-A0076,CA-C01-009,DS01,cerro_azul,CAMPAIGN_01,150.000000000,152.000000000,2.000000000,0.058561366,0.000000000,0.000000000
CA-C01-009-A0077,CA-C01-009,DS01,cerro_azul,CAMPAIGN_01,152.000000000,154.000000000,2.000000000,0.063341385,0.000000000,0.000000000
CA-C01-009-A0078,CA-C01-009,DS01,cerro_azul,CAMPAIGN_01,154.000000000,156.000000000,2.000000000,0.063031912,0.000000000,0.000000000
CA-C01-009-A0079,CA-C01-009,DS01,cerro_azul,CAMPAIGN_01,156.000000000,158.000000000,2.000000000,0.056331789,0.000000000,0.000000000
CA-C01-009-A0080,CA-C01-009,DS01,cerro_azul,CAMPAIGN_01,158.000000000,160.000000000,2.000000000,0.060630716,0.000000000,0.000000000
CA-C01-009-A0081,CA-C01-009,DS01,cerro_azul,CAMPAIGN_01,160.000000000,162.000000000,2.000000000,0.058853775,0.000000000,0.000000000
CA-C01-009-A0082,CA-C01-009,DS01,cerro_azul,CAMPAIGN_01,162.000000000,164.000000000,2.000000000,0.057041655,0.000000000,0.000000000
CA-C01-009-A0083,CA-C01-009,DS01,cerro_azul,CAMPAIGN_01,164.000000000,166.000000000,2.000000000,0.057648970,0.000000000,0.000000000
CA-C01-009-A0084,CA-C01-009,DS01,cerro_azul,CAMPAIGN_01,166.000000000,168.000000000,2.000000000,0.059091495,0.000000000,0.000000000
CA-C01-009-A0085,CA-C01-009,DS01,cerro_azul,CAMPAIGN_01,168.000000000,170.000000000,2.000000000,0.061595811,0.000000000,0.000000000
CA-C01-009-A0086,CA-C01-009,DS01,cerro_azul,CAMPAIGN_01,170.000000000,172.000000000,2.000000000,0.057463064,0.000000000,0.000000000
CA-C01-009-A0087,CA-C01-009,DS01,cerro_azul,CAMPAIGN_01,172.000000000,174.000000000,2.000000000,0.056983317,0.000000000,0.000000000
CA-C01-009-A0088,CA-C01-009,DS01,cerro_azul,CAMPAIGN_01,174.000000000,176.000000000,2.000000000,0.052843550,0.000000000,0.000000000
CA-C01-009-A0089,CA-C01-009,DS01,cerro_azul,CAMPAIGN_01,176.000000000,178.000000000,2.000000000,0.052189906,0.000000000,0.000000000
CA-C01-009-A0090,CA-C01-009,DS01,cerro_azul,CAMPAIGN_01,178.000000000,180.000000000,2.000000000,0.055444789,0.000000000,0.000000000
CA-C01-010-A0001,CA-C01-010,DS01,cerro_azul,CAMPAIGN_01,0.000000000,2.000000000,2.000000000,0.188911836,0.000000000,0.000000000
CA-C01-010-A0002,CA-C01-010,DS01,cerro_azul,CAMPAIGN_01,2.000000000,4.000000000,2.000000000,0.187428459,0.000000000,0.000000000
CA-C01-010-A0003,CA-C01-010,DS01,cerro_azul,CAMPAIGN_01,4.000000000,6.000000000,2.000000000,0.199973007,0.000000000,0.000000000
CA-C01-010-A0004,CA-C01-010,DS01,cerro_azul,CAMPAIGN_01,6.000000000,8.000000000,2.000000000,0.207286693,0.000000000,0.000000000
CA-C01-010-A0005,CA-C01-010,DS01,cerro_azul,CAMPAIGN_01,8.000000000,10.000000000,2.000000000,0.195097212,0.000000000,0.000000000
CA-C01-010-A0006,CA-C01-010,DS01,cerro_azul,CAMPAIGN_01,10.000000000,12.000000000,2.000000000,0.225230399,0.000000000,0.000000000
CA-C01-010-A0007,CA-C01-010,DS01,cerro_azul,CAMPAIGN_01,12.000000000,14.000000000,2.000000000,0.231412003,0.000000000,0.000000000
CA-C01-010-A0008,CA-C01-010,DS01,cerro_azul,CAMPAIGN_01,14.000000000,16.000000000,2.000000000,0.243986543,0.000000000,0.000000000
CA-C01-010-A0009,CA-C01-010,DS01,cerro_azul,CAMPAIGN_01,16.000000000,18.000000000,2.000000000,0.240119806,0.000000000,0.000000000
CA-C01-010-A0010,CA-C01-010,DS01,cerro_azul,CAMPAIGN_01,18.000000000,20.000000000,2.000000000,0.255138850,0.000000000,0.000000000
CA-C01-010-A0011,CA-C01-010,DS01,cerro_azul,CAMPAIGN_01,20.000000000,22.000000000,2.000000000,0.253820321,0.000000000,0.000000000
CA-C01-010-A0012,CA-C01-010,DS01,cerro_azul,CAMPAIGN_01,22.000000000,24.000000000,2.000000000,0.261522204,0.000000000,0.000000000
CA-C01-010-A0013,CA-C01-010,DS01,cerro_azul,CAMPAIGN_01,24.000000000,26.000000000,2.000000000,0.271420068,0.000000000,0.000000000
CA-C01-010-A0014,CA-C01-010,DS01,cerro_azul,CAMPAIGN_01,26.000000000,28.000000000,2.000000000,0.278925830,0.000000000,0.000000000
CA-C01-010-A0015,CA-C01-010,DS01,cerro_azul,CAMPAIGN_01,28.000000000,30.000000000,2.000000000,0.297716613,0.000000000,0.000000000
CA-C01-010-A0016,CA-C01-010,DS01,cerro_azul,CAMPAIGN_01,30.000000000,32.000000000,2.000000000,0.262728131,0.000000000,0.000000000
CA-C01-010-A0017,CA-C01-010,DS01,cerro_azul,CAMPAIGN_01,32.000000000,34.000000000,2.000000000,0.290530668,0.000000000,0.000000000
CA-C01-010-A0018,CA-C01-010,DS01,cerro_azul,CAMPAIGN_01,34.000000000,36.000000000,2.000000000,0.331439699,0.000000000,0.000000000
CA-C01-010-A0019,CA-C01-010,DS01,cerro_azul,CAMPAIGN_01,36.000000000,38.000000000,2.000000000,0.309901882,0.000000000,0.000000000
CA-C01-010-A0020,CA-C01-010,DS01,cerro_azul,CAMPAIGN_01,38.000000000,40.000000000,2.000000000,0.347058039,0.000000000,0.000000000
CA-C01-010-A0021,CA-C01-010,DS01,cerro_azul,CAMPAIGN_01,40.000000000,42.000000000,2.000000000,0.323769306,0.000000000,0.000000000
CA-C01-010-A0022,CA-C01-010,DS01,cerro_azul,CAMPAIGN_01,42.000000000,44.000000000,2.000000000,0.328267192,0.000000000,0.000000000
CA-C01-010-A0023,CA-C01-010,DS01,cerro_azul,CAMPAIGN_01,44.000000000,46.000000000,2.000000000,0.352478280,0.000000000,0.000000000
CA-C01-010-A0024,CA-C01-010,DS01,cerro_azul,CAMPAIGN_01,46.000000000,48.000000000,2.000000000,0.340584351,0.000000000,0.000000000
CA-C01-010-A0025,CA-C01-010,DS01,cerro_azul,CAMPAIGN_01,48.000000000,50.000000000,2.000000000,0.390387523,0.000000000,0.000000000
CA-C01-010-A0026,CA-C01-010,DS01,cerro_azul,CAMPAIGN_01,50.000000000,52.000000000,2.000000000,0.389696402,0.000000000,0.000000000
CA-C01-010-A0027,CA-C01-010,DS01,cerro_azul,CAMPAIGN_01,52.000000000,54.000000000,2.000000000,0.371558902,0.000000000,0.000000000
CA-C01-010-A0028,CA-C01-010,DS01,cerro_azul,CAMPAIGN_01,54.000000000,56.000000000,2.000000000,0.404389619,0.000000000,0.000000000
CA-C01-010-A0029,CA-C01-010,DS01,cerro_azul,CAMPAIGN_01,56.000000000,58.000000000,2.000000000,0.392634925,0.000000000,0.000000000
CA-C01-010-A0030,CA-C01-010,DS01,cerro_azul,CAMPAIGN_01,58.000000000,60.000000000,2.000000000,0.409163369,0.000000000,0.000000000
CA-C01-010-A0031,CA-C01-010,DS01,cerro_azul,CAMPAIGN_01,60.000000000,62.000000000,2.000000000,0.424595435,0.000000000,0.000000000
CA-C01-010-A0032,CA-C01-010,DS01,cerro_azul,CAMPAIGN_01,62.000000000,64.000000000,2.000000000,0.439389346,0.000000000,0.000000000
CA-C01-010-A0033,CA-C01-010,DS01,cerro_azul,CAMPAIGN_01,64.000000000,66.000000000,2.000000000,0.423925701,0.000000000,0.000000000
CA-C01-010-A0034,CA-C01-010,DS01,cerro_azul,CAMPAIGN_01,66.000000000,68.000000000,2.000000000,0.476487988,0.000000000,0.000000000
CA-C01-010-A0035,CA-C01-010,DS01,cerro_azul,CAMPAIGN_01,68.000000000,70.000000000,2.000000000,0.437018048,0.000000000,0.000000000
CA-C01-010-A0036,CA-C01-010,DS01,cerro_azul,CAMPAIGN_01,70.000000000,72.000000000,2.000000000,0.450169010,0.000000000,0.000000000
CA-C01-010-A0037,CA-C01-010,DS01,cerro_azul,CAMPAIGN_01,72.000000000,74.000000000,2.000000000,0.479635355,0.000000000,0.000000000
CA-C01-010-A0038,CA-C01-010,DS01,cerro_azul,CAMPAIGN_01,74.000000000,76.000000000,2.000000000,0.464956957,0.000000000,0.000000000
CA-C01-010-A0039,CA-C01-010,DS01,cerro_azul,CAMPAIGN_01,76.000000000,78.000000000,2.000000000,0.472187929,0.000000000,0.000000000
CA-C01-010-A0040,CA-C01-010,DS01,cerro_azul,CAMPAIGN_01,78.000000000,80.000000000,2.000000000,0.508454093,0.000000000,0.000000000
CA-C01-010-A0041,CA-C01-010,DS01,cerro_azul,CAMPAIGN_01,80.000000000,82.000000000,2.000000000,0.507086812,0.000000000,0.000000000
CA-C01-010-A0042,CA-C01-010,DS01,cerro_azul,CAMPAIGN_01,82.000000000,84.000000000,2.000000000,0.511250479,0.000000000,0.000000000
CA-C01-010-A0043,CA-C01-010,DS01,cerro_azul,CAMPAIGN_01,84.000000000,86.000000000,2.000000000,0.490820849,0.000000000,0.000000000
CA-C01-010-A0044,CA-C01-010,DS01,cerro_azul,CAMPAIGN_01,86.000000000,88.000000000,2.000000000,0.482920077,0.000000000,0.000000000
CA-C01-010-A0045,CA-C01-010,DS01,cerro_azul,CAMPAIGN_01,88.000000000,90.000000000,2.000000000,0.544594205,0.000000000,0.000000000
CA-C01-010-A0046,CA-C01-010,DS01,cerro_azul,CAMPAIGN_01,90.000000000,92.000000000,2.000000000,0.535371636,0.000000000,0.000000000
CA-C01-010-A0047,CA-C01-010,DS01,cerro_azul,CAMPAIGN_01,92.000000000,94.000000000,2.000000000,0.541200825,0.000000000,0.000000000
CA-C01-010-A0048,CA-C01-010,DS01,cerro_azul,CAMPAIGN_01,94.000000000,96.000000000,2.000000000,0.576392286,0.000000000,0.000000000
CA-C01-010-A0049,CA-C01-010,DS01,cerro_azul,CAMPAIGN_01,96.000000000,98.000000000,2.000000000,0.546013042,0.000000000,0.000000000
CA-C01-010-A0050,CA-C01-010,DS01,cerro_azul,CAMPAIGN_01,98.000000000,100.000000000,2.000000000,0.526330283,0.000000000,0.000000000
CA-C01-010-A0051,CA-C01-010,DS01,cerro_azul,CAMPAIGN_01,100.000000000,102.000000000,2.000000000,0.522214132,0.000000000,0.000000000
CA-C01-010-A0052,CA-C01-010,DS01,cerro_azul,CAMPAIGN_01,102.000000000,104.000000000,2.000000000,0.544663693,0.000000000,0.000000000
CA-C01-010-A0053,CA-C01-010,DS01,cerro_azul,CAMPAIGN_01,104.000000000,106.000000000,2.000000000,0.596775994,0.000000000,0.000000000
CA-C01-010-A0054,CA-C01-010,DS01,cerro_azul,CAMPAIGN_01,106.000000000,108.000000000,2.000000000,0.624473190,0.000000000,0.000000000
CA-C01-010-A0055,CA-C01-010,DS01,cerro_azul,CAMPAIGN_01,108.000000000,110.000000000,2.000000000,0.581404274,0.000000000,0.000000000
CA-C01-010-A0056,CA-C01-010,DS01,cerro_azul,CAMPAIGN_01,110.000000000,112.000000000,2.000000000,0.595314954,0.000000000,0.000000000
CA-C01-010-A0057,CA-C01-010,DS01,cerro_azul,CAMPAIGN_01,112.000000000,114.000000000,2.000000000,0.548234532,0.000000000,0.000000000
CA-C01-010-A0058,CA-C01-010,DS01,cerro_azul,CAMPAIGN_01,114.000000000,116.000000000,2.000000000,0.539286438,0.000000000,0.000000000
CA-C01-010-A0059,CA-C01-010,DS01,cerro_azul,CAMPAIGN_01,116.000000000,118.000000000,2.000000000,0.625066937,0.000000000,0.000000000
CA-C01-010-A0060,CA-C01-010,DS01,cerro_azul,CAMPAIGN_01,118.000000000,120.000000000,2.000000000,0.568621735,0.000000000,0.000000000
CA-C01-010-A0061,CA-C01-010,DS01,cerro_azul,CAMPAIGN_01,120.000000000,122.000000000,2.000000000,0.620361815,0.000000000,0.000000000
CA-C01-010-A0062,CA-C01-010,DS01,cerro_azul,CAMPAIGN_01,122.000000000,124.000000000,2.000000000,0.617263048,0.000000000,0.000000000
CA-C01-010-A0063,CA-C01-010,DS01,cerro_azul,CAMPAIGN_01,124.000000000,126.000000000,2.000000000,0.622438025,0.000000000,0.000000000
CA-C01-010-A0064,CA-C01-010,DS01,cerro_azul,CAMPAIGN_01,126.000000000,128.000000000,2.000000000,0.574304301,0.000000000,0.000000000
CA-C01-010-A0065,CA-C01-010,DS01,cerro_azul,CAMPAIGN_01,128.000000000,130.000000000,2.000000000,0.649353326,0.000000000,0.000000000
CA-C01-010-A0066,CA-C01-010,DS01,cerro_azul,CAMPAIGN_01,130.000000000,132.000000000,2.000000000,0.587984417,0.000000000,0.000000000
CA-C01-010-A0067,CA-C01-010,DS01,cerro_azul,CAMPAIGN_01,132.000000000,134.000000000,2.000000000,0.616664156,0.000000000,0.000000000
CA-C01-010-A0068,CA-C01-010,DS01,cerro_azul,CAMPAIGN_01,134.000000000,136.000000000,2.000000000,0.568152392,0.000000000,0.000000000
CA-C01-010-A0069,CA-C01-010,DS01,cerro_azul,CAMPAIGN_01,136.000000000,138.000000000,2.000000000,0.638942750,0.000000000,0.000000000
CA-C01-010-A0070,CA-C01-010,DS01,cerro_azul,CAMPAIGN_01,138.000000000,140.000000000,2.000000000,0.654441176,0.000000000,0.000000000
CA-C01-010-A0071,CA-C01-010,DS01,cerro_azul,CAMPAIGN_01,140.000000000,142.000000000,2.000000000,0.601186631,0.000000000,0.000000000
CA-C01-010-A0072,CA-C01-010,DS01,cerro_azul,CAMPAIGN_01,142.000000000,144.000000000,2.000000000,0.628025840,0.000000000,0.000000000
CA-C01-010-A0073,CA-C01-010,DS01,cerro_azul,CAMPAIGN_01,144.000000000,146.000000000,2.000000000,0.604054702,0.000000000,0.000000000
CA-C01-010-A0074,CA-C01-010,DS01,cerro_azul,CAMPAIGN_01,146.000000000,148.000000000,2.000000000,0.599047498,0.000000000,0.000000000
CA-C01-010-A0075,CA-C01-010,DS01,cerro_azul,CAMPAIGN_01,148.000000000,150.000000000,2.000000000,0.575378401,0.000000000,0.000000000
CA-C01-010-A0076,CA-C01-010,DS01,cerro_azul,CAMPAIGN_01,150.000000000,152.000000000,2.000000000,0.594329832,0.000000000,0.000000000
CA-C01-010-A0077,CA-C01-010,DS01,cerro_azul,CAMPAIGN_01,152.000000000,154.000000000,2.000000000,0.597416380,0.000000000,0.000000000
CA-C01-010-A0078,CA-C01-010,DS01,cerro_azul,CAMPAIGN_01,154.000000000,156.000000000,2.000000000,0.613917611,0.000000000,0.000000000
CA-C01-010-A0079,CA-C01-010,DS01,cerro_azul,CAMPAIGN_01,156.000000000,158.000000000,2.000000000,0.570889539,0.000000000,0.000000000
CA-C01-010-A0080,CA-C01-010,DS01,cerro_azul,CAMPAIGN_01,158.000000000,160.000000000,2.000000000,0.608986235,0.000000000,0.000000000
CA-C01-010-A0081,CA-C01-010,DS01,cerro_azul,CAMPAIGN_01,160.000000000,162.000000000,2.000000000,0.619750505,0.000000000,0.000000000
CA-C01-010-A0082,CA-C01-010,DS01,cerro_azul,CAMPAIGN_01,162.000000000,164.000000000,2.000000000,0.584940059,0.000000000,0.000000000
CA-C01-010-A0083,CA-C01-010,DS01,cerro_azul,CAMPAIGN_01,164.000000000,166.000000000,2.000000000,0.568535512,0.000000000,0.000000000
CA-C01-010-A0084,CA-C01-010,DS01,cerro_azul,CAMPAIGN_01,166.000000000,168.000000000,2.000000000,0.572908969,0.000000000,0.000000000
CA-C01-010-A0085,CA-C01-010,DS01,cerro_azul,CAMPAIGN_01,168.000000000,170.000000000,2.000000000,0.594659703,0.000000000,0.000000000
CA-C01-010-A0086,CA-C01-010,DS01,cerro_azul,CAMPAIGN_01,170.000000000,172.000000000,2.000000000,0.546117513,0.000000000,0.000000000
CA-C01-010-A0087,CA-C01-010,DS01,cerro_azul,CAMPAIGN_01,172.000000000,174.000000000,2.000000000,0.532044201,0.000000000,0.000000000
CA-C01-010-A0088,CA-C01-010,DS01,cerro_azul,CAMPAIGN_01,174.000000000,176.000000000,2.000000000,0.536918657,0.000000000,0.000000000
CA-C01-010-A0089,CA-C01-010,DS01,cerro_azul,CAMPAIGN_01,176.000000000,178.000000000,2.000000000,0.581627988,0.000000000,0.000000000
CA-C01-010-A0090,CA-C01-010,DS01,cerro_azul,CAMPAIGN_01,178.000000000,180.000000000,2.000000000,0.543720541,0.000000000,0.000000000
CA-C01-011-A0001,CA-C01-011,DS01,cerro_azul,CAMPAIGN_01,0.000000000,2.000000000,2.000000000,0.081984987,0.000000000,0.000000000
CA-C01-011-A0002,CA-C01-011,DS01,cerro_azul,CAMPAIGN_01,2.000000000,4.000000000,2.000000000,0.090614358,0.000000000,0.000000000
CA-C01-011-A0003,CA-C01-011,DS01,cerro_azul,CAMPAIGN_01,4.000000000,6.000000000,2.000000000,0.095092641,0.000000000,0.000000000
CA-C01-011-A0004,CA-C01-011,DS01,cerro_azul,CAMPAIGN_01,6.000000000,8.000000000,2.000000000,0.098723663,0.000000000,0.000000000
CA-C01-011-A0005,CA-C01-011,DS01,cerro_azul,CAMPAIGN_01,8.000000000,10.000000000,2.000000000,0.102441663,0.000000000,0.000000000
CA-C01-011-A0006,CA-C01-011,DS01,cerro_azul,CAMPAIGN_01,10.000000000,12.000000000,2.000000000,0.098609972,0.000000000,0.000000000
CA-C01-011-A0007,CA-C01-011,DS01,cerro_azul,CAMPAIGN_01,12.000000000,14.000000000,2.000000000,0.102907339,0.000000000,0.000000000
CA-C01-011-A0008,CA-C01-011,DS01,cerro_azul,CAMPAIGN_01,14.000000000,16.000000000,2.000000000,0.111750990,0.000000000,0.000000000
CA-C01-011-A0009,CA-C01-011,DS01,cerro_azul,CAMPAIGN_01,16.000000000,18.000000000,2.000000000,0.117105164,0.000000000,0.000000000
CA-C01-011-A0010,CA-C01-011,DS01,cerro_azul,CAMPAIGN_01,18.000000000,20.000000000,2.000000000,0.120947132,0.000000000,0.000000000
CA-C01-011-A0011,CA-C01-011,DS01,cerro_azul,CAMPAIGN_01,20.000000000,22.000000000,2.000000000,0.121736502,0.000000000,0.000000000
CA-C01-011-A0012,CA-C01-011,DS01,cerro_azul,CAMPAIGN_01,22.000000000,24.000000000,2.000000000,0.127717366,0.000000000,0.000000000
CA-C01-011-A0013,CA-C01-011,DS01,cerro_azul,CAMPAIGN_01,24.000000000,26.000000000,2.000000000,0.130845861,0.000000000,0.000000000
CA-C01-011-A0014,CA-C01-011,DS01,cerro_azul,CAMPAIGN_01,26.000000000,28.000000000,2.000000000,0.131778462,0.000000000,0.000000000
CA-C01-011-A0015,CA-C01-011,DS01,cerro_azul,CAMPAIGN_01,28.000000000,30.000000000,2.000000000,0.150350143,0.000000000,0.000000000
CA-C01-011-A0016,CA-C01-011,DS01,cerro_azul,CAMPAIGN_01,30.000000000,32.000000000,2.000000000,0.149346613,0.000000000,0.000000000
CA-C01-011-A0017,CA-C01-011,DS01,cerro_azul,CAMPAIGN_01,32.000000000,34.000000000,2.000000000,0.159278387,0.000000000,0.000000000
CA-C01-011-A0018,CA-C01-011,DS01,cerro_azul,CAMPAIGN_01,34.000000000,36.000000000,2.000000000,0.158862327,0.000000000,0.000000000
CA-C01-011-A0019,CA-C01-011,DS01,cerro_azul,CAMPAIGN_01,36.000000000,38.000000000,2.000000000,0.170178563,0.000000000,0.000000000
CA-C01-011-A0020,CA-C01-011,DS01,cerro_azul,CAMPAIGN_01,38.000000000,40.000000000,2.000000000,0.179539221,0.000000000,0.000000000
CA-C01-011-A0021,CA-C01-011,DS01,cerro_azul,CAMPAIGN_01,40.000000000,42.000000000,2.000000000,0.157807881,0.000000000,0.000000000
CA-C01-011-A0022,CA-C01-011,DS01,cerro_azul,CAMPAIGN_01,42.000000000,44.000000000,2.000000000,0.183228107,0.000000000,0.000000000
CA-C01-011-A0023,CA-C01-011,DS01,cerro_azul,CAMPAIGN_01,44.000000000,46.000000000,2.000000000,0.195303014,0.000000000,0.000000000
CA-C01-011-A0024,CA-C01-011,DS01,cerro_azul,CAMPAIGN_01,46.000000000,48.000000000,2.000000000,0.174875313,0.000000000,0.000000000
CA-C01-011-A0025,CA-C01-011,DS01,cerro_azul,CAMPAIGN_01,48.000000000,50.000000000,2.000000000,0.196925519,0.000000000,0.000000000
CA-C01-011-A0026,CA-C01-011,DS01,cerro_azul,CAMPAIGN_01,50.000000000,52.000000000,2.000000000,0.195064854,0.000000000,0.000000000
CA-C01-011-A0027,CA-C01-011,DS01,cerro_azul,CAMPAIGN_01,52.000000000,54.000000000,2.000000000,0.214705684,0.000000000,0.000000000
CA-C01-011-A0028,CA-C01-011,DS01,cerro_azul,CAMPAIGN_01,54.000000000,56.000000000,2.000000000,0.221115832,0.000000000,0.000000000
CA-C01-011-A0029,CA-C01-011,DS01,cerro_azul,CAMPAIGN_01,56.000000000,58.000000000,2.000000000,0.232486951,0.000000000,0.000000000
CA-C01-011-A0030,CA-C01-011,DS01,cerro_azul,CAMPAIGN_01,58.000000000,60.000000000,2.000000000,0.228631778,0.000000000,0.000000000
CA-C01-011-A0031,CA-C01-011,DS01,cerro_azul,CAMPAIGN_01,60.000000000,62.000000000,2.000000000,0.233456923,0.000000000,0.000000000
CA-C01-011-A0032,CA-C01-011,DS01,cerro_azul,CAMPAIGN_01,62.000000000,64.000000000,2.000000000,0.245333554,0.000000000,0.000000000
CA-C01-011-A0033,CA-C01-011,DS01,cerro_azul,CAMPAIGN_01,64.000000000,66.000000000,2.000000000,0.267990923,0.000000000,0.000000000
CA-C01-011-A0034,CA-C01-011,DS01,cerro_azul,CAMPAIGN_01,66.000000000,68.000000000,2.000000000,0.263822294,0.000000000,0.000000000
CA-C01-011-A0035,CA-C01-011,DS01,cerro_azul,CAMPAIGN_01,68.000000000,70.000000000,2.000000000,0.288871668,0.000000000,0.000000000
CA-C01-011-A0036,CA-C01-011,DS01,cerro_azul,CAMPAIGN_01,70.000000000,72.000000000,2.000000000,0.294787269,0.000000000,0.000000000
CA-C01-011-A0037,CA-C01-011,DS01,cerro_azul,CAMPAIGN_01,72.000000000,74.000000000,2.000000000,0.301463059,0.000000000,0.000000000
CA-C01-011-A0038,CA-C01-011,DS01,cerro_azul,CAMPAIGN_01,74.000000000,76.000000000,2.000000000,0.298722276,0.000000000,0.000000000
CA-C01-011-A0039,CA-C01-011,DS01,cerro_azul,CAMPAIGN_01,76.000000000,78.000000000,2.000000000,0.312034030,0.000000000,0.000000000
CA-C01-011-A0040,CA-C01-011,DS01,cerro_azul,CAMPAIGN_01,78.000000000,80.000000000,2.000000000,0.302532543,0.000000000,0.000000000
CA-C01-011-A0041,CA-C01-011,DS01,cerro_azul,CAMPAIGN_01,80.000000000,82.000000000,2.000000000,0.308432119,0.000000000,0.000000000
CA-C01-011-A0042,CA-C01-011,DS01,cerro_azul,CAMPAIGN_01,82.000000000,84.000000000,2.000000000,0.319370867,0.000000000,0.000000000
CA-C01-011-A0043,CA-C01-011,DS01,cerro_azul,CAMPAIGN_01,84.000000000,86.000000000,2.000000000,0.356622947,0.000000000,0.000000000
CA-C01-011-A0044,CA-C01-011,DS01,cerro_azul,CAMPAIGN_01,86.000000000,88.000000000,2.000000000,0.354555118,0.000000000,0.000000000
CA-C01-011-A0045,CA-C01-011,DS01,cerro_azul,CAMPAIGN_01,88.000000000,90.000000000,2.000000000,0.350039504,0.000000000,0.000000000
CA-C01-011-A0046,CA-C01-011,DS01,cerro_azul,CAMPAIGN_01,90.000000000,92.000000000,2.000000000,0.367737400,0.000000000,0.000000000
CA-C01-011-A0047,CA-C01-011,DS01,cerro_azul,CAMPAIGN_01,92.000000000,94.000000000,2.000000000,0.384326722,0.000000000,0.000000000
CA-C01-011-A0048,CA-C01-011,DS01,cerro_azul,CAMPAIGN_01,94.000000000,96.000000000,2.000000000,0.367914186,0.000000000,0.000000000
CA-C01-011-A0049,CA-C01-011,DS01,cerro_azul,CAMPAIGN_01,96.000000000,98.000000000,2.000000000,0.417009134,0.000000000,0.000000000
CA-C01-011-A0050,CA-C01-011,DS01,cerro_azul,CAMPAIGN_01,98.000000000,100.000000000,2.000000000,0.412262565,0.000000000,0.000000000
CA-C01-011-A0051,CA-C01-011,DS01,cerro_azul,CAMPAIGN_01,100.000000000,102.000000000,2.000000000,0.399314432,0.000000000,0.000000000
CA-C01-011-A0052,CA-C01-011,DS01,cerro_azul,CAMPAIGN_01,102.000000000,104.000000000,2.000000000,0.430071780,0.000000000,0.000000000
CA-C01-011-A0053,CA-C01-011,DS01,cerro_azul,CAMPAIGN_01,104.000000000,106.000000000,2.000000000,0.421342332,0.000000000,0.000000000
CA-C01-011-A0054,CA-C01-011,DS01,cerro_azul,CAMPAIGN_01,106.000000000,108.000000000,2.000000000,0.449611278,0.000000000,0.000000000
CA-C01-011-A0055,CA-C01-011,DS01,cerro_azul,CAMPAIGN_01,108.000000000,110.000000000,2.000000000,0.462682338,0.000000000,0.000000000
CA-C01-011-A0056,CA-C01-011,DS01,cerro_azul,CAMPAIGN_01,110.000000000,112.000000000,2.000000000,0.447128551,0.000000000,0.000000000
CA-C01-011-A0057,CA-C01-011,DS01,cerro_azul,CAMPAIGN_01,112.000000000,114.000000000,2.000000000,0.478284859,0.000000000,0.000000000
CA-C01-011-A0058,CA-C01-011,DS01,cerro_azul,CAMPAIGN_01,114.000000000,116.000000000,2.000000000,0.498759715,0.000000000,0.000000000
CA-C01-011-A0059,CA-C01-011,DS01,cerro_azul,CAMPAIGN_01,116.000000000,118.000000000,2.000000000,0.505872230,0.000000000,0.000000000
CA-C01-011-A0060,CA-C01-011,DS01,cerro_azul,CAMPAIGN_01,118.000000000,120.000000000,2.000000000,0.473497142,0.000000000,0.000000000
CA-C01-011-A0061,CA-C01-011,DS01,cerro_azul,CAMPAIGN_01,120.000000000,122.000000000,2.000000000,0.511356701,0.000000000,0.000000000
CA-C01-011-A0062,CA-C01-011,DS01,cerro_azul,CAMPAIGN_01,122.000000000,124.000000000,2.000000000,0.506923181,0.000000000,0.000000000
CA-C01-011-A0063,CA-C01-011,DS01,cerro_azul,CAMPAIGN_01,124.000000000,126.000000000,2.000000000,0.520162916,0.000000000,0.000000000
CA-C01-011-A0064,CA-C01-011,DS01,cerro_azul,CAMPAIGN_01,126.000000000,128.000000000,2.000000000,0.588580595,0.000000000,0.000000000
CA-C01-011-A0065,CA-C01-011,DS01,cerro_azul,CAMPAIGN_01,128.000000000,130.000000000,2.000000000,0.499623237,0.000000000,0.000000000
CA-C01-011-A0066,CA-C01-011,DS01,cerro_azul,CAMPAIGN_01,130.000000000,132.000000000,2.000000000,0.556763327,0.000000000,0.000000000
CA-C01-011-A0067,CA-C01-011,DS01,cerro_azul,CAMPAIGN_01,132.000000000,134.000000000,2.000000000,0.495779533,0.000000000,0.000000000
CA-C01-011-A0068,CA-C01-011,DS01,cerro_azul,CAMPAIGN_01,134.000000000,136.000000000,2.000000000,0.589579214,0.000000000,0.000000000
CA-C01-011-A0069,CA-C01-011,DS01,cerro_azul,CAMPAIGN_01,136.000000000,138.000000000,2.000000000,0.573016878,0.000000000,0.000000000
CA-C01-011-A0070,CA-C01-011,DS01,cerro_azul,CAMPAIGN_01,138.000000000,140.000000000,2.000000000,0.566533942,0.000000000,0.000000000
CA-C01-011-A0071,CA-C01-011,DS01,cerro_azul,CAMPAIGN_01,140.000000000,142.000000000,2.000000000,0.604266070,0.000000000,0.000000000
CA-C01-011-A0072,CA-C01-011,DS01,cerro_azul,CAMPAIGN_01,142.000000000,144.000000000,2.000000000,0.616174240,0.000000000,0.000000000
CA-C01-011-A0073,CA-C01-011,DS01,cerro_azul,CAMPAIGN_01,144.000000000,146.000000000,2.000000000,0.573238818,0.000000000,0.000000000
CA-C01-011-A0074,CA-C01-011,DS01,cerro_azul,CAMPAIGN_01,146.000000000,148.000000000,2.000000000,0.671876941,0.000000000,0.000000000
CA-C01-011-A0075,CA-C01-011,DS01,cerro_azul,CAMPAIGN_01,148.000000000,150.000000000,2.000000000,0.594499100,0.000000000,0.000000000
CA-C01-011-A0076,CA-C01-011,DS01,cerro_azul,CAMPAIGN_01,150.000000000,152.000000000,2.000000000,0.619055614,0.000000000,0.000000000
CA-C01-011-A0077,CA-C01-011,DS01,cerro_azul,CAMPAIGN_01,152.000000000,154.000000000,2.000000000,0.617956592,0.000000000,0.000000000
CA-C01-011-A0078,CA-C01-011,DS01,cerro_azul,CAMPAIGN_01,154.000000000,156.000000000,2.000000000,0.581628895,0.000000000,0.000000000
CA-C01-011-A0079,CA-C01-011,DS01,cerro_azul,CAMPAIGN_01,156.000000000,158.000000000,2.000000000,0.674729772,0.000000000,0.000000000
CA-C01-011-A0080,CA-C01-011,DS01,cerro_azul,CAMPAIGN_01,158.000000000,160.000000000,2.000000000,0.671809343,0.000000000,0.000000000
CA-C01-011-A0081,CA-C01-011,DS01,cerro_azul,CAMPAIGN_01,160.000000000,162.000000000,2.000000000,0.668604082,0.000000000,0.000000000
CA-C01-011-A0082,CA-C01-011,DS01,cerro_azul,CAMPAIGN_01,162.000000000,164.000000000,2.000000000,0.620556933,0.000000000,0.000000000
CA-C01-011-A0083,CA-C01-011,DS01,cerro_azul,CAMPAIGN_01,164.000000000,166.000000000,2.000000000,0.632203027,0.000000000,0.000000000
CA-C01-011-A0084,CA-C01-011,DS01,cerro_azul,CAMPAIGN_01,166.000000000,168.000000000,2.000000000,0.670841929,0.000000000,0.000000000
CA-C01-011-A0085,CA-C01-011,DS01,cerro_azul,CAMPAIGN_01,168.000000000,170.000000000,2.000000000,0.724449907,0.000000000,0.000000000
CA-C01-011-A0086,CA-C01-011,DS01,cerro_azul,CAMPAIGN_01,170.000000000,172.000000000,2.000000000,0.648250985,0.000000000,0.000000000
CA-C01-011-A0087,CA-C01-011,DS01,cerro_azul,CAMPAIGN_01,172.000000000,174.000000000,2.000000000,0.640725866,0.000000000,0.000000000
CA-C01-011-A0088,CA-C01-011,DS01,cerro_azul,CAMPAIGN_01,174.000000000,176.000000000,2.000000000,0.656756306,0.000000000,0.000000000
CA-C01-011-A0089,CA-C01-011,DS01,cerro_azul,CAMPAIGN_01,176.000000000,178.000000000,2.000000000,0.631734046,0.000000000,0.000000000
CA-C01-011-A0090,CA-C01-011,DS01,cerro_azul,CAMPAIGN_01,178.000000000,180.000000000,2.000000000,0.638035857,0.000000000,0.000000000
CA-C01-011-A0091,CA-C01-011,DS01,cerro_azul,CAMPAIGN_01,180.000000000,182.000000000,2.000000000,0.646169369,0.000000000,0.000000000
CA-C01-011-A0092,CA-C01-011,DS01,cerro_azul,CAMPAIGN_01,182.000000000,184.000000000,2.000000000,0.609440548,0.000000000,0.000000000
CA-C01-011-A0093,CA-C01-011,DS01,cerro_azul,CAMPAIGN_01,184.000000000,186.000000000,2.000000000,0.717845850,0.000000000,0.000000000
CA-C01-011-A0094,CA-C01-011,DS01,cerro_azul,CAMPAIGN_01,186.000000000,188.000000000,2.000000000,0.718845140,0.000000000,0.000000000
CA-C01-011-A0095,CA-C01-011,DS01,cerro_azul,CAMPAIGN_01,188.000000000,190.000000000,2.000000000,0.617230604,0.000000000,0.000000000
CA-C01-011-A0096,CA-C01-011,DS01,cerro_azul,CAMPAIGN_01,190.000000000,192.000000000,2.000000000,0.680039443,0.000000000,0.000000000
CA-C01-011-A0097,CA-C01-011,DS01,cerro_azul,CAMPAIGN_01,192.000000000,194.000000000,2.000000000,0.657064949,0.000000000,0.000000000
CA-C01-011-A0098,CA-C01-011,DS01,cerro_azul,CAMPAIGN_01,194.000000000,196.000000000,2.000000000,0.728049864,0.000000000,0.000000000
CA-C01-011-A0099,CA-C01-011,DS01,cerro_azul,CAMPAIGN_01,196.000000000,198.000000000,2.000000000,0.662438409,0.000000000,0.000000000
CA-C01-011-A0100,CA-C01-011,DS01,cerro_azul,CAMPAIGN_01,198.000000000,200.000000000,2.000000000,0.658444698,0.000000000,0.000000000
CA-C01-011-A0101,CA-C01-011,DS01,cerro_azul,CAMPAIGN_01,200.000000000,202.000000000,2.000000000,0.668513783,0.000000000,0.000000000
CA-C01-011-A0102,CA-C01-011,DS01,cerro_azul,CAMPAIGN_01,202.000000000,204.000000000,2.000000000,0.691380419,0.000000000,0.000000000
CA-C01-011-A0103,CA-C01-011,DS01,cerro_azul,CAMPAIGN_01,204.000000000,206.000000000,2.000000000,0.655459197,0.000000000,0.000000000
CA-C01-011-A0104,CA-C01-011,DS01,cerro_azul,CAMPAIGN_01,206.000000000,208.000000000,2.000000000,0.609773649,0.000000000,0.000000000
CA-C01-011-A0105,CA-C01-011,DS01,cerro_azul,CAMPAIGN_01,208.000000000,210.000000000,2.000000000,0.624994894,0.000000000,0.000000000
CA-C01-011-A0106,CA-C01-011,DS01,cerro_azul,CAMPAIGN_01,210.000000000,212.000000000,2.000000000,0.677618675,0.000000000,0.000000000
CA-C01-011-A0107,CA-C01-011,DS01,cerro_azul,CAMPAIGN_01,212.000000000,214.000000000,2.000000000,0.678007554,0.000000000,0.000000000
CA-C01-011-A0108,CA-C01-011,DS01,cerro_azul,CAMPAIGN_01,214.000000000,216.000000000,2.000000000,0.627421824,0.000000000,0.000000000
CA-C01-011-A0109,CA-C01-011,DS01,cerro_azul,CAMPAIGN_01,216.000000000,218.000000000,2.000000000,0.622554057,0.000000000,0.000000000
CA-C01-011-A0110,CA-C01-011,DS01,cerro_azul,CAMPAIGN_01,218.000000000,220.000000000,2.000000000,0.614995220,0.000000000,0.000000000
CA-C01-011-A0111,CA-C01-011,DS01,cerro_azul,CAMPAIGN_01,220.000000000,222.000000000,2.000000000,0.604360645,0.000000000,0.000000000
CA-C01-011-A0112,CA-C01-011,DS01,cerro_azul,CAMPAIGN_01,222.000000000,222.785895387,0.785895387,0.620698929,0.000000000,0.000000000
CA-C01-012-A0001,CA-C01-012,DS01,cerro_azul,CAMPAIGN_01,0.000000000,2.000000000,2.000000000,0.026267541,0.000000000,0.000000000
CA-C01-012-A0002,CA-C01-012,DS01,cerro_azul,CAMPAIGN_01,2.000000000,4.000000000,2.000000000,0.025134324,0.000000000,0.000000000
CA-C01-012-A0003,CA-C01-012,DS01,cerro_azul,CAMPAIGN_01,4.000000000,6.000000000,2.000000000,0.024676105,0.000000000,0.000000000
CA-C01-012-A0004,CA-C01-012,DS01,cerro_azul,CAMPAIGN_01,6.000000000,8.000000000,2.000000000,0.024122246,0.000000000,0.000000000
CA-C01-012-A0005,CA-C01-012,DS01,cerro_azul,CAMPAIGN_01,8.000000000,10.000000000,2.000000000,0.023920332,0.000000000,0.000000000
CA-C01-012-A0006,CA-C01-012,DS01,cerro_azul,CAMPAIGN_01,10.000000000,12.000000000,2.000000000,0.023448155,0.000000000,0.000000000
CA-C01-012-A0007,CA-C01-012,DS01,cerro_azul,CAMPAIGN_01,12.000000000,14.000000000,2.000000000,0.024414025,0.000000000,0.000000000
CA-C01-012-A0008,CA-C01-012,DS01,cerro_azul,CAMPAIGN_01,14.000000000,16.000000000,2.000000000,0.022850428,0.000000000,0.000000000
CA-C01-012-A0009,CA-C01-012,DS01,cerro_azul,CAMPAIGN_01,16.000000000,18.000000000,2.000000000,0.027845688,0.000000000,0.000000000
CA-C01-012-A0010,CA-C01-012,DS01,cerro_azul,CAMPAIGN_01,18.000000000,20.000000000,2.000000000,0.024093046,0.000000000,0.000000000
CA-C01-012-A0011,CA-C01-012,DS01,cerro_azul,CAMPAIGN_01,20.000000000,22.000000000,2.000000000,0.023207955,0.000000000,0.000000000
CA-C01-012-A0012,CA-C01-012,DS01,cerro_azul,CAMPAIGN_01,22.000000000,24.000000000,2.000000000,0.028567984,0.000000000,0.000000000
CA-C01-012-A0013,CA-C01-012,DS01,cerro_azul,CAMPAIGN_01,24.000000000,26.000000000,2.000000000,0.024242963,0.000000000,0.000000000
CA-C01-012-A0014,CA-C01-012,DS01,cerro_azul,CAMPAIGN_01,26.000000000,28.000000000,2.000000000,0.025689976,0.000000000,0.000000000
CA-C01-012-A0015,CA-C01-012,DS01,cerro_azul,CAMPAIGN_01,28.000000000,30.000000000,2.000000000,0.022165863,0.000000000,0.000000000
CA-C01-012-A0016,CA-C01-012,DS01,cerro_azul,CAMPAIGN_01,30.000000000,32.000000000,2.000000000,0.023084777,0.000000000,0.000000000
CA-C01-012-A0017,CA-C01-012,DS01,cerro_azul,CAMPAIGN_01,32.000000000,34.000000000,2.000000000,0.027320615,0.000000000,0.000000000
CA-C01-012-A0018,CA-C01-012,DS01,cerro_azul,CAMPAIGN_01,34.000000000,36.000000000,2.000000000,0.023444751,0.000000000,0.000000000
CA-C01-012-A0019,CA-C01-012,DS01,cerro_azul,CAMPAIGN_01,36.000000000,38.000000000,2.000000000,0.025791146,0.000000000,0.000000000
CA-C01-012-A0020,CA-C01-012,DS01,cerro_azul,CAMPAIGN_01,38.000000000,40.000000000,2.000000000,0.024022299,0.000000000,0.000000000
CA-C01-012-A0021,CA-C01-012,DS01,cerro_azul,CAMPAIGN_01,40.000000000,42.000000000,2.000000000,0.026964878,0.000000000,0.000000000
CA-C01-012-A0022,CA-C01-012,DS01,cerro_azul,CAMPAIGN_01,42.000000000,44.000000000,2.000000000,0.024882259,0.000000000,0.000000000
CA-C01-012-A0023,CA-C01-012,DS01,cerro_azul,CAMPAIGN_01,44.000000000,46.000000000,2.000000000,0.025406514,0.000000000,0.000000000
CA-C01-012-A0024,CA-C01-012,DS01,cerro_azul,CAMPAIGN_01,46.000000000,48.000000000,2.000000000,0.025522253,0.000000000,0.000000000
CA-C01-012-A0025,CA-C01-012,DS01,cerro_azul,CAMPAIGN_01,48.000000000,50.000000000,2.000000000,0.026746512,0.000000000,0.000000000
CA-C01-012-A0026,CA-C01-012,DS01,cerro_azul,CAMPAIGN_01,50.000000000,52.000000000,2.000000000,0.026776868,0.000000000,0.000000000
CA-C01-012-A0027,CA-C01-012,DS01,cerro_azul,CAMPAIGN_01,52.000000000,54.000000000,2.000000000,0.026026254,0.000000000,0.000000000
CA-C01-012-A0028,CA-C01-012,DS01,cerro_azul,CAMPAIGN_01,54.000000000,56.000000000,2.000000000,0.025856596,0.000000000,0.000000000
CA-C01-012-A0029,CA-C01-012,DS01,cerro_azul,CAMPAIGN_01,56.000000000,58.000000000,2.000000000,0.025042771,0.000000000,0.000000000
CA-C01-012-A0030,CA-C01-012,DS01,cerro_azul,CAMPAIGN_01,58.000000000,60.000000000,2.000000000,0.026132262,0.000000000,0.000000000
CA-C01-012-A0031,CA-C01-012,DS01,cerro_azul,CAMPAIGN_01,60.000000000,62.000000000,2.000000000,0.021946200,0.000000000,0.000000000
CA-C01-012-A0032,CA-C01-012,DS01,cerro_azul,CAMPAIGN_01,62.000000000,64.000000000,2.000000000,0.026454278,0.000000000,0.000000000
CA-C01-012-A0033,CA-C01-012,DS01,cerro_azul,CAMPAIGN_01,64.000000000,66.000000000,2.000000000,0.027702249,0.000000000,0.000000000
CA-C01-012-A0034,CA-C01-012,DS01,cerro_azul,CAMPAIGN_01,66.000000000,68.000000000,2.000000000,0.027735085,0.000000000,0.000000000
CA-C01-012-A0035,CA-C01-012,DS01,cerro_azul,CAMPAIGN_01,68.000000000,70.000000000,2.000000000,0.027961185,0.000000000,0.000000000
CA-C01-012-A0036,CA-C01-012,DS01,cerro_azul,CAMPAIGN_01,70.000000000,72.000000000,2.000000000,0.023353164,0.000000000,0.000000000
CA-C01-012-A0037,CA-C01-012,DS01,cerro_azul,CAMPAIGN_01,72.000000000,74.000000000,2.000000000,0.025893801,0.000000000,0.000000000
CA-C01-012-A0038,CA-C01-012,DS01,cerro_azul,CAMPAIGN_01,74.000000000,76.000000000,2.000000000,0.027238697,0.000000000,0.000000000
CA-C01-012-A0039,CA-C01-012,DS01,cerro_azul,CAMPAIGN_01,76.000000000,78.000000000,2.000000000,0.024816317,0.000000000,0.000000000
CA-C01-012-A0040,CA-C01-012,DS01,cerro_azul,CAMPAIGN_01,78.000000000,80.000000000,2.000000000,0.028798219,0.000000000,0.000000000
CA-C01-012-A0041,CA-C01-012,DS01,cerro_azul,CAMPAIGN_01,80.000000000,82.000000000,2.000000000,0.026414107,0.000000000,0.000000000
CA-C01-012-A0042,CA-C01-012,DS01,cerro_azul,CAMPAIGN_01,82.000000000,84.000000000,2.000000000,0.030630889,0.000000000,0.000000000
CA-C01-012-A0043,CA-C01-012,DS01,cerro_azul,CAMPAIGN_01,84.000000000,86.000000000,2.000000000,0.027078019,0.000000000,0.000000000
CA-C01-012-A0044,CA-C01-012,DS01,cerro_azul,CAMPAIGN_01,86.000000000,88.000000000,2.000000000,0.028228641,0.000000000,0.000000000
CA-C01-012-A0045,CA-C01-012,DS01,cerro_azul,CAMPAIGN_01,88.000000000,90.000000000,2.000000000,0.028733901,0.000000000,0.000000000
CA-C01-012-A0046,CA-C01-012,DS01,cerro_azul,CAMPAIGN_01,90.000000000,92.000000000,2.000000000,0.025323501,0.000000000,0.000000000
CA-C01-012-A0047,CA-C01-012,DS01,cerro_azul,CAMPAIGN_01,92.000000000,94.000000000,2.000000000,0.027276138,0.000000000,0.000000000
CA-C01-012-A0048,CA-C01-012,DS01,cerro_azul,CAMPAIGN_01,94.000000000,96.000000000,2.000000000,0.028241256,0.000000000,0.000000000
CA-C01-012-A0049,CA-C01-012,DS01,cerro_azul,CAMPAIGN_01,96.000000000,98.000000000,2.000000000,0.025359450,0.000000000,0.000000000
CA-C01-012-A0050,CA-C01-012,DS01,cerro_azul,CAMPAIGN_01,98.000000000,100.000000000,2.000000000,0.027542427,0.000000000,0.000000000
CA-C01-012-A0051,CA-C01-012,DS01,cerro_azul,CAMPAIGN_01,100.000000000,102.000000000,2.000000000,0.026982393,0.000000000,0.000000000
CA-C01-012-A0052,CA-C01-012,DS01,cerro_azul,CAMPAIGN_01,102.000000000,104.000000000,2.000000000,0.024395342,0.000000000,0.000000000
CA-C01-012-A0053,CA-C01-012,DS01,cerro_azul,CAMPAIGN_01,104.000000000,106.000000000,2.000000000,0.029086314,0.000000000,0.000000000
CA-C01-012-A0054,CA-C01-012,DS01,cerro_azul,CAMPAIGN_01,106.000000000,108.000000000,2.000000000,0.033271091,0.000000000,0.000000000
CA-C01-012-A0055,CA-C01-012,DS01,cerro_azul,CAMPAIGN_01,108.000000000,110.000000000,2.000000000,0.028345692,0.000000000,0.000000000
CA-C01-012-A0056,CA-C01-012,DS01,cerro_azul,CAMPAIGN_01,110.000000000,112.000000000,2.000000000,0.030454118,0.000000000,0.000000000
CA-C01-012-A0057,CA-C01-012,DS01,cerro_azul,CAMPAIGN_01,112.000000000,114.000000000,2.000000000,0.031457634,0.000000000,0.000000000
CA-C01-012-A0058,CA-C01-012,DS01,cerro_azul,CAMPAIGN_01,114.000000000,116.000000000,2.000000000,0.032228864,0.000000000,0.000000000
CA-C01-012-A0059,CA-C01-012,DS01,cerro_azul,CAMPAIGN_01,116.000000000,118.000000000,2.000000000,0.029131583,0.000000000,0.000000000
CA-C01-012-A0060,CA-C01-012,DS01,cerro_azul,CAMPAIGN_01,118.000000000,120.000000000,2.000000000,0.030168184,0.000000000,0.000000000
CA-C01-012-A0061,CA-C01-012,DS01,cerro_azul,CAMPAIGN_01,120.000000000,122.000000000,2.000000000,0.029181491,0.000000000,0.000000000
CA-C01-012-A0062,CA-C01-012,DS01,cerro_azul,CAMPAIGN_01,122.000000000,124.000000000,2.000000000,0.030769136,0.000000000,0.000000000
CA-C01-012-A0063,CA-C01-012,DS01,cerro_azul,CAMPAIGN_01,124.000000000,126.000000000,2.000000000,0.031457302,0.000000000,0.000000000
CA-C01-012-A0064,CA-C01-012,DS01,cerro_azul,CAMPAIGN_01,126.000000000,128.000000000,2.000000000,0.035995645,0.000000000,0.000000000
CA-C01-012-A0065,CA-C01-012,DS01,cerro_azul,CAMPAIGN_01,128.000000000,130.000000000,2.000000000,0.034549891,0.000000000,0.000000000
CA-C01-012-A0066,CA-C01-012,DS01,cerro_azul,CAMPAIGN_01,130.000000000,132.000000000,2.000000000,0.035265041,0.000000000,0.000000000
CA-C01-012-A0067,CA-C01-012,DS01,cerro_azul,CAMPAIGN_01,132.000000000,134.000000000,2.000000000,0.034174317,0.000000000,0.000000000
CA-C01-012-A0068,CA-C01-012,DS01,cerro_azul,CAMPAIGN_01,134.000000000,136.000000000,2.000000000,0.035835964,0.000000000,0.000000000
CA-C01-012-A0069,CA-C01-012,DS01,cerro_azul,CAMPAIGN_01,136.000000000,138.000000000,2.000000000,0.031707089,0.000000000,0.000000000
CA-C01-012-A0070,CA-C01-012,DS01,cerro_azul,CAMPAIGN_01,138.000000000,140.000000000,2.000000000,0.036685622,0.000000000,0.000000000
CA-C01-012-A0071,CA-C01-012,DS01,cerro_azul,CAMPAIGN_01,140.000000000,142.000000000,2.000000000,0.031521033,0.000000000,0.000000000
CA-C01-012-A0072,CA-C01-012,DS01,cerro_azul,CAMPAIGN_01,142.000000000,144.000000000,2.000000000,0.036054135,0.000000000,0.000000000
CA-C01-012-A0073,CA-C01-012,DS01,cerro_azul,CAMPAIGN_01,144.000000000,146.000000000,2.000000000,0.036188741,0.000000000,0.000000000
CA-C01-012-A0074,CA-C01-012,DS01,cerro_azul,CAMPAIGN_01,146.000000000,148.000000000,2.000000000,0.034372747,0.000000000,0.000000000
CA-C01-012-A0075,CA-C01-012,DS01,cerro_azul,CAMPAIGN_01,148.000000000,150.000000000,2.000000000,0.036978097,0.000000000,0.000000000
CA-C01-012-A0076,CA-C01-012,DS01,cerro_azul,CAMPAIGN_01,150.000000000,152.000000000,2.000000000,0.035193487,0.000000000,0.000000000
CA-C01-012-A0077,CA-C01-012,DS01,cerro_azul,CAMPAIGN_01,152.000000000,154.000000000,2.000000000,0.037716607,0.000000000,0.000000000
CA-C01-012-A0078,CA-C01-012,DS01,cerro_azul,CAMPAIGN_01,154.000000000,156.000000000,2.000000000,0.037346435,0.000000000,0.000000000
CA-C01-012-A0079,CA-C01-012,DS01,cerro_azul,CAMPAIGN_01,156.000000000,158.000000000,2.000000000,0.038555919,0.000000000,0.000000000
CA-C01-012-A0080,CA-C01-012,DS01,cerro_azul,CAMPAIGN_01,158.000000000,160.000000000,2.000000000,0.042353913,0.000000000,0.000000000
CA-C01-012-A0081,CA-C01-012,DS01,cerro_azul,CAMPAIGN_01,160.000000000,162.000000000,2.000000000,0.036831888,0.000000000,0.000000000
CA-C01-012-A0082,CA-C01-012,DS01,cerro_azul,CAMPAIGN_01,162.000000000,164.000000000,2.000000000,0.039581531,0.000000000,0.000000000
CA-C01-012-A0083,CA-C01-012,DS01,cerro_azul,CAMPAIGN_01,164.000000000,166.000000000,2.000000000,0.040979999,0.000000000,0.000000000
CA-C01-012-A0084,CA-C01-012,DS01,cerro_azul,CAMPAIGN_01,166.000000000,168.000000000,2.000000000,0.035171111,0.000000000,0.000000000
CA-C01-012-A0085,CA-C01-012,DS01,cerro_azul,CAMPAIGN_01,168.000000000,170.000000000,2.000000000,0.043127854,0.000000000,0.000000000
CA-C01-012-A0086,CA-C01-012,DS01,cerro_azul,CAMPAIGN_01,170.000000000,172.000000000,2.000000000,0.043853664,0.000000000,0.000000000
CA-C01-012-A0087,CA-C01-012,DS01,cerro_azul,CAMPAIGN_01,172.000000000,174.000000000,2.000000000,0.042703365,0.000000000,0.000000000
CA-C01-012-A0088,CA-C01-012,DS01,cerro_azul,CAMPAIGN_01,174.000000000,176.000000000,2.000000000,0.043169402,0.000000000,0.000000000
CA-C01-012-A0089,CA-C01-012,DS01,cerro_azul,CAMPAIGN_01,176.000000000,178.000000000,2.000000000,0.044797719,0.000000000,0.000000000
CA-C01-012-A0090,CA-C01-012,DS01,cerro_azul,CAMPAIGN_01,178.000000000,180.000000000,2.000000000,0.048297860,0.000000000,0.000000000
CA-C01-012-A0091,CA-C01-012,DS01,cerro_azul,CAMPAIGN_01,180.000000000,182.000000000,2.000000000,0.047989363,0.000000000,0.000000000
CA-C01-012-A0092,CA-C01-012,DS01,cerro_azul,CAMPAIGN_01,182.000000000,184.000000000,2.000000000,0.047712527,0.000000000,0.000000000
CA-C01-012-A0093,CA-C01-012,DS01,cerro_azul,CAMPAIGN_01,184.000000000,186.000000000,2.000000000,0.045165945,0.000000000,0.000000000
CA-C01-012-A0094,CA-C01-012,DS01,cerro_azul,CAMPAIGN_01,186.000000000,188.000000000,2.000000000,0.051739716,0.000000000,0.000000000
CA-C01-012-A0095,CA-C01-012,DS01,cerro_azul,CAMPAIGN_01,188.000000000,190.000000000,2.000000000,0.050058055,0.000000000,0.000000000
CA-C01-012-A0096,CA-C01-012,DS01,cerro_azul,CAMPAIGN_01,190.000000000,192.000000000,2.000000000,0.044040007,0.000000000,0.000000000
CA-C01-012-A0097,CA-C01-012,DS01,cerro_azul,CAMPAIGN_01,192.000000000,194.000000000,2.000000000,0.052745779,0.000000000,0.000000000
CA-C01-012-A0098,CA-C01-012,DS01,cerro_azul,CAMPAIGN_01,194.000000000,196.000000000,2.000000000,0.053384343,0.000000000,0.000000000
CA-C01-012-A0099,CA-C01-012,DS01,cerro_azul,CAMPAIGN_01,196.000000000,198.000000000,2.000000000,0.046598552,0.000000000,0.000000000
CA-C01-012-A0100,CA-C01-012,DS01,cerro_azul,CAMPAIGN_01,198.000000000,200.000000000,2.000000000,0.055102377,0.000000000,0.000000000
CA-C01-012-A0101,CA-C01-012,DS01,cerro_azul,CAMPAIGN_01,200.000000000,202.000000000,2.000000000,0.048613915,0.000000000,0.000000000
CA-C01-012-A0102,CA-C01-012,DS01,cerro_azul,CAMPAIGN_01,202.000000000,204.000000000,2.000000000,0.050917980,0.000000000,0.000000000
CA-C01-012-A0103,CA-C01-012,DS01,cerro_azul,CAMPAIGN_01,204.000000000,206.000000000,2.000000000,0.053571176,0.000000000,0.000000000
CA-C01-012-A0104,CA-C01-012,DS01,cerro_azul,CAMPAIGN_01,206.000000000,208.000000000,2.000000000,0.055060866,0.000000000,0.000000000
CA-C01-012-A0105,CA-C01-012,DS01,cerro_azul,CAMPAIGN_01,208.000000000,210.000000000,2.000000000,0.057377675,0.000000000,0.000000000
CA-C01-012-A0106,CA-C01-012,DS01,cerro_azul,CAMPAIGN_01,210.000000000,212.000000000,2.000000000,0.057274710,0.000000000,0.000000000
CA-C01-012-A0107,CA-C01-012,DS01,cerro_azul,CAMPAIGN_01,212.000000000,214.000000000,2.000000000,0.055840088,0.000000000,0.000000000
CA-C01-012-A0108,CA-C01-012,DS01,cerro_azul,CAMPAIGN_01,214.000000000,216.000000000,2.000000000,0.057461139,0.000000000,0.000000000
CA-C01-012-A0109,CA-C01-012,DS01,cerro_azul,CAMPAIGN_01,216.000000000,218.000000000,2.000000000,0.059329112,0.000000000,0.000000000
CA-C01-012-A0110,CA-C01-012,DS01,cerro_azul,CAMPAIGN_01,218.000000000,220.000000000,2.000000000,0.061113898,0.000000000,0.000000000
CA-C01-012-A0111,CA-C01-012,DS01,cerro_azul,CAMPAIGN_01,220.000000000,222.000000000,2.000000000,0.057602627,0.000000000,0.000000000
CA-C01-012-A0112,CA-C01-012,DS01,cerro_azul,CAMPAIGN_01,222.000000000,224.000000000,2.000000000,0.065426687,0.000000000,0.000000000
CA-C01-012-A0113,CA-C01-012,DS01,cerro_azul,CAMPAIGN_01,224.000000000,226.000000000,2.000000000,0.064770648,0.000000000,0.000000000
CA-C01-012-A0114,CA-C01-012,DS01,cerro_azul,CAMPAIGN_01,226.000000000,228.000000000,2.000000000,0.060056726,0.000000000,0.000000000
CA-C01-012-A0115,CA-C01-012,DS01,cerro_azul,CAMPAIGN_01,228.000000000,230.000000000,2.000000000,0.071276790,0.000000000,0.000000000
CA-C01-012-A0116,CA-C01-012,DS01,cerro_azul,CAMPAIGN_01,230.000000000,232.000000000,2.000000000,0.066189172,0.000000000,0.000000000
CA-C01-012-A0117,CA-C01-012,DS01,cerro_azul,CAMPAIGN_01,232.000000000,234.000000000,2.000000000,0.065559123,0.000000000,0.000000000
CA-C01-012-A0118,CA-C01-012,DS01,cerro_azul,CAMPAIGN_01,234.000000000,236.000000000,2.000000000,0.066269097,0.000000000,0.000000000
CA-C01-012-A0119,CA-C01-012,DS01,cerro_azul,CAMPAIGN_01,236.000000000,238.000000000,2.000000000,0.062019239,0.000000000,0.000000000
CA-C01-012-A0120,CA-C01-012,DS01,cerro_azul,CAMPAIGN_01,238.000000000,240.000000000,2.000000000,0.071996271,0.000000000,0.000000000
CA-C01-012-A0121,CA-C01-012,DS01,cerro_azul,CAMPAIGN_01,240.000000000,242.000000000,2.000000000,0.070931142,0.000000000,0.000000000
CA-C01-012-A0122,CA-C01-012,DS01,cerro_azul,CAMPAIGN_01,242.000000000,244.000000000,2.000000000,0.066574171,0.000000000,0.000000000
CA-C01-012-A0123,CA-C01-012,DS01,cerro_azul,CAMPAIGN_01,244.000000000,246.000000000,2.000000000,0.076897711,0.000000000,0.000000000
CA-C01-012-A0124,CA-C01-012,DS01,cerro_azul,CAMPAIGN_01,246.000000000,248.000000000,2.000000000,0.065646436,0.000000000,0.000000000
CA-C01-012-A0125,CA-C01-012,DS01,cerro_azul,CAMPAIGN_01,248.000000000,250.000000000,2.000000000,0.076206626,0.000000000,0.000000000
CA-C01-012-A0126,CA-C01-012,DS01,cerro_azul,CAMPAIGN_01,250.000000000,252.000000000,2.000000000,0.072712571,0.000000000,0.000000000
CA-C01-012-A0127,CA-C01-012,DS01,cerro_azul,CAMPAIGN_01,252.000000000,254.000000000,2.000000000,0.078254846,0.000000000,0.000000000
CA-C01-012-A0128,CA-C01-012,DS01,cerro_azul,CAMPAIGN_01,254.000000000,256.000000000,2.000000000,0.071432647,0.000000000,0.000000000
CA-C01-012-A0129,CA-C01-012,DS01,cerro_azul,CAMPAIGN_01,256.000000000,258.000000000,2.000000000,0.067355723,0.000000000,0.000000000
CA-C01-012-A0130,CA-C01-012,DS01,cerro_azul,CAMPAIGN_01,258.000000000,260.000000000,2.000000000,0.067733055,0.000000000,0.000000000
CA-C01-012-A0131,CA-C01-012,DS01,cerro_azul,CAMPAIGN_01,260.000000000,262.000000000,2.000000000,0.073213772,0.000000000,0.000000000
CA-C01-012-A0132,CA-C01-012,DS01,cerro_azul,CAMPAIGN_01,262.000000000,264.000000000,2.000000000,0.078542633,0.000000000,0.000000000
CA-C01-012-A0133,CA-C01-012,DS01,cerro_azul,CAMPAIGN_01,264.000000000,266.000000000,2.000000000,0.078775786,0.000000000,0.000000000
CA-C01-012-A0134,CA-C01-012,DS01,cerro_azul,CAMPAIGN_01,266.000000000,268.000000000,2.000000000,0.075754443,0.000000000,0.000000000
CA-C01-012-A0135,CA-C01-012,DS01,cerro_azul,CAMPAIGN_01,268.000000000,270.000000000,2.000000000,0.076559680,0.000000000,0.000000000
CA-C01-012-A0136,CA-C01-012,DS01,cerro_azul,CAMPAIGN_01,270.000000000,272.000000000,2.000000000,0.076800087,0.000000000,0.000000000
CA-C01-012-A0137,CA-C01-012,DS01,cerro_azul,CAMPAIGN_01,272.000000000,274.000000000,2.000000000,0.079646178,0.000000000,0.000000000
CA-C01-012-A0138,CA-C01-012,DS01,cerro_azul,CAMPAIGN_01,274.000000000,276.000000000,2.000000000,0.075743619,0.000000000,0.000000000
CA-C01-012-A0139,CA-C01-012,DS01,cerro_azul,CAMPAIGN_01,276.000000000,278.000000000,2.000000000,0.077321484,0.000000000,0.000000000
CA-C01-012-A0140,CA-C01-012,DS01,cerro_azul,CAMPAIGN_01,278.000000000,280.000000000,2.000000000,0.077099861,0.000000000,0.000000000
CA-C01-012-A0141,CA-C01-012,DS01,cerro_azul,CAMPAIGN_01,280.000000000,282.000000000,2.000000000,0.086699682,0.000000000,0.000000000
CA-C01-012-A0142,CA-C01-012,DS01,cerro_azul,CAMPAIGN_01,282.000000000,284.000000000,2.000000000,0.079781848,0.000000000,0.000000000
CA-C01-012-A0143,CA-C01-012,DS01,cerro_azul,CAMPAIGN_01,284.000000000,286.000000000,2.000000000,0.079954817,0.000000000,0.000000000
CA-C01-012-A0144,CA-C01-012,DS01,cerro_azul,CAMPAIGN_01,286.000000000,288.000000000,2.000000000,0.084669064,0.000000000,0.000000000
CA-C01-012-A0145,CA-C01-012,DS01,cerro_azul,CAMPAIGN_01,288.000000000,290.000000000,2.000000000,0.077056892,0.000000000,0.000000000
CA-C01-012-A0146,CA-C01-012,DS01,cerro_azul,CAMPAIGN_01,290.000000000,292.000000000,2.000000000,0.085006596,0.000000000,0.000000000
CA-C01-012-A0147,CA-C01-012,DS01,cerro_azul,CAMPAIGN_01,292.000000000,294.000000000,2.000000000,0.083078448,0.000000000,0.000000000
CA-C01-012-A0148,CA-C01-012,DS01,cerro_azul,CAMPAIGN_01,294.000000000,296.000000000,2.000000000,0.077662277,0.000000000,0.000000000
CA-C01-012-A0149,CA-C01-012,DS01,cerro_azul,CAMPAIGN_01,296.000000000,298.000000000,2.000000000,0.079503037,0.000000000,0.000000000
CA-C01-012-A0150,CA-C01-012,DS01,cerro_azul,CAMPAIGN_01,298.000000000,300.000000000,2.000000000,0.080822000,0.000000000,0.000000000
CA-C01-012-A0151,CA-C01-012,DS01,cerro_azul,CAMPAIGN_01,300.000000000,302.000000000,2.000000000,0.078706305,0.000000000,0.000000000
CA-C01-012-A0152,CA-C01-012,DS01,cerro_azul,CAMPAIGN_01,302.000000000,304.000000000,2.000000000,0.090893894,0.000000000,0.000000000
CA-C01-012-A0153,CA-C01-012,DS01,cerro_azul,CAMPAIGN_01,304.000000000,306.000000000,2.000000000,0.084892029,0.000000000,0.000000000
CA-C01-012-A0154,CA-C01-012,DS01,cerro_azul,CAMPAIGN_01,306.000000000,308.000000000,2.000000000,0.085575744,0.000000000,0.000000000
CA-C01-012-A0155,CA-C01-012,DS01,cerro_azul,CAMPAIGN_01,308.000000000,310.000000000,2.000000000,0.076887557,0.000000000,0.000000000
CA-C01-012-A0156,CA-C01-012,DS01,cerro_azul,CAMPAIGN_01,310.000000000,312.000000000,2.000000000,0.078855747,0.000000000,0.000000000
CA-C01-012-A0157,CA-C01-012,DS01,cerro_azul,CAMPAIGN_01,312.000000000,314.000000000,2.000000000,0.082382087,0.000000000,0.000000000
CA-C01-012-A0158,CA-C01-012,DS01,cerro_azul,CAMPAIGN_01,314.000000000,316.000000000,2.000000000,0.086740600,0.000000000,0.000000000
CA-C01-012-A0159,CA-C01-012,DS01,cerro_azul,CAMPAIGN_01,316.000000000,318.000000000,2.000000000,0.079104978,0.000000000,0.000000000
CA-C01-012-A0160,CA-C01-012,DS01,cerro_azul,CAMPAIGN_01,318.000000000,320.000000000,2.000000000,0.079480858,0.000000000,0.000000000
CA-C01-012-A0161,CA-C01-012,DS01,cerro_azul,CAMPAIGN_01,320.000000000,322.000000000,2.000000000,0.081732259,0.000000000,0.000000000
CA-C01-012-A0162,CA-C01-012,DS01,cerro_azul,CAMPAIGN_01,322.000000000,324.000000000,2.000000000,0.079036282,0.000000000,0.000000000
CA-C01-012-A0163,CA-C01-012,DS01,cerro_azul,CAMPAIGN_01,324.000000000,326.000000000,2.000000000,0.076930675,0.000000000,0.000000000
CA-C01-012-A0164,CA-C01-012,DS01,cerro_azul,CAMPAIGN_01,326.000000000,328.000000000,2.000000000,0.072307162,0.000000000,0.000000000
CA-C01-012-A0165,CA-C01-012,DS01,cerro_azul,CAMPAIGN_01,328.000000000,329.008741042,1.008741042,0.078721016,0.000000000,0.000000000
CA-C01-013-A0001,CA-C01-013,DS01,cerro_azul,CAMPAIGN_01,0.000000000,2.000000000,2.000000000,0.027103456,0.000000000,0.000000000
CA-C01-013-A0002,CA-C01-013,DS01,cerro_azul,CAMPAIGN_01,2.000000000,4.000000000,2.000000000,0.025151515,0.000000000,0.000000000
CA-C01-013-A0003,CA-C01-013,DS01,cerro_azul,CAMPAIGN_01,4.000000000,6.000000000,2.000000000,0.023794888,0.000000000,0.000000000
CA-C01-013-A0004,CA-C01-013,DS01,cerro_azul,CAMPAIGN_01,6.000000000,8.000000000,2.000000000,0.027318495,0.000000000,0.000000000
CA-C01-013-A0005,CA-C01-013,DS01,cerro_azul,CAMPAIGN_01,8.000000000,10.000000000,2.000000000,0.026725556,0.000000000,0.000000000
CA-C01-013-A0006,CA-C01-013,DS01,cerro_azul,CAMPAIGN_01,10.000000000,12.000000000,2.000000000,0.027271306,0.000000000,0.000000000
CA-C01-013-A0007,CA-C01-013,DS01,cerro_azul,CAMPAIGN_01,12.000000000,14.000000000,2.000000000,0.026151340,0.000000000,0.000000000
CA-C01-013-A0008,CA-C01-013,DS01,cerro_azul,CAMPAIGN_01,14.000000000,16.000000000,2.000000000,0.025508161,0.000000000,0.000000000
CA-C01-013-A0009,CA-C01-013,DS01,cerro_azul,CAMPAIGN_01,16.000000000,18.000000000,2.000000000,0.027878898,0.000000000,0.000000000
CA-C01-013-A0010,CA-C01-013,DS01,cerro_azul,CAMPAIGN_01,18.000000000,20.000000000,2.000000000,0.026540323,0.000000000,0.000000000
CA-C01-013-A0011,CA-C01-013,DS01,cerro_azul,CAMPAIGN_01,20.000000000,22.000000000,2.000000000,0.028018827,0.000000000,0.000000000
CA-C01-013-A0012,CA-C01-013,DS01,cerro_azul,CAMPAIGN_01,22.000000000,24.000000000,2.000000000,0.026548915,0.000000000,0.000000000
CA-C01-013-A0013,CA-C01-013,DS01,cerro_azul,CAMPAIGN_01,24.000000000,26.000000000,2.000000000,0.025590763,0.000000000,0.000000000
CA-C01-013-A0014,CA-C01-013,DS01,cerro_azul,CAMPAIGN_01,26.000000000,28.000000000,2.000000000,0.026213307,0.000000000,0.000000000
CA-C01-013-A0015,CA-C01-013,DS01,cerro_azul,CAMPAIGN_01,28.000000000,30.000000000,2.000000000,0.025981327,0.000000000,0.000000000
CA-C01-013-A0016,CA-C01-013,DS01,cerro_azul,CAMPAIGN_01,30.000000000,32.000000000,2.000000000,0.024625256,0.000000000,0.000000000
CA-C01-013-A0017,CA-C01-013,DS01,cerro_azul,CAMPAIGN_01,32.000000000,34.000000000,2.000000000,0.025710969,0.000000000,0.000000000
CA-C01-013-A0018,CA-C01-013,DS01,cerro_azul,CAMPAIGN_01,34.000000000,36.000000000,2.000000000,0.028277739,0.000000000,0.000000000
CA-C01-013-A0019,CA-C01-013,DS01,cerro_azul,CAMPAIGN_01,36.000000000,38.000000000,2.000000000,0.025621651,0.000000000,0.000000000
CA-C01-013-A0020,CA-C01-013,DS01,cerro_azul,CAMPAIGN_01,38.000000000,40.000000000,2.000000000,0.026171588,0.000000000,0.000000000
CA-C01-013-A0021,CA-C01-013,DS01,cerro_azul,CAMPAIGN_01,40.000000000,42.000000000,2.000000000,0.027650511,0.000000000,0.000000000
CA-C01-013-A0022,CA-C01-013,DS01,cerro_azul,CAMPAIGN_01,42.000000000,44.000000000,2.000000000,0.026621183,0.000000000,0.000000000
CA-C01-013-A0023,CA-C01-013,DS01,cerro_azul,CAMPAIGN_01,44.000000000,46.000000000,2.000000000,0.029443464,0.000000000,0.000000000
CA-C01-013-A0024,CA-C01-013,DS01,cerro_azul,CAMPAIGN_01,46.000000000,48.000000000,2.000000000,0.031594169,0.000000000,0.000000000
CA-C01-013-A0025,CA-C01-013,DS01,cerro_azul,CAMPAIGN_01,48.000000000,50.000000000,2.000000000,0.025170507,0.000000000,0.000000000
CA-C01-013-A0026,CA-C01-013,DS01,cerro_azul,CAMPAIGN_01,50.000000000,52.000000000,2.000000000,0.026047950,0.000000000,0.000000000
CA-C01-013-A0027,CA-C01-013,DS01,cerro_azul,CAMPAIGN_01,52.000000000,54.000000000,2.000000000,0.025432116,0.000000000,0.000000000
CA-C01-013-A0028,CA-C01-013,DS01,cerro_azul,CAMPAIGN_01,54.000000000,56.000000000,2.000000000,0.024701981,0.000000000,0.000000000
CA-C01-013-A0029,CA-C01-013,DS01,cerro_azul,CAMPAIGN_01,56.000000000,58.000000000,2.000000000,0.027743697,0.000000000,0.000000000
CA-C01-013-A0030,CA-C01-013,DS01,cerro_azul,CAMPAIGN_01,58.000000000,60.000000000,2.000000000,0.028059521,0.000000000,0.000000000
CA-C01-013-A0031,CA-C01-013,DS01,cerro_azul,CAMPAIGN_01,60.000000000,62.000000000,2.000000000,0.027736936,0.000000000,0.000000000
CA-C01-013-A0032,CA-C01-013,DS01,cerro_azul,CAMPAIGN_01,62.000000000,64.000000000,2.000000000,0.025841958,0.000000000,0.000000000
CA-C01-013-A0033,CA-C01-013,DS01,cerro_azul,CAMPAIGN_01,64.000000000,66.000000000,2.000000000,0.028922942,0.000000000,0.000000000
CA-C01-013-A0034,CA-C01-013,DS01,cerro_azul,CAMPAIGN_01,66.000000000,68.000000000,2.000000000,0.028477641,0.000000000,0.000000000
CA-C01-013-A0035,CA-C01-013,DS01,cerro_azul,CAMPAIGN_01,68.000000000,70.000000000,2.000000000,0.026547244,0.000000000,0.000000000
CA-C01-013-A0036,CA-C01-013,DS01,cerro_azul,CAMPAIGN_01,70.000000000,72.000000000,2.000000000,0.025403780,0.000000000,0.000000000
CA-C01-013-A0037,CA-C01-013,DS01,cerro_azul,CAMPAIGN_01,72.000000000,74.000000000,2.000000000,0.026007171,0.000000000,0.000000000
CA-C01-013-A0038,CA-C01-013,DS01,cerro_azul,CAMPAIGN_01,74.000000000,76.000000000,2.000000000,0.025655195,0.000000000,0.000000000
CA-C01-013-A0039,CA-C01-013,DS01,cerro_azul,CAMPAIGN_01,76.000000000,78.000000000,2.000000000,0.024299554,0.000000000,0.000000000
CA-C01-013-A0040,CA-C01-013,DS01,cerro_azul,CAMPAIGN_01,78.000000000,80.000000000,2.000000000,0.024579039,0.000000000,0.000000000
CA-C01-013-A0041,CA-C01-013,DS01,cerro_azul,CAMPAIGN_01,80.000000000,82.000000000,2.000000000,0.027172336,0.000000000,0.000000000
CA-C01-013-A0042,CA-C01-013,DS01,cerro_azul,CAMPAIGN_01,82.000000000,84.000000000,2.000000000,0.025615690,0.000000000,0.000000000
CA-C01-013-A0043,CA-C01-013,DS01,cerro_azul,CAMPAIGN_01,84.000000000,86.000000000,2.000000000,0.028253002,0.000000000,0.000000000
CA-C01-013-A0044,CA-C01-013,DS01,cerro_azul,CAMPAIGN_01,86.000000000,88.000000000,2.000000000,0.026488746,0.000000000,0.000000000
CA-C01-013-A0045,CA-C01-013,DS01,cerro_azul,CAMPAIGN_01,88.000000000,90.000000000,2.000000000,0.026957391,0.000000000,0.000000000
CA-C01-013-A0046,CA-C01-013,DS01,cerro_azul,CAMPAIGN_01,90.000000000,92.000000000,2.000000000,0.026318486,0.000000000,0.000000000
CA-C01-013-A0047,CA-C01-013,DS01,cerro_azul,CAMPAIGN_01,92.000000000,94.000000000,2.000000000,0.029006487,0.000000000,0.000000000
CA-C01-013-A0048,CA-C01-013,DS01,cerro_azul,CAMPAIGN_01,94.000000000,96.000000000,2.000000000,0.026479230,0.000000000,0.000000000
CA-C01-013-A0049,CA-C01-013,DS01,cerro_azul,CAMPAIGN_01,96.000000000,98.000000000,2.000000000,0.028564123,0.000000000,0.000000000
CA-C01-013-A0050,CA-C01-013,DS01,cerro_azul,CAMPAIGN_01,98.000000000,100.000000000,2.000000000,0.028188307,0.000000000,0.000000000
CA-C01-013-A0051,CA-C01-013,DS01,cerro_azul,CAMPAIGN_01,100.000000000,102.000000000,2.000000000,0.029791405,0.000000000,0.000000000
CA-C01-013-A0052,CA-C01-013,DS01,cerro_azul,CAMPAIGN_01,102.000000000,104.000000000,2.000000000,0.026934417,0.000000000,0.000000000
CA-C01-013-A0053,CA-C01-013,DS01,cerro_azul,CAMPAIGN_01,104.000000000,106.000000000,2.000000000,0.029485636,0.000000000,0.000000000
CA-C01-013-A0054,CA-C01-013,DS01,cerro_azul,CAMPAIGN_01,106.000000000,108.000000000,2.000000000,0.032776589,0.000000000,0.000000000
CA-C01-013-A0055,CA-C01-013,DS01,cerro_azul,CAMPAIGN_01,108.000000000,110.000000000,2.000000000,0.027108881,0.000000000,0.000000000
CA-C01-013-A0056,CA-C01-013,DS01,cerro_azul,CAMPAIGN_01,110.000000000,112.000000000,2.000000000,0.026955884,0.000000000,0.000000000
CA-C01-013-A0057,CA-C01-013,DS01,cerro_azul,CAMPAIGN_01,112.000000000,114.000000000,2.000000000,0.026462158,0.000000000,0.000000000
CA-C01-013-A0058,CA-C01-013,DS01,cerro_azul,CAMPAIGN_01,114.000000000,116.000000000,2.000000000,0.027706066,0.000000000,0.000000000
CA-C01-013-A0059,CA-C01-013,DS01,cerro_azul,CAMPAIGN_01,116.000000000,118.000000000,2.000000000,0.029506678,0.000000000,0.000000000
CA-C01-013-A0060,CA-C01-013,DS01,cerro_azul,CAMPAIGN_01,118.000000000,120.000000000,2.000000000,0.028023040,0.000000000,0.000000000
CA-C01-013-A0061,CA-C01-013,DS01,cerro_azul,CAMPAIGN_01,120.000000000,122.000000000,2.000000000,0.028347961,0.000000000,0.000000000
CA-C01-013-A0062,CA-C01-013,DS01,cerro_azul,CAMPAIGN_01,122.000000000,124.000000000,2.000000000,0.027550752,0.000000000,0.000000000
CA-C01-013-A0063,CA-C01-013,DS01,cerro_azul,CAMPAIGN_01,124.000000000,126.000000000,2.000000000,0.027401930,0.000000000,0.000000000
CA-C01-013-A0064,CA-C01-013,DS01,cerro_azul,CAMPAIGN_01,126.000000000,128.000000000,2.000000000,0.029902002,0.000000000,0.000000000
CA-C01-013-A0065,CA-C01-013,DS01,cerro_azul,CAMPAIGN_01,128.000000000,130.000000000,2.000000000,0.027554314,0.000000000,0.000000000
CA-C01-013-A0066,CA-C01-013,DS01,cerro_azul,CAMPAIGN_01,130.000000000,132.000000000,2.000000000,0.031424475,0.000000000,0.000000000
CA-C01-013-A0067,CA-C01-013,DS01,cerro_azul,CAMPAIGN_01,132.000000000,134.000000000,2.000000000,0.028122047,0.000000000,0.000000000
CA-C01-013-A0068,CA-C01-013,DS01,cerro_azul,CAMPAIGN_01,134.000000000,136.000000000,2.000000000,0.029189862,0.000000000,0.000000000
CA-C01-013-A0069,CA-C01-013,DS01,cerro_azul,CAMPAIGN_01,136.000000000,138.000000000,2.000000000,0.026418304,0.000000000,0.000000000
CA-C01-013-A0070,CA-C01-013,DS01,cerro_azul,CAMPAIGN_01,138.000000000,140.000000000,2.000000000,0.028447112,0.000000000,0.000000000
CA-C01-013-A0071,CA-C01-013,DS01,cerro_azul,CAMPAIGN_01,140.000000000,142.000000000,2.000000000,0.026729372,0.000000000,0.000000000
CA-C01-013-A0072,CA-C01-013,DS01,cerro_azul,CAMPAIGN_01,142.000000000,144.000000000,2.000000000,0.027320201,0.000000000,0.000000000
CA-C01-013-A0073,CA-C01-013,DS01,cerro_azul,CAMPAIGN_01,144.000000000,146.000000000,2.000000000,0.025191564,0.000000000,0.000000000
CA-C01-013-A0074,CA-C01-013,DS01,cerro_azul,CAMPAIGN_01,146.000000000,148.000000000,2.000000000,0.025690227,0.000000000,0.000000000
CA-C01-013-A0075,CA-C01-013,DS01,cerro_azul,CAMPAIGN_01,148.000000000,150.000000000,2.000000000,0.026090836,0.000000000,0.000000000
CA-C01-013-A0076,CA-C01-013,DS01,cerro_azul,CAMPAIGN_01,150.000000000,152.000000000,2.000000000,0.026773930,0.000000000,0.000000000
CA-C01-013-A0077,CA-C01-013,DS01,cerro_azul,CAMPAIGN_01,152.000000000,154.000000000,2.000000000,0.029654456,0.000000000,0.000000000
CA-C01-013-A0078,CA-C01-013,DS01,cerro_azul,CAMPAIGN_01,154.000000000,156.000000000,2.000000000,0.025702072,0.000000000,0.000000000
CA-C01-013-A0079,CA-C01-013,DS01,cerro_azul,CAMPAIGN_01,156.000000000,158.000000000,2.000000000,0.028352969,0.000000000,0.000000000
CA-C01-013-A0080,CA-C01-013,DS01,cerro_azul,CAMPAIGN_01,158.000000000,160.000000000,2.000000000,0.029634240,0.000000000,0.000000000
CA-C01-013-A0081,CA-C01-013,DS01,cerro_azul,CAMPAIGN_01,160.000000000,162.000000000,2.000000000,0.026131891,0.000000000,0.000000000
CA-C01-013-A0082,CA-C01-013,DS01,cerro_azul,CAMPAIGN_01,162.000000000,164.000000000,2.000000000,0.029009990,0.000000000,0.000000000
CA-C01-013-A0083,CA-C01-013,DS01,cerro_azul,CAMPAIGN_01,164.000000000,166.000000000,2.000000000,0.026284392,0.000000000,0.000000000
CA-C01-013-A0084,CA-C01-013,DS01,cerro_azul,CAMPAIGN_01,166.000000000,168.000000000,2.000000000,0.027727859,0.000000000,0.000000000
CA-C01-013-A0085,CA-C01-013,DS01,cerro_azul,CAMPAIGN_01,168.000000000,170.000000000,2.000000000,0.031348360,0.000000000,0.000000000
CA-C01-013-A0086,CA-C01-013,DS01,cerro_azul,CAMPAIGN_01,170.000000000,172.000000000,2.000000000,0.029331818,0.000000000,0.000000000
CA-C01-013-A0087,CA-C01-013,DS01,cerro_azul,CAMPAIGN_01,172.000000000,174.000000000,2.000000000,0.029361722,0.000000000,0.000000000
CA-C01-013-A0088,CA-C01-013,DS01,cerro_azul,CAMPAIGN_01,174.000000000,176.000000000,2.000000000,0.026022176,0.000000000,0.000000000
CA-C01-013-A0089,CA-C01-013,DS01,cerro_azul,CAMPAIGN_01,176.000000000,178.000000000,2.000000000,0.029019028,0.000000000,0.000000000
CA-C01-013-A0090,CA-C01-013,DS01,cerro_azul,CAMPAIGN_01,178.000000000,180.000000000,2.000000000,0.025542154,0.000000000,0.000000000
CA-C01-014-A0001,CA-C01-014,DS01,cerro_azul,CAMPAIGN_01,0.000000000,2.000000000,2.000000000,0.032912256,0.000000000,0.000000000
CA-C01-014-A0002,CA-C01-014,DS01,cerro_azul,CAMPAIGN_01,2.000000000,4.000000000,2.000000000,0.035037159,0.000000000,0.000000000
CA-C01-014-A0003,CA-C01-014,DS01,cerro_azul,CAMPAIGN_01,4.000000000,6.000000000,2.000000000,0.038729447,0.000000000,0.000000000
CA-C01-014-A0004,CA-C01-014,DS01,cerro_azul,CAMPAIGN_01,6.000000000,8.000000000,2.000000000,0.034914951,0.000000000,0.000000000
CA-C01-014-A0005,CA-C01-014,DS01,cerro_azul,CAMPAIGN_01,8.000000000,10.000000000,2.000000000,0.036588957,0.000000000,0.000000000
CA-C01-014-A0006,CA-C01-014,DS01,cerro_azul,CAMPAIGN_01,10.000000000,12.000000000,2.000000000,0.031522945,0.000000000,0.000000000
CA-C01-014-A0007,CA-C01-014,DS01,cerro_azul,CAMPAIGN_01,12.000000000,14.000000000,2.000000000,0.036544979,0.000000000,0.000000000
CA-C01-014-A0008,CA-C01-014,DS01,cerro_azul,CAMPAIGN_01,14.000000000,16.000000000,2.000000000,0.037551333,0.000000000,0.000000000
CA-C01-014-A0009,CA-C01-014,DS01,cerro_azul,CAMPAIGN_01,16.000000000,18.000000000,2.000000000,0.034693637,0.000000000,0.000000000
CA-C01-014-A0010,CA-C01-014,DS01,cerro_azul,CAMPAIGN_01,18.000000000,20.000000000,2.000000000,0.037127043,0.000000000,0.000000000
CA-C01-014-A0011,CA-C01-014,DS01,cerro_azul,CAMPAIGN_01,20.000000000,22.000000000,2.000000000,0.041448443,0.000000000,0.000000000
CA-C01-014-A0012,CA-C01-014,DS01,cerro_azul,CAMPAIGN_01,22.000000000,24.000000000,2.000000000,0.039224330,0.000000000,0.000000000
CA-C01-014-A0013,CA-C01-014,DS01,cerro_azul,CAMPAIGN_01,24.000000000,26.000000000,2.000000000,0.037528947,0.000000000,0.000000000
CA-C01-014-A0014,CA-C01-014,DS01,cerro_azul,CAMPAIGN_01,26.000000000,28.000000000,2.000000000,0.038686706,0.000000000,0.000000000
CA-C01-014-A0015,CA-C01-014,DS01,cerro_azul,CAMPAIGN_01,28.000000000,30.000000000,2.000000000,0.035475555,0.000000000,0.000000000
CA-C01-014-A0016,CA-C01-014,DS01,cerro_azul,CAMPAIGN_01,30.000000000,32.000000000,2.000000000,0.037801331,0.000000000,0.000000000
CA-C01-014-A0017,CA-C01-014,DS01,cerro_azul,CAMPAIGN_01,32.000000000,34.000000000,2.000000000,0.037065341,0.000000000,0.000000000
CA-C01-014-A0018,CA-C01-014,DS01,cerro_azul,CAMPAIGN_01,34.000000000,36.000000000,2.000000000,0.039177792,0.000000000,0.000000000
CA-C01-014-A0019,CA-C01-014,DS01,cerro_azul,CAMPAIGN_01,36.000000000,38.000000000,2.000000000,0.040636641,0.000000000,0.000000000
CA-C01-014-A0020,CA-C01-014,DS01,cerro_azul,CAMPAIGN_01,38.000000000,40.000000000,2.000000000,0.042622544,0.000000000,0.000000000
CA-C01-014-A0021,CA-C01-014,DS01,cerro_azul,CAMPAIGN_01,40.000000000,42.000000000,2.000000000,0.043540539,0.000000000,0.000000000
CA-C01-014-A0022,CA-C01-014,DS01,cerro_azul,CAMPAIGN_01,42.000000000,44.000000000,2.000000000,0.041557033,0.000000000,0.000000000
CA-C01-014-A0023,CA-C01-014,DS01,cerro_azul,CAMPAIGN_01,44.000000000,46.000000000,2.000000000,0.040575089,0.000000000,0.000000000
CA-C01-014-A0024,CA-C01-014,DS01,cerro_azul,CAMPAIGN_01,46.000000000,48.000000000,2.000000000,0.045130158,0.000000000,0.000000000
CA-C01-014-A0025,CA-C01-014,DS01,cerro_azul,CAMPAIGN_01,48.000000000,50.000000000,2.000000000,0.043840399,0.000000000,0.000000000
CA-C01-014-A0026,CA-C01-014,DS01,cerro_azul,CAMPAIGN_01,50.000000000,52.000000000,2.000000000,0.043054426,0.000000000,0.000000000
CA-C01-014-A0027,CA-C01-014,DS01,cerro_azul,CAMPAIGN_01,52.000000000,54.000000000,2.000000000,0.045432533,0.000000000,0.000000000
CA-C01-014-A0028,CA-C01-014,DS01,cerro_azul,CAMPAIGN_01,54.000000000,56.000000000,2.000000000,0.045135699,0.000000000,0.000000000
CA-C01-014-A0029,CA-C01-014,DS01,cerro_azul,CAMPAIGN_01,56.000000000,58.000000000,2.000000000,0.050586773,0.000000000,0.000000000
CA-C01-014-A0030,CA-C01-014,DS01,cerro_azul,CAMPAIGN_01,58.000000000,60.000000000,2.000000000,0.041088084,0.000000000,0.000000000
CA-C01-014-A0031,CA-C01-014,DS01,cerro_azul,CAMPAIGN_01,60.000000000,62.000000000,2.000000000,0.045977605,0.000000000,0.000000000
CA-C01-014-A0032,CA-C01-014,DS01,cerro_azul,CAMPAIGN_01,62.000000000,64.000000000,2.000000000,0.051205601,0.000000000,0.000000000
CA-C01-014-A0033,CA-C01-014,DS01,cerro_azul,CAMPAIGN_01,64.000000000,66.000000000,2.000000000,0.042790127,0.000000000,0.000000000
CA-C01-014-A0034,CA-C01-014,DS01,cerro_azul,CAMPAIGN_01,66.000000000,68.000000000,2.000000000,0.048739698,0.000000000,0.000000000
CA-C01-014-A0035,CA-C01-014,DS01,cerro_azul,CAMPAIGN_01,68.000000000,70.000000000,2.000000000,0.046476558,0.000000000,0.000000000
CA-C01-014-A0036,CA-C01-014,DS01,cerro_azul,CAMPAIGN_01,70.000000000,72.000000000,2.000000000,0.047411191,0.000000000,0.000000000
CA-C01-014-A0037,CA-C01-014,DS01,cerro_azul,CAMPAIGN_01,72.000000000,74.000000000,2.000000000,0.047662336,0.000000000,0.000000000
CA-C01-014-A0038,CA-C01-014,DS01,cerro_azul,CAMPAIGN_01,74.000000000,76.000000000,2.000000000,0.047217939,0.000000000,0.000000000
CA-C01-014-A0039,CA-C01-014,DS01,cerro_azul,CAMPAIGN_01,76.000000000,78.000000000,2.000000000,0.052648719,0.000000000,0.000000000
CA-C01-014-A0040,CA-C01-014,DS01,cerro_azul,CAMPAIGN_01,78.000000000,80.000000000,2.000000000,0.049898431,0.000000000,0.000000000
CA-C01-014-A0041,CA-C01-014,DS01,cerro_azul,CAMPAIGN_01,80.000000000,82.000000000,2.000000000,0.054721065,0.000000000,0.000000000
CA-C01-014-A0042,CA-C01-014,DS01,cerro_azul,CAMPAIGN_01,82.000000000,84.000000000,2.000000000,0.050035500,0.000000000,0.000000000
CA-C01-014-A0043,CA-C01-014,DS01,cerro_azul,CAMPAIGN_01,84.000000000,86.000000000,2.000000000,0.048464380,0.000000000,0.000000000
CA-C01-014-A0044,CA-C01-014,DS01,cerro_azul,CAMPAIGN_01,86.000000000,88.000000000,2.000000000,0.055704971,0.000000000,0.000000000
CA-C01-014-A0045,CA-C01-014,DS01,cerro_azul,CAMPAIGN_01,88.000000000,90.000000000,2.000000000,0.054090403,0.000000000,0.000000000
CA-C01-014-A0046,CA-C01-014,DS01,cerro_azul,CAMPAIGN_01,90.000000000,92.000000000,2.000000000,0.054938448,0.000000000,0.000000000
CA-C01-014-A0047,CA-C01-014,DS01,cerro_azul,CAMPAIGN_01,92.000000000,94.000000000,2.000000000,0.053494925,0.000000000,0.000000000
CA-C01-014-A0048,CA-C01-014,DS01,cerro_azul,CAMPAIGN_01,94.000000000,96.000000000,2.000000000,0.053372224,0.000000000,0.000000000
CA-C01-014-A0049,CA-C01-014,DS01,cerro_azul,CAMPAIGN_01,96.000000000,98.000000000,2.000000000,0.057852061,0.000000000,0.000000000
CA-C01-014-A0050,CA-C01-014,DS01,cerro_azul,CAMPAIGN_01,98.000000000,100.000000000,2.000000000,0.050830166,0.000000000,0.000000000
CA-C01-014-A0051,CA-C01-014,DS01,cerro_azul,CAMPAIGN_01,100.000000000,102.000000000,2.000000000,0.053541815,0.000000000,0.000000000
CA-C01-014-A0052,CA-C01-014,DS01,cerro_azul,CAMPAIGN_01,102.000000000,104.000000000,2.000000000,0.054896117,0.000000000,0.000000000
CA-C01-014-A0053,CA-C01-014,DS01,cerro_azul,CAMPAIGN_01,104.000000000,106.000000000,2.000000000,0.055533075,0.000000000,0.000000000
CA-C01-014-A0054,CA-C01-014,DS01,cerro_azul,CAMPAIGN_01,106.000000000,108.000000000,2.000000000,0.055690399,0.000000000,0.000000000
CA-C01-014-A0055,CA-C01-014,DS01,cerro_azul,CAMPAIGN_01,108.000000000,110.000000000,2.000000000,0.061496014,0.000000000,0.000000000
CA-C01-014-A0056,CA-C01-014,DS01,cerro_azul,CAMPAIGN_01,110.000000000,112.000000000,2.000000000,0.059783537,0.000000000,0.000000000
CA-C01-014-A0057,CA-C01-014,DS01,cerro_azul,CAMPAIGN_01,112.000000000,114.000000000,2.000000000,0.055198544,0.000000000,0.000000000
CA-C01-014-A0058,CA-C01-014,DS01,cerro_azul,CAMPAIGN_01,114.000000000,116.000000000,2.000000000,0.059127248,0.000000000,0.000000000
CA-C01-014-A0059,CA-C01-014,DS01,cerro_azul,CAMPAIGN_01,116.000000000,118.000000000,2.000000000,0.058597298,0.000000000,0.000000000
CA-C01-014-A0060,CA-C01-014,DS01,cerro_azul,CAMPAIGN_01,118.000000000,120.000000000,2.000000000,0.054678686,0.000000000,0.000000000
CA-C01-014-A0061,CA-C01-014,DS01,cerro_azul,CAMPAIGN_01,120.000000000,122.000000000,2.000000000,0.059174256,0.000000000,0.000000000
CA-C01-014-A0062,CA-C01-014,DS01,cerro_azul,CAMPAIGN_01,122.000000000,124.000000000,2.000000000,0.054971732,0.000000000,0.000000000
CA-C01-014-A0063,CA-C01-014,DS01,cerro_azul,CAMPAIGN_01,124.000000000,126.000000000,2.000000000,0.055376222,0.000000000,0.000000000
CA-C01-014-A0064,CA-C01-014,DS01,cerro_azul,CAMPAIGN_01,126.000000000,128.000000000,2.000000000,0.062722107,0.000000000,0.000000000
CA-C01-014-A0065,CA-C01-014,DS01,cerro_azul,CAMPAIGN_01,128.000000000,130.000000000,2.000000000,0.060877249,0.000000000,0.000000000
CA-C01-014-A0066,CA-C01-014,DS01,cerro_azul,CAMPAIGN_01,130.000000000,132.000000000,2.000000000,0.059923699,0.000000000,0.000000000
CA-C01-014-A0067,CA-C01-014,DS01,cerro_azul,CAMPAIGN_01,132.000000000,134.000000000,2.000000000,0.060921662,0.000000000,0.000000000
CA-C01-014-A0068,CA-C01-014,DS01,cerro_azul,CAMPAIGN_01,134.000000000,136.000000000,2.000000000,0.059902396,0.000000000,0.000000000
CA-C01-014-A0069,CA-C01-014,DS01,cerro_azul,CAMPAIGN_01,136.000000000,138.000000000,2.000000000,0.061828687,0.000000000,0.000000000
CA-C01-014-A0070,CA-C01-014,DS01,cerro_azul,CAMPAIGN_01,138.000000000,140.000000000,2.000000000,0.057164995,0.000000000,0.000000000
CA-C01-014-A0071,CA-C01-014,DS01,cerro_azul,CAMPAIGN_01,140.000000000,142.000000000,2.000000000,0.060991656,0.000000000,0.000000000
CA-C01-014-A0072,CA-C01-014,DS01,cerro_azul,CAMPAIGN_01,142.000000000,144.000000000,2.000000000,0.059089078,0.000000000,0.000000000
CA-C01-014-A0073,CA-C01-014,DS01,cerro_azul,CAMPAIGN_01,144.000000000,146.000000000,2.000000000,0.063185258,0.000000000,0.000000000
CA-C01-014-A0074,CA-C01-014,DS01,cerro_azul,CAMPAIGN_01,146.000000000,148.000000000,2.000000000,0.061126708,0.000000000,0.000000000
CA-C01-014-A0075,CA-C01-014,DS01,cerro_azul,CAMPAIGN_01,148.000000000,150.000000000,2.000000000,0.057148183,0.000000000,0.000000000
CA-C01-014-A0076,CA-C01-014,DS01,cerro_azul,CAMPAIGN_01,150.000000000,152.000000000,2.000000000,0.052883570,0.000000000,0.000000000
CA-C01-014-A0077,CA-C01-014,DS01,cerro_azul,CAMPAIGN_01,152.000000000,154.000000000,2.000000000,0.061017529,0.000000000,0.000000000
CA-C01-014-A0078,CA-C01-014,DS01,cerro_azul,CAMPAIGN_01,154.000000000,156.000000000,2.000000000,0.061674594,0.000000000,0.000000000
CA-C01-014-A0079,CA-C01-014,DS01,cerro_azul,CAMPAIGN_01,156.000000000,158.000000000,2.000000000,0.059715961,0.000000000,0.000000000
CA-C01-014-A0080,CA-C01-014,DS01,cerro_azul,CAMPAIGN_01,158.000000000,160.000000000,2.000000000,0.064367574,0.000000000,0.000000000
CA-C01-014-A0081,CA-C01-014,DS01,cerro_azul,CAMPAIGN_01,160.000000000,162.000000000,2.000000000,0.057367256,0.000000000,0.000000000
CA-C01-014-A0082,CA-C01-014,DS01,cerro_azul,CAMPAIGN_01,162.000000000,164.000000000,2.000000000,0.056572663,0.000000000,0.000000000
CA-C01-014-A0083,CA-C01-014,DS01,cerro_azul,CAMPAIGN_01,164.000000000,166.000000000,2.000000000,0.060119317,0.000000000,0.000000000
CA-C01-014-A0084,CA-C01-014,DS01,cerro_azul,CAMPAIGN_01,166.000000000,168.000000000,2.000000000,0.062534260,0.000000000,0.000000000
CA-C01-014-A0085,CA-C01-014,DS01,cerro_azul,CAMPAIGN_01,168.000000000,170.000000000,2.000000000,0.064756331,0.000000000,0.000000000
CA-C01-014-A0086,CA-C01-014,DS01,cerro_azul,CAMPAIGN_01,170.000000000,172.000000000,2.000000000,0.059242886,0.000000000,0.000000000
CA-C01-014-A0087,CA-C01-014,DS01,cerro_azul,CAMPAIGN_01,172.000000000,174.000000000,2.000000000,0.056080369,0.000000000,0.000000000
CA-C01-014-A0088,CA-C01-014,DS01,cerro_azul,CAMPAIGN_01,174.000000000,176.000000000,2.000000000,0.059918577,0.000000000,0.000000000
CA-C01-014-A0089,CA-C01-014,DS01,cerro_azul,CAMPAIGN_01,176.000000000,178.000000000,2.000000000,0.059751091,0.000000000,0.000000000
CA-C01-014-A0090,CA-C01-014,DS01,cerro_azul,CAMPAIGN_01,178.000000000,180.000000000,2.000000000,0.057965085,0.000000000,0.000000000
CA-C01-015-A0001,CA-C01-015,DS01,cerro_azul,CAMPAIGN_01,0.000000000,2.000000000,2.000000000,0.029521110,0.000000000,0.000000000
CA-C01-015-A0002,CA-C01-015,DS01,cerro_azul,CAMPAIGN_01,2.000000000,4.000000000,2.000000000,0.027680591,0.000000000,0.000000000
CA-C01-015-A0003,CA-C01-015,DS01,cerro_azul,CAMPAIGN_01,4.000000000,6.000000000,2.000000000,0.031052277,0.000000000,0.000000000
CA-C01-015-A0004,CA-C01-015,DS01,cerro_azul,CAMPAIGN_01,6.000000000,8.000000000,2.000000000,0.026381384,0.000000000,0.000000000
CA-C01-015-A0005,CA-C01-015,DS01,cerro_azul,CAMPAIGN_01,8.000000000,10.000000000,2.000000000,0.030540855,0.000000000,0.000000000
CA-C01-015-A0006,CA-C01-015,DS01,cerro_azul,CAMPAIGN_01,10.000000000,12.000000000,2.000000000,0.031833730,0.000000000,0.000000000
CA-C01-015-A0007,CA-C01-015,DS01,cerro_azul,CAMPAIGN_01,12.000000000,14.000000000,2.000000000,0.032465355,0.000000000,0.000000000
CA-C01-015-A0008,CA-C01-015,DS01,cerro_azul,CAMPAIGN_01,14.000000000,16.000000000,2.000000000,0.030963948,0.000000000,0.000000000
CA-C01-015-A0009,CA-C01-015,DS01,cerro_azul,CAMPAIGN_01,16.000000000,18.000000000,2.000000000,0.033132778,0.000000000,0.000000000
CA-C01-015-A0010,CA-C01-015,DS01,cerro_azul,CAMPAIGN_01,18.000000000,20.000000000,2.000000000,0.030521382,0.000000000,0.000000000
CA-C01-015-A0011,CA-C01-015,DS01,cerro_azul,CAMPAIGN_01,20.000000000,22.000000000,2.000000000,0.031889037,0.000000000,0.000000000
CA-C01-015-A0012,CA-C01-015,DS01,cerro_azul,CAMPAIGN_01,22.000000000,24.000000000,2.000000000,0.034426430,0.000000000,0.000000000
CA-C01-015-A0013,CA-C01-015,DS01,cerro_azul,CAMPAIGN_01,24.000000000,26.000000000,2.000000000,0.032371604,0.000000000,0.000000000
CA-C01-015-A0014,CA-C01-015,DS01,cerro_azul,CAMPAIGN_01,26.000000000,28.000000000,2.000000000,0.032441596,0.000000000,0.000000000
CA-C01-015-A0015,CA-C01-015,DS01,cerro_azul,CAMPAIGN_01,28.000000000,30.000000000,2.000000000,0.031760008,0.000000000,0.000000000
CA-C01-015-A0016,CA-C01-015,DS01,cerro_azul,CAMPAIGN_01,30.000000000,32.000000000,2.000000000,0.037498245,0.000000000,0.000000000
CA-C01-015-A0017,CA-C01-015,DS01,cerro_azul,CAMPAIGN_01,32.000000000,34.000000000,2.000000000,0.036090344,0.000000000,0.000000000
CA-C01-015-A0018,CA-C01-015,DS01,cerro_azul,CAMPAIGN_01,34.000000000,36.000000000,2.000000000,0.038466877,0.000000000,0.000000000
CA-C01-015-A0019,CA-C01-015,DS01,cerro_azul,CAMPAIGN_01,36.000000000,38.000000000,2.000000000,0.033756609,0.000000000,0.000000000
CA-C01-015-A0020,CA-C01-015,DS01,cerro_azul,CAMPAIGN_01,38.000000000,40.000000000,2.000000000,0.034441308,0.000000000,0.000000000
CA-C01-015-A0021,CA-C01-015,DS01,cerro_azul,CAMPAIGN_01,40.000000000,42.000000000,2.000000000,0.034214236,0.000000000,0.000000000
CA-C01-015-A0022,CA-C01-015,DS01,cerro_azul,CAMPAIGN_01,42.000000000,44.000000000,2.000000000,0.037105878,0.000000000,0.000000000
CA-C01-015-A0023,CA-C01-015,DS01,cerro_azul,CAMPAIGN_01,44.000000000,46.000000000,2.000000000,0.034492550,0.000000000,0.000000000
CA-C01-015-A0024,CA-C01-015,DS01,cerro_azul,CAMPAIGN_01,46.000000000,48.000000000,2.000000000,0.036704487,0.000000000,0.000000000
CA-C01-015-A0025,CA-C01-015,DS01,cerro_azul,CAMPAIGN_01,48.000000000,50.000000000,2.000000000,0.033458361,0.000000000,0.000000000
CA-C01-015-A0026,CA-C01-015,DS01,cerro_azul,CAMPAIGN_01,50.000000000,52.000000000,2.000000000,0.036006756,0.000000000,0.000000000
CA-C01-015-A0027,CA-C01-015,DS01,cerro_azul,CAMPAIGN_01,52.000000000,54.000000000,2.000000000,0.039052317,0.000000000,0.000000000
CA-C01-015-A0028,CA-C01-015,DS01,cerro_azul,CAMPAIGN_01,54.000000000,56.000000000,2.000000000,0.039188878,0.000000000,0.000000000
CA-C01-015-A0029,CA-C01-015,DS01,cerro_azul,CAMPAIGN_01,56.000000000,58.000000000,2.000000000,0.040742882,0.000000000,0.000000000
CA-C01-015-A0030,CA-C01-015,DS01,cerro_azul,CAMPAIGN_01,58.000000000,60.000000000,2.000000000,0.040255296,0.000000000,0.000000000
CA-C01-015-A0031,CA-C01-015,DS01,cerro_azul,CAMPAIGN_01,60.000000000,62.000000000,2.000000000,0.042523719,0.000000000,0.000000000
CA-C01-015-A0032,CA-C01-015,DS01,cerro_azul,CAMPAIGN_01,62.000000000,64.000000000,2.000000000,0.037577425,0.000000000,0.000000000
CA-C01-015-A0033,CA-C01-015,DS01,cerro_azul,CAMPAIGN_01,64.000000000,66.000000000,2.000000000,0.042466451,0.000000000,0.000000000
CA-C01-015-A0034,CA-C01-015,DS01,cerro_azul,CAMPAIGN_01,66.000000000,68.000000000,2.000000000,0.042520685,0.000000000,0.000000000
CA-C01-015-A0035,CA-C01-015,DS01,cerro_azul,CAMPAIGN_01,68.000000000,70.000000000,2.000000000,0.041008629,0.000000000,0.000000000
CA-C01-015-A0036,CA-C01-015,DS01,cerro_azul,CAMPAIGN_01,70.000000000,72.000000000,2.000000000,0.044037617,0.000000000,0.000000000
CA-C01-015-A0037,CA-C01-015,DS01,cerro_azul,CAMPAIGN_01,72.000000000,74.000000000,2.000000000,0.042941115,0.000000000,0.000000000
CA-C01-015-A0038,CA-C01-015,DS01,cerro_azul,CAMPAIGN_01,74.000000000,76.000000000,2.000000000,0.039643440,0.000000000,0.000000000
CA-C01-015-A0039,CA-C01-015,DS01,cerro_azul,CAMPAIGN_01,76.000000000,78.000000000,2.000000000,0.042968452,0.000000000,0.000000000
CA-C01-015-A0040,CA-C01-015,DS01,cerro_azul,CAMPAIGN_01,78.000000000,80.000000000,2.000000000,0.043127775,0.000000000,0.000000000
CA-C01-015-A0041,CA-C01-015,DS01,cerro_azul,CAMPAIGN_01,80.000000000,82.000000000,2.000000000,0.044904446,0.000000000,0.000000000
CA-C01-015-A0042,CA-C01-015,DS01,cerro_azul,CAMPAIGN_01,82.000000000,84.000000000,2.000000000,0.046567456,0.000000000,0.000000000
CA-C01-015-A0043,CA-C01-015,DS01,cerro_azul,CAMPAIGN_01,84.000000000,86.000000000,2.000000000,0.048461057,0.000000000,0.000000000
CA-C01-015-A0044,CA-C01-015,DS01,cerro_azul,CAMPAIGN_01,86.000000000,88.000000000,2.000000000,0.046058927,0.000000000,0.000000000
CA-C01-015-A0045,CA-C01-015,DS01,cerro_azul,CAMPAIGN_01,88.000000000,90.000000000,2.000000000,0.047267178,0.000000000,0.000000000
CA-C01-015-A0046,CA-C01-015,DS01,cerro_azul,CAMPAIGN_01,90.000000000,92.000000000,2.000000000,0.048359122,0.000000000,0.000000000
CA-C01-015-A0047,CA-C01-015,DS01,cerro_azul,CAMPAIGN_01,92.000000000,94.000000000,2.000000000,0.051482718,0.000000000,0.000000000
CA-C01-015-A0048,CA-C01-015,DS01,cerro_azul,CAMPAIGN_01,94.000000000,96.000000000,2.000000000,0.051276364,0.000000000,0.000000000
CA-C01-015-A0049,CA-C01-015,DS01,cerro_azul,CAMPAIGN_01,96.000000000,98.000000000,2.000000000,0.049081522,0.000000000,0.000000000
CA-C01-015-A0050,CA-C01-015,DS01,cerro_azul,CAMPAIGN_01,98.000000000,100.000000000,2.000000000,0.050556883,0.000000000,0.000000000
CA-C01-015-A0051,CA-C01-015,DS01,cerro_azul,CAMPAIGN_01,100.000000000,102.000000000,2.000000000,0.056722164,0.000000000,0.000000000
CA-C01-015-A0052,CA-C01-015,DS01,cerro_azul,CAMPAIGN_01,102.000000000,104.000000000,2.000000000,0.052555552,0.000000000,0.000000000
CA-C01-015-A0053,CA-C01-015,DS01,cerro_azul,CAMPAIGN_01,104.000000000,106.000000000,2.000000000,0.053577383,0.000000000,0.000000000
CA-C01-015-A0054,CA-C01-015,DS01,cerro_azul,CAMPAIGN_01,106.000000000,108.000000000,2.000000000,0.052821113,0.000000000,0.000000000
CA-C01-015-A0055,CA-C01-015,DS01,cerro_azul,CAMPAIGN_01,108.000000000,110.000000000,2.000000000,0.047726746,0.000000000,0.000000000
CA-C01-015-A0056,CA-C01-015,DS01,cerro_azul,CAMPAIGN_01,110.000000000,112.000000000,2.000000000,0.056261239,0.000000000,0.000000000
CA-C01-015-A0057,CA-C01-015,DS01,cerro_azul,CAMPAIGN_01,112.000000000,114.000000000,2.000000000,0.052965647,0.000000000,0.000000000
CA-C01-015-A0058,CA-C01-015,DS01,cerro_azul,CAMPAIGN_01,114.000000000,116.000000000,2.000000000,0.052647463,0.000000000,0.000000000
CA-C01-015-A0059,CA-C01-015,DS01,cerro_azul,CAMPAIGN_01,116.000000000,118.000000000,2.000000000,0.052465648,0.000000000,0.000000000
CA-C01-015-A0060,CA-C01-015,DS01,cerro_azul,CAMPAIGN_01,118.000000000,120.000000000,2.000000000,0.054427735,0.000000000,0.000000000
CA-C01-015-A0061,CA-C01-015,DS01,cerro_azul,CAMPAIGN_01,120.000000000,122.000000000,2.000000000,0.055445642,0.000000000,0.000000000
CA-C01-015-A0062,CA-C01-015,DS01,cerro_azul,CAMPAIGN_01,122.000000000,124.000000000,2.000000000,0.059558560,0.000000000,0.000000000
CA-C01-015-A0063,CA-C01-015,DS01,cerro_azul,CAMPAIGN_01,124.000000000,126.000000000,2.000000000,0.056258417,0.000000000,0.000000000
CA-C01-015-A0064,CA-C01-015,DS01,cerro_azul,CAMPAIGN_01,126.000000000,128.000000000,2.000000000,0.049341997,0.000000000,0.000000000
CA-C01-015-A0065,CA-C01-015,DS01,cerro_azul,CAMPAIGN_01,128.000000000,130.000000000,2.000000000,0.064151878,0.000000000,0.000000000
CA-C01-015-A0066,CA-C01-015,DS01,cerro_azul,CAMPAIGN_01,130.000000000,132.000000000,2.000000000,0.059535721,0.000000000,0.000000000
CA-C01-015-A0067,CA-C01-015,DS01,cerro_azul,CAMPAIGN_01,132.000000000,134.000000000,2.000000000,0.058046834,0.000000000,0.000000000
CA-C01-015-A0068,CA-C01-015,DS01,cerro_azul,CAMPAIGN_01,134.000000000,136.000000000,2.000000000,0.060672401,0.000000000,0.000000000
CA-C01-015-A0069,CA-C01-015,DS01,cerro_azul,CAMPAIGN_01,136.000000000,138.000000000,2.000000000,0.058994104,0.000000000,0.000000000
CA-C01-015-A0070,CA-C01-015,DS01,cerro_azul,CAMPAIGN_01,138.000000000,140.000000000,2.000000000,0.059812290,0.000000000,0.000000000
CA-C01-015-A0071,CA-C01-015,DS01,cerro_azul,CAMPAIGN_01,140.000000000,142.000000000,2.000000000,0.057826212,0.000000000,0.000000000
CA-C01-015-A0072,CA-C01-015,DS01,cerro_azul,CAMPAIGN_01,142.000000000,144.000000000,2.000000000,0.058629931,0.000000000,0.000000000
CA-C01-015-A0073,CA-C01-015,DS01,cerro_azul,CAMPAIGN_01,144.000000000,146.000000000,2.000000000,0.061142332,0.000000000,0.000000000
CA-C01-015-A0074,CA-C01-015,DS01,cerro_azul,CAMPAIGN_01,146.000000000,148.000000000,2.000000000,0.064662276,0.000000000,0.000000000
CA-C01-015-A0075,CA-C01-015,DS01,cerro_azul,CAMPAIGN_01,148.000000000,150.000000000,2.000000000,0.057202992,0.000000000,0.000000000
CA-C01-015-A0076,CA-C01-015,DS01,cerro_azul,CAMPAIGN_01,150.000000000,152.000000000,2.000000000,0.060980135,0.000000000,0.000000000
CA-C01-015-A0077,CA-C01-015,DS01,cerro_azul,CAMPAIGN_01,152.000000000,154.000000000,2.000000000,0.059344845,0.000000000,0.000000000
CA-C01-015-A0078,CA-C01-015,DS01,cerro_azul,CAMPAIGN_01,154.000000000,156.000000000,2.000000000,0.060945471,0.000000000,0.000000000
CA-C01-015-A0079,CA-C01-015,DS01,cerro_azul,CAMPAIGN_01,156.000000000,158.000000000,2.000000000,0.060834767,0.000000000,0.000000000
CA-C01-015-A0080,CA-C01-015,DS01,cerro_azul,CAMPAIGN_01,158.000000000,160.000000000,2.000000000,0.061539933,0.000000000,0.000000000
CA-C01-015-A0081,CA-C01-015,DS01,cerro_azul,CAMPAIGN_01,160.000000000,162.000000000,2.000000000,0.062080009,0.000000000,0.000000000
CA-C01-015-A0082,CA-C01-015,DS01,cerro_azul,CAMPAIGN_01,162.000000000,164.000000000,2.000000000,0.061885522,0.000000000,0.000000000
CA-C01-015-A0083,CA-C01-015,DS01,cerro_azul,CAMPAIGN_01,164.000000000,166.000000000,2.000000000,0.064778280,0.000000000,0.000000000
CA-C01-015-A0084,CA-C01-015,DS01,cerro_azul,CAMPAIGN_01,166.000000000,168.000000000,2.000000000,0.064660281,0.000000000,0.000000000
CA-C01-015-A0085,CA-C01-015,DS01,cerro_azul,CAMPAIGN_01,168.000000000,170.000000000,2.000000000,0.064567316,0.000000000,0.000000000
CA-C01-015-A0086,CA-C01-015,DS01,cerro_azul,CAMPAIGN_01,170.000000000,172.000000000,2.000000000,0.065230291,0.000000000,0.000000000
CA-C01-015-A0087,CA-C01-015,DS01,cerro_azul,CAMPAIGN_01,172.000000000,174.000000000,2.000000000,0.061645823,0.000000000,0.000000000
CA-C01-015-A0088,CA-C01-015,DS01,cerro_azul,CAMPAIGN_01,174.000000000,176.000000000,2.000000000,0.062464196,0.000000000,0.000000000
CA-C01-015-A0089,CA-C01-015,DS01,cerro_azul,CAMPAIGN_01,176.000000000,178.000000000,2.000000000,0.062882941,0.000000000,0.000000000
CA-C01-015-A0090,CA-C01-015,DS01,cerro_azul,CAMPAIGN_01,178.000000000,180.000000000,2.000000000,0.064357729,0.000000000,0.000000000
CA-C01-015-A0091,CA-C01-015,DS01,cerro_azul,CAMPAIGN_01,180.000000000,182.000000000,2.000000000,0.061487997,0.000000000,0.000000000
CA-C01-015-A0092,CA-C01-015,DS01,cerro_azul,CAMPAIGN_01,182.000000000,184.000000000,2.000000000,0.068906489,0.000000000,0.000000000
CA-C01-015-A0093,CA-C01-015,DS01,cerro_azul,CAMPAIGN_01,184.000000000,186.000000000,2.000000000,0.061017472,0.000000000,0.000000000
CA-C01-015-A0094,CA-C01-015,DS01,cerro_azul,CAMPAIGN_01,186.000000000,188.000000000,2.000000000,0.058215073,0.000000000,0.000000000
CA-C01-015-A0095,CA-C01-015,DS01,cerro_azul,CAMPAIGN_01,188.000000000,190.000000000,2.000000000,0.059397546,0.000000000,0.000000000
CA-C01-015-A0096,CA-C01-015,DS01,cerro_azul,CAMPAIGN_01,190.000000000,192.000000000,2.000000000,0.068879615,0.000000000,0.000000000
CA-C01-015-A0097,CA-C01-015,DS01,cerro_azul,CAMPAIGN_01,192.000000000,194.000000000,2.000000000,0.060787782,0.000000000,0.000000000
CA-C01-015-A0098,CA-C01-015,DS01,cerro_azul,CAMPAIGN_01,194.000000000,196.000000000,2.000000000,0.063335878,0.000000000,0.000000000
CA-C01-015-A0099,CA-C01-015,DS01,cerro_azul,CAMPAIGN_01,196.000000000,198.000000000,2.000000000,0.064329040,0.000000000,0.000000000
CA-C01-015-A0100,CA-C01-015,DS01,cerro_azul,CAMPAIGN_01,198.000000000,200.000000000,2.000000000,0.066128324,0.000000000,0.000000000
CA-C01-015-A0101,CA-C01-015,DS01,cerro_azul,CAMPAIGN_01,200.000000000,202.000000000,2.000000000,0.060715964,0.000000000,0.000000000
CA-C01-015-A0102,CA-C01-015,DS01,cerro_azul,CAMPAIGN_01,202.000000000,204.000000000,2.000000000,0.058563661,0.000000000,0.000000000
CA-C01-015-A0103,CA-C01-015,DS01,cerro_azul,CAMPAIGN_01,204.000000000,205.370442556,1.370442556,0.066670970,0.000000000,0.000000000
CA-C01-016-A0001,CA-C01-016,DS01,cerro_azul,CAMPAIGN_01,0.000000000,2.000000000,2.000000000,0.026446612,0.000000000,0.000000000
CA-C01-016-A0002,CA-C01-016,DS01,cerro_azul,CAMPAIGN_01,2.000000000,4.000000000,2.000000000,0.024992697,0.000000000,0.000000000
CA-C01-016-A0003,CA-C01-016,DS01,cerro_azul,CAMPAIGN_01,4.000000000,6.000000000,2.000000000,0.027567610,0.000000000,0.000000000
CA-C01-016-A0004,CA-C01-016,DS01,cerro_azul,CAMPAIGN_01,6.000000000,8.000000000,2.000000000,0.023282927,0.000000000,0.000000000
CA-C01-016-A0005,CA-C01-016,DS01,cerro_azul,CAMPAIGN_01,8.000000000,10.000000000,2.000000000,0.024451380,0.000000000,0.000000000
CA-C01-016-A0006,CA-C01-016,DS01,cerro_azul,CAMPAIGN_01,10.000000000,12.000000000,2.000000000,0.023410482,0.000000000,0.000000000
CA-C01-016-A0007,CA-C01-016,DS01,cerro_azul,CAMPAIGN_01,12.000000000,14.000000000,2.000000000,0.025793204,0.000000000,0.000000000
CA-C01-016-A0008,CA-C01-016,DS01,cerro_azul,CAMPAIGN_01,14.000000000,16.000000000,2.000000000,0.026623933,0.000000000,0.000000000
CA-C01-016-A0009,CA-C01-016,DS01,cerro_azul,CAMPAIGN_01,16.000000000,18.000000000,2.000000000,0.023859009,0.000000000,0.000000000
CA-C01-016-A0010,CA-C01-016,DS01,cerro_azul,CAMPAIGN_01,18.000000000,20.000000000,2.000000000,0.026077144,0.000000000,0.000000000
CA-C01-016-A0011,CA-C01-016,DS01,cerro_azul,CAMPAIGN_01,20.000000000,22.000000000,2.000000000,0.026140163,0.000000000,0.000000000
CA-C01-016-A0012,CA-C01-016,DS01,cerro_azul,CAMPAIGN_01,22.000000000,24.000000000,2.000000000,0.025234198,0.000000000,0.000000000
CA-C01-016-A0013,CA-C01-016,DS01,cerro_azul,CAMPAIGN_01,24.000000000,26.000000000,2.000000000,0.024961392,0.000000000,0.000000000
CA-C01-016-A0014,CA-C01-016,DS01,cerro_azul,CAMPAIGN_01,26.000000000,28.000000000,2.000000000,0.023067941,0.000000000,0.000000000
CA-C01-016-A0015,CA-C01-016,DS01,cerro_azul,CAMPAIGN_01,28.000000000,30.000000000,2.000000000,0.027810847,0.000000000,0.000000000
CA-C01-016-A0016,CA-C01-016,DS01,cerro_azul,CAMPAIGN_01,30.000000000,32.000000000,2.000000000,0.023125749,0.000000000,0.000000000
CA-C01-016-A0017,CA-C01-016,DS01,cerro_azul,CAMPAIGN_01,32.000000000,34.000000000,2.000000000,0.025175735,0.000000000,0.000000000
CA-C01-016-A0018,CA-C01-016,DS01,cerro_azul,CAMPAIGN_01,34.000000000,36.000000000,2.000000000,0.025084231,0.000000000,0.000000000
CA-C01-016-A0019,CA-C01-016,DS01,cerro_azul,CAMPAIGN_01,36.000000000,38.000000000,2.000000000,0.022827795,0.000000000,0.000000000
CA-C01-016-A0020,CA-C01-016,DS01,cerro_azul,CAMPAIGN_01,38.000000000,40.000000000,2.000000000,0.028488177,0.000000000,0.000000000
CA-C01-016-A0021,CA-C01-016,DS01,cerro_azul,CAMPAIGN_01,40.000000000,42.000000000,2.000000000,0.025712314,0.000000000,0.000000000
CA-C01-016-A0022,CA-C01-016,DS01,cerro_azul,CAMPAIGN_01,42.000000000,44.000000000,2.000000000,0.024568773,0.000000000,0.000000000
CA-C01-016-A0023,CA-C01-016,DS01,cerro_azul,CAMPAIGN_01,44.000000000,46.000000000,2.000000000,0.027225902,0.000000000,0.000000000
CA-C01-016-A0024,CA-C01-016,DS01,cerro_azul,CAMPAIGN_01,46.000000000,48.000000000,2.000000000,0.024950397,0.000000000,0.000000000
CA-C01-016-A0025,CA-C01-016,DS01,cerro_azul,CAMPAIGN_01,48.000000000,50.000000000,2.000000000,0.019124549,0.000000000,0.000000000
CA-C01-016-A0026,CA-C01-016,DS01,cerro_azul,CAMPAIGN_01,50.000000000,52.000000000,2.000000000,0.023773775,0.000000000,0.000000000
CA-C01-016-A0027,CA-C01-016,DS01,cerro_azul,CAMPAIGN_01,52.000000000,54.000000000,2.000000000,0.027655052,0.000000000,0.000000000
CA-C01-016-A0028,CA-C01-016,DS01,cerro_azul,CAMPAIGN_01,54.000000000,56.000000000,2.000000000,0.025955584,0.000000000,0.000000000
CA-C01-016-A0029,CA-C01-016,DS01,cerro_azul,CAMPAIGN_01,56.000000000,58.000000000,2.000000000,0.029758246,0.000000000,0.000000000
CA-C01-016-A0030,CA-C01-016,DS01,cerro_azul,CAMPAIGN_01,58.000000000,60.000000000,2.000000000,0.023889879,0.000000000,0.000000000
CA-C01-016-A0031,CA-C01-016,DS01,cerro_azul,CAMPAIGN_01,60.000000000,62.000000000,2.000000000,0.028210566,0.000000000,0.000000000
CA-C01-016-A0032,CA-C01-016,DS01,cerro_azul,CAMPAIGN_01,62.000000000,64.000000000,2.000000000,0.023300170,0.000000000,0.000000000
CA-C01-016-A0033,CA-C01-016,DS01,cerro_azul,CAMPAIGN_01,64.000000000,66.000000000,2.000000000,0.026222358,0.000000000,0.000000000
CA-C01-016-A0034,CA-C01-016,DS01,cerro_azul,CAMPAIGN_01,66.000000000,68.000000000,2.000000000,0.023829356,0.000000000,0.000000000
CA-C01-016-A0035,CA-C01-016,DS01,cerro_azul,CAMPAIGN_01,68.000000000,70.000000000,2.000000000,0.026796116,0.000000000,0.000000000
CA-C01-016-A0036,CA-C01-016,DS01,cerro_azul,CAMPAIGN_01,70.000000000,72.000000000,2.000000000,0.027061619,0.000000000,0.000000000
CA-C01-016-A0037,CA-C01-016,DS01,cerro_azul,CAMPAIGN_01,72.000000000,74.000000000,2.000000000,0.025815749,0.000000000,0.000000000
CA-C01-016-A0038,CA-C01-016,DS01,cerro_azul,CAMPAIGN_01,74.000000000,76.000000000,2.000000000,0.025402386,0.000000000,0.000000000
CA-C01-016-A0039,CA-C01-016,DS01,cerro_azul,CAMPAIGN_01,76.000000000,78.000000000,2.000000000,0.025483115,0.000000000,0.000000000
CA-C01-016-A0040,CA-C01-016,DS01,cerro_azul,CAMPAIGN_01,78.000000000,80.000000000,2.000000000,0.026463449,0.000000000,0.000000000
CA-C01-016-A0041,CA-C01-016,DS01,cerro_azul,CAMPAIGN_01,80.000000000,82.000000000,2.000000000,0.025279773,0.000000000,0.000000000
CA-C01-016-A0042,CA-C01-016,DS01,cerro_azul,CAMPAIGN_01,82.000000000,84.000000000,2.000000000,0.029963330,0.000000000,0.000000000
CA-C01-016-A0043,CA-C01-016,DS01,cerro_azul,CAMPAIGN_01,84.000000000,86.000000000,2.000000000,0.023531114,0.000000000,0.000000000
CA-C01-016-A0044,CA-C01-016,DS01,cerro_azul,CAMPAIGN_01,86.000000000,88.000000000,2.000000000,0.030167842,0.000000000,0.000000000
CA-C01-016-A0045,CA-C01-016,DS01,cerro_azul,CAMPAIGN_01,88.000000000,90.000000000,2.000000000,0.025947814,0.000000000,0.000000000
CA-C01-016-A0046,CA-C01-016,DS01,cerro_azul,CAMPAIGN_01,90.000000000,92.000000000,2.000000000,0.027583579,0.000000000,0.000000000
CA-C01-016-A0047,CA-C01-016,DS01,cerro_azul,CAMPAIGN_01,92.000000000,94.000000000,2.000000000,0.025628858,0.000000000,0.000000000
CA-C01-016-A0048,CA-C01-016,DS01,cerro_azul,CAMPAIGN_01,94.000000000,96.000000000,2.000000000,0.025021319,0.000000000,0.000000000
CA-C01-016-A0049,CA-C01-016,DS01,cerro_azul,CAMPAIGN_01,96.000000000,98.000000000,2.000000000,0.025498584,0.000000000,0.000000000
CA-C01-016-A0050,CA-C01-016,DS01,cerro_azul,CAMPAIGN_01,98.000000000,100.000000000,2.000000000,0.025243163,0.000000000,0.000000000
CA-C01-016-A0051,CA-C01-016,DS01,cerro_azul,CAMPAIGN_01,100.000000000,102.000000000,2.000000000,0.026261872,0.000000000,0.000000000
CA-C01-016-A0052,CA-C01-016,DS01,cerro_azul,CAMPAIGN_01,102.000000000,104.000000000,2.000000000,0.023681880,0.000000000,0.000000000
CA-C01-016-A0053,CA-C01-016,DS01,cerro_azul,CAMPAIGN_01,104.000000000,106.000000000,2.000000000,0.024655213,0.000000000,0.000000000
CA-C01-016-A0054,CA-C01-016,DS01,cerro_azul,CAMPAIGN_01,106.000000000,108.000000000,2.000000000,0.026049645,0.000000000,0.000000000
CA-C01-016-A0055,CA-C01-016,DS01,cerro_azul,CAMPAIGN_01,108.000000000,110.000000000,2.000000000,0.024330446,0.000000000,0.000000000
CA-C01-016-A0056,CA-C01-016,DS01,cerro_azul,CAMPAIGN_01,110.000000000,112.000000000,2.000000000,0.026059923,0.000000000,0.000000000
CA-C01-016-A0057,CA-C01-016,DS01,cerro_azul,CAMPAIGN_01,112.000000000,114.000000000,2.000000000,0.022265528,0.000000000,0.000000000
CA-C01-016-A0058,CA-C01-016,DS01,cerro_azul,CAMPAIGN_01,114.000000000,116.000000000,2.000000000,0.026817137,0.000000000,0.000000000
CA-C01-016-A0059,CA-C01-016,DS01,cerro_azul,CAMPAIGN_01,116.000000000,118.000000000,2.000000000,0.029008858,0.000000000,0.000000000
CA-C01-016-A0060,CA-C01-016,DS01,cerro_azul,CAMPAIGN_01,118.000000000,120.000000000,2.000000000,0.029223200,0.000000000,0.000000000
CA-C01-016-A0061,CA-C01-016,DS01,cerro_azul,CAMPAIGN_01,120.000000000,122.000000000,2.000000000,0.028553360,0.000000000,0.000000000
CA-C01-016-A0062,CA-C01-016,DS01,cerro_azul,CAMPAIGN_01,122.000000000,124.000000000,2.000000000,0.030807897,0.000000000,0.000000000
CA-C01-016-A0063,CA-C01-016,DS01,cerro_azul,CAMPAIGN_01,124.000000000,126.000000000,2.000000000,0.025873260,0.000000000,0.000000000
CA-C01-016-A0064,CA-C01-016,DS01,cerro_azul,CAMPAIGN_01,126.000000000,128.000000000,2.000000000,0.027549386,0.000000000,0.000000000
CA-C01-016-A0065,CA-C01-016,DS01,cerro_azul,CAMPAIGN_01,128.000000000,130.000000000,2.000000000,0.024439539,0.000000000,0.000000000
CA-C01-016-A0066,CA-C01-016,DS01,cerro_azul,CAMPAIGN_01,130.000000000,132.000000000,2.000000000,0.026023238,0.000000000,0.000000000
CA-C01-016-A0067,CA-C01-016,DS01,cerro_azul,CAMPAIGN_01,132.000000000,134.000000000,2.000000000,0.024740337,0.000000000,0.000000000
CA-C01-016-A0068,CA-C01-016,DS01,cerro_azul,CAMPAIGN_01,134.000000000,136.000000000,2.000000000,0.025332489,0.000000000,0.000000000
CA-C01-016-A0069,CA-C01-016,DS01,cerro_azul,CAMPAIGN_01,136.000000000,138.000000000,2.000000000,0.024506045,0.000000000,0.000000000
CA-C01-016-A0070,CA-C01-016,DS01,cerro_azul,CAMPAIGN_01,138.000000000,140.000000000,2.000000000,0.026543223,0.000000000,0.000000000
CA-C01-016-A0071,CA-C01-016,DS01,cerro_azul,CAMPAIGN_01,140.000000000,142.000000000,2.000000000,0.029846834,0.000000000,0.000000000
CA-C01-016-A0072,CA-C01-016,DS01,cerro_azul,CAMPAIGN_01,142.000000000,144.000000000,2.000000000,0.023807387,0.000000000,0.000000000
CA-C01-016-A0073,CA-C01-016,DS01,cerro_azul,CAMPAIGN_01,144.000000000,146.000000000,2.000000000,0.026421806,0.000000000,0.000000000
CA-C01-016-A0074,CA-C01-016,DS01,cerro_azul,CAMPAIGN_01,146.000000000,148.000000000,2.000000000,0.029406444,0.000000000,0.000000000
CA-C01-016-A0075,CA-C01-016,DS01,cerro_azul,CAMPAIGN_01,148.000000000,150.000000000,2.000000000,0.025912586,0.000000000,0.000000000
CA-C01-016-A0076,CA-C01-016,DS01,cerro_azul,CAMPAIGN_01,150.000000000,152.000000000,2.000000000,0.026898366,0.000000000,0.000000000
CA-C01-016-A0077,CA-C01-016,DS01,cerro_azul,CAMPAIGN_01,152.000000000,154.000000000,2.000000000,0.029284464,0.000000000,0.000000000
CA-C01-016-A0078,CA-C01-016,DS01,cerro_azul,CAMPAIGN_01,154.000000000,156.000000000,2.000000000,0.029554321,0.000000000,0.000000000
CA-C01-016-A0079,CA-C01-016,DS01,cerro_azul,CAMPAIGN_01,156.000000000,158.000000000,2.000000000,0.028795168,0.000000000,0.000000000
CA-C01-016-A0080,CA-C01-016,DS01,cerro_azul,CAMPAIGN_01,158.000000000,160.000000000,2.000000000,0.024861479,0.000000000,0.000000000
CA-C01-016-A0081,CA-C01-016,DS01,cerro_azul,CAMPAIGN_01,160.000000000,162.000000000,2.000000000,0.027830470,0.000000000,0.000000000
CA-C01-016-A0082,CA-C01-016,DS01,cerro_azul,CAMPAIGN_01,162.000000000,164.000000000,2.000000000,0.022738773,0.000000000,0.000000000
CA-C01-016-A0083,CA-C01-016,DS01,cerro_azul,CAMPAIGN_01,164.000000000,166.000000000,2.000000000,0.029617328,0.000000000,0.000000000
CA-C01-016-A0084,CA-C01-016,DS01,cerro_azul,CAMPAIGN_01,166.000000000,168.000000000,2.000000000,0.024340574,0.000000000,0.000000000
CA-C01-016-A0085,CA-C01-016,DS01,cerro_azul,CAMPAIGN_01,168.000000000,170.000000000,2.000000000,0.028811869,0.000000000,0.000000000
CA-C01-016-A0086,CA-C01-016,DS01,cerro_azul,CAMPAIGN_01,170.000000000,172.000000000,2.000000000,0.025980394,0.000000000,0.000000000
CA-C01-016-A0087,CA-C01-016,DS01,cerro_azul,CAMPAIGN_01,172.000000000,174.000000000,2.000000000,0.026240133,0.000000000,0.000000000
CA-C01-016-A0088,CA-C01-016,DS01,cerro_azul,CAMPAIGN_01,174.000000000,176.000000000,2.000000000,0.027280350,0.000000000,0.000000000
CA-C01-016-A0089,CA-C01-016,DS01,cerro_azul,CAMPAIGN_01,176.000000000,178.000000000,2.000000000,0.025683026,0.000000000,0.000000000
CA-C01-016-A0090,CA-C01-016,DS01,cerro_azul,CAMPAIGN_01,178.000000000,180.000000000,2.000000000,0.025900482,0.000000000,0.000000000
CA-C01-016-A0091,CA-C01-016,DS01,cerro_azul,CAMPAIGN_01,180.000000000,182.000000000,2.000000000,0.028866239,0.000000000,0.000000000
CA-C01-016-A0092,CA-C01-016,DS01,cerro_azul,CAMPAIGN_01,182.000000000,184.000000000,2.000000000,0.029789669,0.000000000,0.000000000
CA-C01-016-A0093,CA-C01-016,DS01,cerro_azul,CAMPAIGN_01,184.000000000,186.000000000,2.000000000,0.028798191,0.000000000,0.000000000
CA-C01-016-A0094,CA-C01-016,DS01,cerro_azul,CAMPAIGN_01,186.000000000,188.000000000,2.000000000,0.023255575,0.000000000,0.000000000
CA-C01-016-A0095,CA-C01-016,DS01,cerro_azul,CAMPAIGN_01,188.000000000,190.000000000,2.000000000,0.026873197,0.000000000,0.000000000
CA-C01-016-A0096,CA-C01-016,DS01,cerro_azul,CAMPAIGN_01,190.000000000,192.000000000,2.000000000,0.025445273,0.000000000,0.000000000
CA-C01-016-A0097,CA-C01-016,DS01,cerro_azul,CAMPAIGN_01,192.000000000,194.000000000,2.000000000,0.025464684,0.000000000,0.000000000
CA-C01-016-A0098,CA-C01-016,DS01,cerro_azul,CAMPAIGN_01,194.000000000,196.000000000,2.000000000,0.026898531,0.000000000,0.000000000
CA-C01-016-A0099,CA-C01-016,DS01,cerro_azul,CAMPAIGN_01,196.000000000,198.000000000,2.000000000,0.027890611,0.000000000,0.000000000
CA-C01-016-A0100,CA-C01-016,DS01,cerro_azul,CAMPAIGN_01,198.000000000,200.000000000,2.000000000,0.029806006,0.000000000,0.000000000
CA-C01-016-A0101,CA-C01-016,DS01,cerro_azul,CAMPAIGN_01,200.000000000,202.000000000,2.000000000,0.024556672,0.000000000,0.000000000
CA-C01-016-A0102,CA-C01-016,DS01,cerro_azul,CAMPAIGN_01,202.000000000,204.000000000,2.000000000,0.028036271,0.000000000,0.000000000
CA-C01-016-A0103,CA-C01-016,DS01,cerro_azul,CAMPAIGN_01,204.000000000,206.000000000,2.000000000,0.026314612,0.000000000,0.000000000
CA-C01-016-A0104,CA-C01-016,DS01,cerro_azul,CAMPAIGN_01,206.000000000,208.000000000,2.000000000,0.027335923,0.000000000,0.000000000
CA-C01-016-A0105,CA-C01-016,DS01,cerro_azul,CAMPAIGN_01,208.000000000,210.000000000,2.000000000,0.026402803,0.000000000,0.000000000
CA-C01-016-A0106,CA-C01-016,DS01,cerro_azul,CAMPAIGN_01,210.000000000,212.000000000,2.000000000,0.028618479,0.000000000,0.000000000
CA-C01-016-A0107,CA-C01-016,DS01,cerro_azul,CAMPAIGN_01,212.000000000,214.000000000,2.000000000,0.032652447,0.000000000,0.000000000
CA-C01-016-A0108,CA-C01-016,DS01,cerro_azul,CAMPAIGN_01,214.000000000,216.000000000,2.000000000,0.027041406,0.000000000,0.000000000
CA-C01-016-A0109,CA-C01-016,DS01,cerro_azul,CAMPAIGN_01,216.000000000,218.000000000,2.000000000,0.028904869,0.000000000,0.000000000
CA-C01-016-A0110,CA-C01-016,DS01,cerro_azul,CAMPAIGN_01,218.000000000,220.000000000,2.000000000,0.029279596,0.000000000,0.000000000
CA-C01-016-A0111,CA-C01-016,DS01,cerro_azul,CAMPAIGN_01,220.000000000,222.000000000,2.000000000,0.028734257,0.000000000,0.000000000
CA-C01-016-A0112,CA-C01-016,DS01,cerro_azul,CAMPAIGN_01,222.000000000,224.000000000,2.000000000,0.026590902,0.000000000,0.000000000
CA-C01-016-A0113,CA-C01-016,DS01,cerro_azul,CAMPAIGN_01,224.000000000,226.000000000,2.000000000,0.030050440,0.000000000,0.000000000
CA-C01-016-A0114,CA-C01-016,DS01,cerro_azul,CAMPAIGN_01,226.000000000,228.000000000,2.000000000,0.028580724,0.000000000,0.000000000
CA-C01-016-A0115,CA-C01-016,DS01,cerro_azul,CAMPAIGN_01,228.000000000,230.000000000,2.000000000,0.029004510,0.000000000,0.000000000
CA-C01-016-A0116,CA-C01-016,DS01,cerro_azul,CAMPAIGN_01,230.000000000,232.000000000,2.000000000,0.028628056,0.000000000,0.000000000
CA-C01-016-A0117,CA-C01-016,DS01,cerro_azul,CAMPAIGN_01,232.000000000,234.000000000,2.000000000,0.026267070,0.000000000,0.000000000
CA-C01-016-A0118,CA-C01-016,DS01,cerro_azul,CAMPAIGN_01,234.000000000,236.000000000,2.000000000,0.024142228,0.000000000,0.000000000
CA-C01-016-A0119,CA-C01-016,DS01,cerro_azul,CAMPAIGN_01,236.000000000,238.000000000,2.000000000,0.026761958,0.000000000,0.000000000
CA-C01-016-A0120,CA-C01-016,DS01,cerro_azul,CAMPAIGN_01,238.000000000,240.000000000,2.000000000,0.028206499,0.000000000,0.000000000
CA-C01-016-A0121,CA-C01-016,DS01,cerro_azul,CAMPAIGN_01,240.000000000,242.000000000,2.000000000,0.027524137,0.000000000,0.000000000
CA-C01-016-A0122,CA-C01-016,DS01,cerro_azul,CAMPAIGN_01,242.000000000,244.000000000,2.000000000,0.026642181,0.000000000,0.000000000
CA-C01-016-A0123,CA-C01-016,DS01,cerro_azul,CAMPAIGN_01,244.000000000,246.000000000,2.000000000,0.026793597,0.000000000,0.000000000
CA-C01-016-A0124,CA-C01-016,DS01,cerro_azul,CAMPAIGN_01,246.000000000,248.000000000,2.000000000,0.028963403,0.000000000,0.000000000
CA-C01-016-A0125,CA-C01-016,DS01,cerro_azul,CAMPAIGN_01,248.000000000,250.000000000,2.000000000,0.025174227,0.000000000,0.000000000
CA-C01-016-A0126,CA-C01-016,DS01,cerro_azul,CAMPAIGN_01,250.000000000,252.000000000,2.000000000,0.028711481,0.000000000,0.000000000
CA-C01-016-A0127,CA-C01-016,DS01,cerro_azul,CAMPAIGN_01,252.000000000,254.000000000,2.000000000,0.032034521,0.000000000,0.000000000
CA-C01-016-A0128,CA-C01-016,DS01,cerro_azul,CAMPAIGN_01,254.000000000,256.000000000,2.000000000,0.026436524,0.000000000,0.000000000
CA-C01-016-A0129,CA-C01-016,DS01,cerro_azul,CAMPAIGN_01,256.000000000,258.000000000,2.000000000,0.028029453,0.000000000,0.000000000
CA-C01-016-A0130,CA-C01-016,DS01,cerro_azul,CAMPAIGN_01,258.000000000,260.000000000,2.000000000,0.024515881,0.000000000,0.000000000
CA-C01-016-A0131,CA-C01-016,DS01,cerro_azul,CAMPAIGN_01,260.000000000,262.000000000,2.000000000,0.032326621,0.000000000,0.000000000
CA-C01-016-A0132,CA-C01-016,DS01,cerro_azul,CAMPAIGN_01,262.000000000,264.000000000,2.000000000,0.031200106,0.000000000,0.000000000
CA-C01-016-A0133,CA-C01-016,DS01,cerro_azul,CAMPAIGN_01,264.000000000,266.000000000,2.000000000,0.028923048,0.000000000,0.000000000
CA-C01-016-A0134,CA-C01-016,DS01,cerro_azul,CAMPAIGN_01,266.000000000,268.000000000,2.000000000,0.024995121,0.000000000,0.000000000
CA-C01-016-A0135,CA-C01-016,DS01,cerro_azul,CAMPAIGN_01,268.000000000,270.000000000,2.000000000,0.028943666,0.000000000,0.000000000
CA-C01-016-A0136,CA-C01-016,DS01,cerro_azul,CAMPAIGN_01,270.000000000,272.000000000,2.000000000,0.029920517,0.000000000,0.000000000
CA-C01-016-A0137,CA-C01-016,DS01,cerro_azul,CAMPAIGN_01,272.000000000,274.000000000,2.000000000,0.030384497,0.000000000,0.000000000
CA-C01-016-A0138,CA-C01-016,DS01,cerro_azul,CAMPAIGN_01,274.000000000,276.000000000,2.000000000,0.029108996,0.000000000,0.000000000
CA-C01-016-A0139,CA-C01-016,DS01,cerro_azul,CAMPAIGN_01,276.000000000,278.000000000,2.000000000,0.023749504,0.000000000,0.000000000
CA-C01-016-A0140,CA-C01-016,DS01,cerro_azul,CAMPAIGN_01,278.000000000,279.499276734,1.499276734,0.027643317,0.000000000,0.000000000
CA-C02-001-A0001,CA-C02-001,DS01,cerro_azul,CAMPAIGN_02,0.000000000,2.000000000,2.000000000,0.216617765,0.000000000,0.000000000
CA-C02-001-A0002,CA-C02-001,DS01,cerro_azul,CAMPAIGN_02,2.000000000,4.000000000,2.000000000,0.217377858,0.000000000,0.000000000
CA-C02-001-A0003,CA-C02-001,DS01,cerro_azul,CAMPAIGN_02,4.000000000,6.000000000,2.000000000,0.231898239,0.000000000,0.000000000
CA-C02-001-A0004,CA-C02-001,DS01,cerro_azul,CAMPAIGN_02,6.000000000,8.000000000,2.000000000,0.238584733,0.000000000,0.000000000
CA-C02-001-A0005,CA-C02-001,DS01,cerro_azul,CAMPAIGN_02,8.000000000,10.000000000,2.000000000,0.263525611,0.000000000,0.000000000
CA-C02-001-A0006,CA-C02-001,DS01,cerro_azul,CAMPAIGN_02,10.000000000,12.000000000,2.000000000,0.269894947,0.000000000,0.000000000
CA-C02-001-A0007,CA-C02-001,DS01,cerro_azul,CAMPAIGN_02,12.000000000,14.000000000,2.000000000,0.279085336,0.000000000,0.000000000
CA-C02-001-A0008,CA-C02-001,DS01,cerro_azul,CAMPAIGN_02,14.000000000,16.000000000,2.000000000,0.267755664,0.000000000,0.000000000
CA-C02-001-A0009,CA-C02-001,DS01,cerro_azul,CAMPAIGN_02,16.000000000,18.000000000,2.000000000,0.287462152,0.000000000,0.000000000
CA-C02-001-A0010,CA-C02-001,DS01,cerro_azul,CAMPAIGN_02,18.000000000,20.000000000,2.000000000,0.308281467,0.000000000,0.000000000
CA-C02-001-A0011,CA-C02-001,DS01,cerro_azul,CAMPAIGN_02,20.000000000,22.000000000,2.000000000,0.284562098,0.000000000,0.000000000
CA-C02-001-A0012,CA-C02-001,DS01,cerro_azul,CAMPAIGN_02,22.000000000,24.000000000,2.000000000,0.315234941,0.000000000,0.000000000
CA-C02-001-A0013,CA-C02-001,DS01,cerro_azul,CAMPAIGN_02,24.000000000,26.000000000,2.000000000,0.345349476,0.000000000,0.000000000
CA-C02-001-A0014,CA-C02-001,DS01,cerro_azul,CAMPAIGN_02,26.000000000,28.000000000,2.000000000,0.318689936,0.000000000,0.000000000
CA-C02-001-A0015,CA-C02-001,DS01,cerro_azul,CAMPAIGN_02,28.000000000,30.000000000,2.000000000,0.366525651,0.000000000,0.000000000
CA-C02-001-A0016,CA-C02-001,DS01,cerro_azul,CAMPAIGN_02,30.000000000,32.000000000,2.000000000,0.362033595,0.000000000,0.000000000
CA-C02-001-A0017,CA-C02-001,DS01,cerro_azul,CAMPAIGN_02,32.000000000,34.000000000,2.000000000,0.401937281,0.000000000,0.000000000
CA-C02-001-A0018,CA-C02-001,DS01,cerro_azul,CAMPAIGN_02,34.000000000,36.000000000,2.000000000,0.357084137,0.000000000,0.000000000
CA-C02-001-A0019,CA-C02-001,DS01,cerro_azul,CAMPAIGN_02,36.000000000,38.000000000,2.000000000,0.383814346,0.000000000,0.000000000
CA-C02-001-A0020,CA-C02-001,DS01,cerro_azul,CAMPAIGN_02,38.000000000,40.000000000,2.000000000,0.365067260,0.000000000,0.000000000
CA-C02-001-A0021,CA-C02-001,DS01,cerro_azul,CAMPAIGN_02,40.000000000,42.000000000,2.000000000,0.412780330,0.000000000,0.000000000
CA-C02-001-A0022,CA-C02-001,DS01,cerro_azul,CAMPAIGN_02,42.000000000,44.000000000,2.000000000,0.436616932,0.000000000,0.000000000
CA-C02-001-A0023,CA-C02-001,DS01,cerro_azul,CAMPAIGN_02,44.000000000,46.000000000,2.000000000,0.439556552,0.000000000,0.000000000
CA-C02-001-A0024,CA-C02-001,DS01,cerro_azul,CAMPAIGN_02,46.000000000,48.000000000,2.000000000,0.458024954,0.000000000,0.000000000
CA-C02-001-A0025,CA-C02-001,DS01,cerro_azul,CAMPAIGN_02,48.000000000,50.000000000,2.000000000,0.467712656,0.000000000,0.000000000
CA-C02-001-A0026,CA-C02-001,DS01,cerro_azul,CAMPAIGN_02,50.000000000,52.000000000,2.000000000,0.455930145,0.000000000,0.000000000
CA-C02-001-A0027,CA-C02-001,DS01,cerro_azul,CAMPAIGN_02,52.000000000,54.000000000,2.000000000,0.467099500,0.000000000,0.000000000
CA-C02-001-A0028,CA-C02-001,DS01,cerro_azul,CAMPAIGN_02,54.000000000,56.000000000,2.000000000,0.522010514,0.000000000,0.000000000
CA-C02-001-A0029,CA-C02-001,DS01,cerro_azul,CAMPAIGN_02,56.000000000,58.000000000,2.000000000,0.513106859,0.000000000,0.000000000
CA-C02-001-A0030,CA-C02-001,DS01,cerro_azul,CAMPAIGN_02,58.000000000,60.000000000,2.000000000,0.544330448,0.000000000,0.000000000
CA-C02-001-A0031,CA-C02-001,DS01,cerro_azul,CAMPAIGN_02,60.000000000,62.000000000,2.000000000,0.479852707,0.000000000,0.000000000
CA-C02-001-A0032,CA-C02-001,DS01,cerro_azul,CAMPAIGN_02,62.000000000,64.000000000,2.000000000,0.541386281,0.000000000,0.000000000
CA-C02-001-A0033,CA-C02-001,DS01,cerro_azul,CAMPAIGN_02,64.000000000,66.000000000,2.000000000,0.561712175,0.000000000,0.000000000
CA-C02-001-A0034,CA-C02-001,DS01,cerro_azul,CAMPAIGN_02,66.000000000,68.000000000,2.000000000,0.573166073,0.000000000,0.000000000
CA-C02-001-A0035,CA-C02-001,DS01,cerro_azul,CAMPAIGN_02,68.000000000,70.000000000,2.000000000,0.564344025,0.000000000,0.000000000
CA-C02-001-A0036,CA-C02-001,DS01,cerro_azul,CAMPAIGN_02,70.000000000,72.000000000,2.000000000,0.540373578,0.000000000,0.000000000
CA-C02-001-A0037,CA-C02-001,DS01,cerro_azul,CAMPAIGN_02,72.000000000,74.000000000,2.000000000,0.589479201,0.000000000,0.000000000
CA-C02-001-A0038,CA-C02-001,DS01,cerro_azul,CAMPAIGN_02,74.000000000,76.000000000,2.000000000,0.620804599,0.000000000,0.000000000
CA-C02-001-A0039,CA-C02-001,DS01,cerro_azul,CAMPAIGN_02,76.000000000,78.000000000,2.000000000,0.677803524,0.000000000,0.000000000
CA-C02-001-A0040,CA-C02-001,DS01,cerro_azul,CAMPAIGN_02,78.000000000,80.000000000,2.000000000,0.636787894,0.000000000,0.000000000
CA-C02-001-A0041,CA-C02-001,DS01,cerro_azul,CAMPAIGN_02,80.000000000,82.000000000,2.000000000,0.644514739,0.000000000,0.000000000
CA-C02-001-A0042,CA-C02-001,DS01,cerro_azul,CAMPAIGN_02,82.000000000,84.000000000,2.000000000,0.658090436,0.000000000,0.000000000
CA-C02-001-A0043,CA-C02-001,DS01,cerro_azul,CAMPAIGN_02,84.000000000,86.000000000,2.000000000,0.674543515,0.000000000,0.000000000
CA-C02-001-A0044,CA-C02-001,DS01,cerro_azul,CAMPAIGN_02,86.000000000,88.000000000,2.000000000,0.672526772,0.000000000,0.000000000
CA-C02-001-A0045,CA-C02-001,DS01,cerro_azul,CAMPAIGN_02,88.000000000,90.000000000,2.000000000,0.685269043,0.000000000,0.000000000
CA-C02-001-A0046,CA-C02-001,DS01,cerro_azul,CAMPAIGN_02,90.000000000,92.000000000,2.000000000,0.692703477,0.000000000,0.000000000
CA-C02-001-A0047,CA-C02-001,DS01,cerro_azul,CAMPAIGN_02,92.000000000,94.000000000,2.000000000,0.752609414,0.000000000,0.000000000
CA-C02-001-A0048,CA-C02-001,DS01,cerro_azul,CAMPAIGN_02,94.000000000,96.000000000,2.000000000,0.744133636,0.000000000,0.000000000
CA-C02-001-A0049,CA-C02-001,DS01,cerro_azul,CAMPAIGN_02,96.000000000,98.000000000,2.000000000,0.726133832,0.000000000,0.000000000
CA-C02-001-A0050,CA-C02-001,DS01,cerro_azul,CAMPAIGN_02,98.000000000,100.000000000,2.000000000,0.753383655,0.000000000,0.000000000
CA-C02-001-A0051,CA-C02-001,DS01,cerro_azul,CAMPAIGN_02,100.000000000,102.000000000,2.000000000,0.726395525,0.000000000,0.000000000
CA-C02-001-A0052,CA-C02-001,DS01,cerro_azul,CAMPAIGN_02,102.000000000,104.000000000,2.000000000,0.766359293,0.000000000,0.000000000
CA-C02-001-A0053,CA-C02-001,DS01,cerro_azul,CAMPAIGN_02,104.000000000,106.000000000,2.000000000,0.721778674,0.000000000,0.000000000
CA-C02-001-A0054,CA-C02-001,DS01,cerro_azul,CAMPAIGN_02,106.000000000,108.000000000,2.000000000,0.731342238,0.000000000,0.000000000
CA-C02-001-A0055,CA-C02-001,DS01,cerro_azul,CAMPAIGN_02,108.000000000,110.000000000,2.000000000,0.774440900,0.000000000,0.000000000
CA-C02-001-A0056,CA-C02-001,DS01,cerro_azul,CAMPAIGN_02,110.000000000,112.000000000,2.000000000,0.897933155,0.000000000,0.000000000
CA-C02-001-A0057,CA-C02-001,DS01,cerro_azul,CAMPAIGN_02,112.000000000,114.000000000,2.000000000,0.849874689,0.000000000,0.000000000
CA-C02-001-A0058,CA-C02-001,DS01,cerro_azul,CAMPAIGN_02,114.000000000,116.000000000,2.000000000,0.841769961,0.000000000,0.000000000
CA-C02-001-A0059,CA-C02-001,DS01,cerro_azul,CAMPAIGN_02,116.000000000,118.000000000,2.000000000,0.875741973,0.000000000,0.000000000
CA-C02-001-A0060,CA-C02-001,DS01,cerro_azul,CAMPAIGN_02,118.000000000,120.000000000,2.000000000,0.836748255,0.000000000,0.000000000
CA-C02-001-A0061,CA-C02-001,DS01,cerro_azul,CAMPAIGN_02,120.000000000,122.000000000,2.000000000,0.906296906,0.000000000,0.000000000
CA-C02-001-A0062,CA-C02-001,DS01,cerro_azul,CAMPAIGN_02,122.000000000,124.000000000,2.000000000,0.851992530,0.000000000,0.000000000
CA-C02-001-A0063,CA-C02-001,DS01,cerro_azul,CAMPAIGN_02,124.000000000,126.000000000,2.000000000,0.871681740,0.000000000,0.000000000
CA-C02-001-A0064,CA-C02-001,DS01,cerro_azul,CAMPAIGN_02,126.000000000,128.000000000,2.000000000,0.857812013,0.000000000,0.000000000
CA-C02-001-A0065,CA-C02-001,DS01,cerro_azul,CAMPAIGN_02,128.000000000,130.000000000,2.000000000,0.896875815,0.000000000,0.000000000
CA-C02-001-A0066,CA-C02-001,DS01,cerro_azul,CAMPAIGN_02,130.000000000,132.000000000,2.000000000,0.864486386,0.000000000,0.000000000
CA-C02-001-A0067,CA-C02-001,DS01,cerro_azul,CAMPAIGN_02,132.000000000,134.000000000,2.000000000,0.876621858,0.000000000,0.000000000
CA-C02-001-A0068,CA-C02-001,DS01,cerro_azul,CAMPAIGN_02,134.000000000,136.000000000,2.000000000,0.908458306,0.000000000,0.000000000
CA-C02-001-A0069,CA-C02-001,DS01,cerro_azul,CAMPAIGN_02,136.000000000,138.000000000,2.000000000,0.829589110,0.000000000,0.000000000
CA-C02-001-A0070,CA-C02-001,DS01,cerro_azul,CAMPAIGN_02,138.000000000,140.000000000,2.000000000,0.966822497,0.000000000,0.000000000
CA-C02-001-A0071,CA-C02-001,DS01,cerro_azul,CAMPAIGN_02,140.000000000,142.000000000,2.000000000,0.873297687,0.000000000,0.000000000
CA-C02-001-A0072,CA-C02-001,DS01,cerro_azul,CAMPAIGN_02,142.000000000,144.000000000,2.000000000,0.846874447,0.000000000,0.000000000
CA-C02-001-A0073,CA-C02-001,DS01,cerro_azul,CAMPAIGN_02,144.000000000,146.000000000,2.000000000,0.952356815,0.000000000,0.000000000
CA-C02-001-A0074,CA-C02-001,DS01,cerro_azul,CAMPAIGN_02,146.000000000,148.000000000,2.000000000,0.849068789,0.000000000,0.000000000
CA-C02-001-A0075,CA-C02-001,DS01,cerro_azul,CAMPAIGN_02,148.000000000,150.000000000,2.000000000,0.973973249,0.000000000,0.000000000
CA-C02-001-A0076,CA-C02-001,DS01,cerro_azul,CAMPAIGN_02,150.000000000,152.000000000,2.000000000,1.007600589,0.000000000,0.000000000
CA-C02-001-A0077,CA-C02-001,DS01,cerro_azul,CAMPAIGN_02,152.000000000,154.000000000,2.000000000,0.960039412,0.000000000,0.000000000
CA-C02-001-A0078,CA-C02-001,DS01,cerro_azul,CAMPAIGN_02,154.000000000,156.000000000,2.000000000,0.942875453,0.000000000,0.000000000
CA-C02-001-A0079,CA-C02-001,DS01,cerro_azul,CAMPAIGN_02,156.000000000,158.000000000,2.000000000,0.962005429,0.000000000,0.000000000
CA-C02-001-A0080,CA-C02-001,DS01,cerro_azul,CAMPAIGN_02,158.000000000,160.000000000,2.000000000,0.872675875,0.000000000,0.000000000
CA-C02-001-A0081,CA-C02-001,DS01,cerro_azul,CAMPAIGN_02,160.000000000,162.000000000,2.000000000,0.963875131,0.000000000,0.000000000
CA-C02-001-A0082,CA-C02-001,DS01,cerro_azul,CAMPAIGN_02,162.000000000,164.000000000,2.000000000,0.943522655,0.000000000,0.000000000
CA-C02-001-A0083,CA-C02-001,DS01,cerro_azul,CAMPAIGN_02,164.000000000,166.000000000,2.000000000,0.891391917,0.000000000,0.000000000
CA-C02-001-A0084,CA-C02-001,DS01,cerro_azul,CAMPAIGN_02,166.000000000,168.000000000,2.000000000,0.949925771,0.000000000,0.000000000
CA-C02-001-A0085,CA-C02-001,DS01,cerro_azul,CAMPAIGN_02,168.000000000,170.000000000,2.000000000,0.916861009,0.000000000,0.000000000
CA-C02-001-A0086,CA-C02-001,DS01,cerro_azul,CAMPAIGN_02,170.000000000,172.000000000,2.000000000,0.920313163,0.000000000,0.000000000
CA-C02-001-A0087,CA-C02-001,DS01,cerro_azul,CAMPAIGN_02,172.000000000,174.000000000,2.000000000,0.923125295,0.000000000,0.000000000
CA-C02-001-A0088,CA-C02-001,DS01,cerro_azul,CAMPAIGN_02,174.000000000,176.000000000,2.000000000,0.884321080,0.000000000,0.000000000
CA-C02-001-A0089,CA-C02-001,DS01,cerro_azul,CAMPAIGN_02,176.000000000,178.000000000,2.000000000,0.924464865,0.000000000,0.000000000
CA-C02-001-A0090,CA-C02-001,DS01,cerro_azul,CAMPAIGN_02,178.000000000,180.000000000,2.000000000,0.940850327,0.000000000,0.000000000
CA-C02-002-A0001,CA-C02-002,DS01,cerro_azul,CAMPAIGN_02,0.000000000,2.000000000,2.000000000,0.162450187,0.000000000,0.000000000
CA-C02-002-A0002,CA-C02-002,DS01,cerro_azul,CAMPAIGN_02,2.000000000,4.000000000,2.000000000,0.162274070,0.000000000,0.000000000
CA-C02-002-A0003,CA-C02-002,DS01,cerro_azul,CAMPAIGN_02,4.000000000,6.000000000,2.000000000,0.179234374,0.000000000,0.000000000
CA-C02-002-A0004,CA-C02-002,DS01,cerro_azul,CAMPAIGN_02,6.000000000,8.000000000,2.000000000,0.179978468,0.000000000,0.000000000
CA-C02-002-A0005,CA-C02-002,DS01,cerro_azul,CAMPAIGN_02,8.000000000,10.000000000,2.000000000,0.207388096,0.000000000,0.000000000
CA-C02-002-A0006,CA-C02-002,DS01,cerro_azul,CAMPAIGN_02,10.000000000,12.000000000,2.000000000,0.196595148,0.000000000,0.000000000
CA-C02-002-A0007,CA-C02-002,DS01,cerro_azul,CAMPAIGN_02,12.000000000,14.000000000,2.000000000,0.214076410,0.000000000,0.000000000
CA-C02-002-A0008,CA-C02-002,DS01,cerro_azul,CAMPAIGN_02,14.000000000,16.000000000,2.000000000,0.214893076,0.000000000,0.000000000
CA-C02-002-A0009,CA-C02-002,DS01,cerro_azul,CAMPAIGN_02,16.000000000,18.000000000,2.000000000,0.210765869,0.000000000,0.000000000
CA-C02-002-A0010,CA-C02-002,DS01,cerro_azul,CAMPAIGN_02,18.000000000,20.000000000,2.000000000,0.233111838,0.000000000,0.000000000
CA-C02-002-A0011,CA-C02-002,DS01,cerro_azul,CAMPAIGN_02,20.000000000,22.000000000,2.000000000,0.246311660,0.000000000,0.000000000
CA-C02-002-A0012,CA-C02-002,DS01,cerro_azul,CAMPAIGN_02,22.000000000,24.000000000,2.000000000,0.271851409,0.000000000,0.000000000
CA-C02-002-A0013,CA-C02-002,DS01,cerro_azul,CAMPAIGN_02,24.000000000,26.000000000,2.000000000,0.267236040,0.000000000,0.000000000
CA-C02-002-A0014,CA-C02-002,DS01,cerro_azul,CAMPAIGN_02,26.000000000,28.000000000,2.000000000,0.286430808,0.000000000,0.000000000
CA-C02-002-A0015,CA-C02-002,DS01,cerro_azul,CAMPAIGN_02,28.000000000,30.000000000,2.000000000,0.301495512,0.000000000,0.000000000
CA-C02-002-A0016,CA-C02-002,DS01,cerro_azul,CAMPAIGN_02,30.000000000,32.000000000,2.000000000,0.321013726,0.000000000,0.000000000
CA-C02-002-A0017,CA-C02-002,DS01,cerro_azul,CAMPAIGN_02,32.000000000,34.000000000,2.000000000,0.304344520,0.000000000,0.000000000
CA-C02-002-A0018,CA-C02-002,DS01,cerro_azul,CAMPAIGN_02,34.000000000,36.000000000,2.000000000,0.316275685,0.000000000,0.000000000
CA-C02-002-A0019,CA-C02-002,DS01,cerro_azul,CAMPAIGN_02,36.000000000,38.000000000,2.000000000,0.330173920,0.000000000,0.000000000
CA-C02-002-A0020,CA-C02-002,DS01,cerro_azul,CAMPAIGN_02,38.000000000,40.000000000,2.000000000,0.326221448,0.000000000,0.000000000
CA-C02-002-A0021,CA-C02-002,DS01,cerro_azul,CAMPAIGN_02,40.000000000,42.000000000,2.000000000,0.350556007,0.000000000,0.000000000
CA-C02-002-A0022,CA-C02-002,DS01,cerro_azul,CAMPAIGN_02,42.000000000,44.000000000,2.000000000,0.360481384,0.000000000,0.000000000
CA-C02-002-A0023,CA-C02-002,DS01,cerro_azul,CAMPAIGN_02,44.000000000,46.000000000,2.000000000,0.387197860,0.000000000,0.000000000
CA-C02-002-A0024,CA-C02-002,DS01,cerro_azul,CAMPAIGN_02,46.000000000,48.000000000,2.000000000,0.384707179,0.000000000,0.000000000
CA-C02-002-A0025,CA-C02-002,DS01,cerro_azul,CAMPAIGN_02,48.000000000,50.000000000,2.000000000,0.383913417,0.000000000,0.000000000
CA-C02-002-A0026,CA-C02-002,DS01,cerro_azul,CAMPAIGN_02,50.000000000,52.000000000,2.000000000,0.420223371,0.000000000,0.000000000
CA-C02-002-A0027,CA-C02-002,DS01,cerro_azul,CAMPAIGN_02,52.000000000,54.000000000,2.000000000,0.430476255,0.000000000,0.000000000
CA-C02-002-A0028,CA-C02-002,DS01,cerro_azul,CAMPAIGN_02,54.000000000,56.000000000,2.000000000,0.449729158,0.000000000,0.000000000
CA-C02-002-A0029,CA-C02-002,DS01,cerro_azul,CAMPAIGN_02,56.000000000,58.000000000,2.000000000,0.454033837,0.000000000,0.000000000
CA-C02-002-A0030,CA-C02-002,DS01,cerro_azul,CAMPAIGN_02,58.000000000,60.000000000,2.000000000,0.472854924,0.000000000,0.000000000
CA-C02-002-A0031,CA-C02-002,DS01,cerro_azul,CAMPAIGN_02,60.000000000,62.000000000,2.000000000,0.433283716,0.000000000,0.000000000
CA-C02-002-A0032,CA-C02-002,DS01,cerro_azul,CAMPAIGN_02,62.000000000,64.000000000,2.000000000,0.511235453,0.000000000,0.000000000
CA-C02-002-A0033,CA-C02-002,DS01,cerro_azul,CAMPAIGN_02,64.000000000,66.000000000,2.000000000,0.516820140,0.000000000,0.000000000
CA-C02-002-A0034,CA-C02-002,DS01,cerro_azul,CAMPAIGN_02,66.000000000,68.000000000,2.000000000,0.510313752,0.000000000,0.000000000
CA-C02-002-A0035,CA-C02-002,DS01,cerro_azul,CAMPAIGN_02,68.000000000,70.000000000,2.000000000,0.517758117,0.000000000,0.000000000
CA-C02-002-A0036,CA-C02-002,DS01,cerro_azul,CAMPAIGN_02,70.000000000,72.000000000,2.000000000,0.504493113,0.000000000,0.000000000
CA-C02-002-A0037,CA-C02-002,DS01,cerro_azul,CAMPAIGN_02,72.000000000,74.000000000,2.000000000,0.573978459,0.000000000,0.000000000
CA-C02-002-A0038,CA-C02-002,DS01,cerro_azul,CAMPAIGN_02,74.000000000,76.000000000,2.000000000,0.555288579,0.000000000,0.000000000
CA-C02-002-A0039,CA-C02-002,DS01,cerro_azul,CAMPAIGN_02,76.000000000,78.000000000,2.000000000,0.565770178,0.000000000,0.000000000
CA-C02-002-A0040,CA-C02-002,DS01,cerro_azul,CAMPAIGN_02,78.000000000,80.000000000,2.000000000,0.607930436,0.000000000,0.000000000
CA-C02-002-A0041,CA-C02-002,DS01,cerro_azul,CAMPAIGN_02,80.000000000,82.000000000,2.000000000,0.590249676,0.000000000,0.000000000
CA-C02-002-A0042,CA-C02-002,DS01,cerro_azul,CAMPAIGN_02,82.000000000,84.000000000,2.000000000,0.627114487,0.000000000,0.000000000
CA-C02-002-A0043,CA-C02-002,DS01,cerro_azul,CAMPAIGN_02,84.000000000,86.000000000,2.000000000,0.611338618,0.000000000,0.000000000
CA-C02-002-A0044,CA-C02-002,DS01,cerro_azul,CAMPAIGN_02,86.000000000,88.000000000,2.000000000,0.617725022,0.000000000,0.000000000
CA-C02-002-A0045,CA-C02-002,DS01,cerro_azul,CAMPAIGN_02,88.000000000,90.000000000,2.000000000,0.655421924,0.000000000,0.000000000
CA-C02-002-A0046,CA-C02-002,DS01,cerro_azul,CAMPAIGN_02,90.000000000,92.000000000,2.000000000,0.671618282,0.000000000,0.000000000
CA-C02-002-A0047,CA-C02-002,DS01,cerro_azul,CAMPAIGN_02,92.000000000,94.000000000,2.000000000,0.714137446,0.000000000,0.000000000
CA-C02-002-A0048,CA-C02-002,DS01,cerro_azul,CAMPAIGN_02,94.000000000,96.000000000,2.000000000,0.665012901,0.000000000,0.000000000
CA-C02-002-A0049,CA-C02-002,DS01,cerro_azul,CAMPAIGN_02,96.000000000,98.000000000,2.000000000,0.742100581,0.000000000,0.000000000
CA-C02-002-A0050,CA-C02-002,DS01,cerro_azul,CAMPAIGN_02,98.000000000,100.000000000,2.000000000,0.736752472,0.000000000,0.000000000
CA-C02-002-A0051,CA-C02-002,DS01,cerro_azul,CAMPAIGN_02,100.000000000,102.000000000,2.000000000,0.805242195,0.000000000,0.000000000
CA-C02-002-A0052,CA-C02-002,DS01,cerro_azul,CAMPAIGN_02,102.000000000,104.000000000,2.000000000,0.759064500,0.000000000,0.000000000
CA-C02-002-A0053,CA-C02-002,DS01,cerro_azul,CAMPAIGN_02,104.000000000,106.000000000,2.000000000,0.763399519,0.000000000,0.000000000
CA-C02-002-A0054,CA-C02-002,DS01,cerro_azul,CAMPAIGN_02,106.000000000,108.000000000,2.000000000,0.814483552,0.000000000,0.000000000
CA-C02-002-A0055,CA-C02-002,DS01,cerro_azul,CAMPAIGN_02,108.000000000,110.000000000,2.000000000,0.773090025,0.000000000,0.000000000
CA-C02-002-A0056,CA-C02-002,DS01,cerro_azul,CAMPAIGN_02,110.000000000,112.000000000,2.000000000,0.805122158,0.000000000,0.000000000
CA-C02-002-A0057,CA-C02-002,DS01,cerro_azul,CAMPAIGN_02,112.000000000,114.000000000,2.000000000,0.794891753,0.000000000,0.000000000
CA-C02-002-A0058,CA-C02-002,DS01,cerro_azul,CAMPAIGN_02,114.000000000,116.000000000,2.000000000,0.880298008,0.000000000,0.000000000
CA-C02-002-A0059,CA-C02-002,DS01,cerro_azul,CAMPAIGN_02,116.000000000,118.000000000,2.000000000,0.861780687,0.000000000,0.000000000
CA-C02-002-A0060,CA-C02-002,DS01,cerro_azul,CAMPAIGN_02,118.000000000,120.000000000,2.000000000,0.869636468,0.000000000,0.000000000
CA-C02-002-A0061,CA-C02-002,DS01,cerro_azul,CAMPAIGN_02,120.000000000,122.000000000,2.000000000,0.808487934,0.000000000,0.000000000
CA-C02-002-A0062,CA-C02-002,DS01,cerro_azul,CAMPAIGN_02,122.000000000,124.000000000,2.000000000,0.958632998,0.000000000,0.000000000
CA-C02-002-A0063,CA-C02-002,DS01,cerro_azul,CAMPAIGN_02,124.000000000,126.000000000,2.000000000,0.838358810,0.000000000,0.000000000
CA-C02-002-A0064,CA-C02-002,DS01,cerro_azul,CAMPAIGN_02,126.000000000,128.000000000,2.000000000,0.914813723,0.000000000,0.000000000
CA-C02-002-A0065,CA-C02-002,DS01,cerro_azul,CAMPAIGN_02,128.000000000,130.000000000,2.000000000,0.925959516,0.000000000,0.000000000
CA-C02-002-A0066,CA-C02-002,DS01,cerro_azul,CAMPAIGN_02,130.000000000,132.000000000,2.000000000,0.957191239,0.000000000,0.000000000
CA-C02-002-A0067,CA-C02-002,DS01,cerro_azul,CAMPAIGN_02,132.000000000,134.000000000,2.000000000,0.909932075,0.000000000,0.000000000
CA-C02-002-A0068,CA-C02-002,DS01,cerro_azul,CAMPAIGN_02,134.000000000,136.000000000,2.000000000,0.978698496,0.000000000,0.000000000
CA-C02-002-A0069,CA-C02-002,DS01,cerro_azul,CAMPAIGN_02,136.000000000,138.000000000,2.000000000,0.941161232,0.000000000,0.000000000
CA-C02-002-A0070,CA-C02-002,DS01,cerro_azul,CAMPAIGN_02,138.000000000,140.000000000,2.000000000,0.947955268,0.000000000,0.000000000
CA-C02-002-A0071,CA-C02-002,DS01,cerro_azul,CAMPAIGN_02,140.000000000,142.000000000,2.000000000,0.994229733,0.000000000,0.000000000
CA-C02-002-A0072,CA-C02-002,DS01,cerro_azul,CAMPAIGN_02,142.000000000,144.000000000,2.000000000,1.045219719,0.000000000,0.000000000
CA-C02-002-A0073,CA-C02-002,DS01,cerro_azul,CAMPAIGN_02,144.000000000,146.000000000,2.000000000,1.001145090,0.000000000,0.000000000
CA-C02-002-A0074,CA-C02-002,DS01,cerro_azul,CAMPAIGN_02,146.000000000,148.000000000,2.000000000,1.052545390,0.000000000,0.000000000
CA-C02-002-A0075,CA-C02-002,DS01,cerro_azul,CAMPAIGN_02,148.000000000,150.000000000,2.000000000,1.054765256,0.000000000,0.000000000
CA-C02-002-A0076,CA-C02-002,DS01,cerro_azul,CAMPAIGN_02,150.000000000,152.000000000,2.000000000,1.070148412,0.000000000,0.000000000
CA-C02-002-A0077,CA-C02-002,DS01,cerro_azul,CAMPAIGN_02,152.000000000,154.000000000,2.000000000,1.041392723,0.000000000,0.000000000
CA-C02-002-A0078,CA-C02-002,DS01,cerro_azul,CAMPAIGN_02,154.000000000,156.000000000,2.000000000,0.974810162,0.000000000,0.000000000
CA-C02-002-A0079,CA-C02-002,DS01,cerro_azul,CAMPAIGN_02,156.000000000,158.000000000,2.000000000,1.042490958,0.000000000,0.000000000
CA-C02-002-A0080,CA-C02-002,DS01,cerro_azul,CAMPAIGN_02,158.000000000,160.000000000,2.000000000,1.045598345,0.000000000,0.000000000
CA-C02-002-A0081,CA-C02-002,DS01,cerro_azul,CAMPAIGN_02,160.000000000,162.000000000,2.000000000,1.143243377,0.000000000,0.000000000
CA-C02-002-A0082,CA-C02-002,DS01,cerro_azul,CAMPAIGN_02,162.000000000,164.000000000,2.000000000,1.045224611,0.000000000,0.000000000
CA-C02-002-A0083,CA-C02-002,DS01,cerro_azul,CAMPAIGN_02,164.000000000,166.000000000,2.000000000,1.054726243,0.000000000,0.000000000
CA-C02-002-A0084,CA-C02-002,DS01,cerro_azul,CAMPAIGN_02,166.000000000,168.000000000,2.000000000,1.016410232,0.000000000,0.000000000
CA-C02-002-A0085,CA-C02-002,DS01,cerro_azul,CAMPAIGN_02,168.000000000,170.000000000,2.000000000,1.080616822,0.000000000,0.000000000
CA-C02-002-A0086,CA-C02-002,DS01,cerro_azul,CAMPAIGN_02,170.000000000,172.000000000,2.000000000,1.057537793,0.000000000,0.000000000
CA-C02-002-A0087,CA-C02-002,DS01,cerro_azul,CAMPAIGN_02,172.000000000,174.000000000,2.000000000,1.125210691,0.000000000,0.000000000
CA-C02-002-A0088,CA-C02-002,DS01,cerro_azul,CAMPAIGN_02,174.000000000,176.000000000,2.000000000,1.112117025,0.000000000,0.000000000
CA-C02-002-A0089,CA-C02-002,DS01,cerro_azul,CAMPAIGN_02,176.000000000,178.000000000,2.000000000,1.044490923,0.000000000,0.000000000
CA-C02-002-A0090,CA-C02-002,DS01,cerro_azul,CAMPAIGN_02,178.000000000,180.000000000,2.000000000,1.055390706,0.000000000,0.000000000
CA-C02-002-A0091,CA-C02-002,DS01,cerro_azul,CAMPAIGN_02,180.000000000,182.000000000,2.000000000,1.096022670,0.000000000,0.000000000
CA-C02-002-A0092,CA-C02-002,DS01,cerro_azul,CAMPAIGN_02,182.000000000,184.000000000,2.000000000,1.065377217,0.000000000,0.000000000
CA-C02-002-A0093,CA-C02-002,DS01,cerro_azul,CAMPAIGN_02,184.000000000,186.000000000,2.000000000,1.074228629,0.000000000,0.000000000
CA-C02-002-A0094,CA-C02-002,DS01,cerro_azul,CAMPAIGN_02,186.000000000,188.000000000,2.000000000,1.083421147,0.000000000,0.000000000
CA-C02-002-A0095,CA-C02-002,DS01,cerro_azul,CAMPAIGN_02,188.000000000,190.000000000,2.000000000,1.059027425,0.000000000,0.000000000
CA-C02-002-A0096,CA-C02-002,DS01,cerro_azul,CAMPAIGN_02,190.000000000,192.000000000,2.000000000,0.998619844,0.000000000,0.000000000
CA-C02-002-A0097,CA-C02-002,DS01,cerro_azul,CAMPAIGN_02,192.000000000,194.000000000,2.000000000,1.013211204,0.000000000,0.000000000
CA-C02-002-A0098,CA-C02-002,DS01,cerro_azul,CAMPAIGN_02,194.000000000,196.000000000,2.000000000,1.129657807,0.000000000,0.000000000
CA-C02-002-A0099,CA-C02-002,DS01,cerro_azul,CAMPAIGN_02,196.000000000,198.000000000,2.000000000,0.984191928,0.000000000,0.000000000
CA-C02-002-A0100,CA-C02-002,DS01,cerro_azul,CAMPAIGN_02,198.000000000,200.000000000,2.000000000,1.059641294,0.000000000,0.000000000
CA-C02-002-A0101,CA-C02-002,DS01,cerro_azul,CAMPAIGN_02,200.000000000,202.000000000,2.000000000,1.031802470,0.000000000,0.000000000
CA-C02-002-A0102,CA-C02-002,DS01,cerro_azul,CAMPAIGN_02,202.000000000,204.000000000,2.000000000,0.965959684,0.000000000,0.000000000
CA-C02-002-A0103,CA-C02-002,DS01,cerro_azul,CAMPAIGN_02,204.000000000,206.000000000,2.000000000,1.036170075,0.000000000,0.000000000
CA-C02-002-A0104,CA-C02-002,DS01,cerro_azul,CAMPAIGN_02,206.000000000,208.000000000,2.000000000,0.959002579,0.000000000,0.000000000
CA-C02-002-A0105,CA-C02-002,DS01,cerro_azul,CAMPAIGN_02,208.000000000,210.000000000,2.000000000,0.985002180,0.000000000,0.000000000
CA-C02-002-A0106,CA-C02-002,DS01,cerro_azul,CAMPAIGN_02,210.000000000,211.201818039,1.201818039,1.001820259,0.000000000,0.000000000
CA-C02-003-A0001,CA-C02-003,DS01,cerro_azul,CAMPAIGN_02,0.000000000,2.000000000,2.000000000,0.067301983,0.000000000,0.000000000
CA-C02-003-A0002,CA-C02-003,DS01,cerro_azul,CAMPAIGN_02,2.000000000,4.000000000,2.000000000,0.072803829,0.000000000,0.000000000
CA-C02-003-A0003,CA-C02-003,DS01,cerro_azul,CAMPAIGN_02,4.000000000,6.000000000,2.000000000,0.074416733,0.000000000,0.000000000
CA-C02-003-A0004,CA-C02-003,DS01,cerro_azul,CAMPAIGN_02,6.000000000,8.000000000,2.000000000,0.080208613,0.000000000,0.000000000
CA-C02-003-A0005,CA-C02-003,DS01,cerro_azul,CAMPAIGN_02,8.000000000,10.000000000,2.000000000,0.079951252,0.000000000,0.000000000
CA-C02-003-A0006,CA-C02-003,DS01,cerro_azul,CAMPAIGN_02,10.000000000,12.000000000,2.000000000,0.087097946,0.000000000,0.000000000
CA-C02-003-A0007,CA-C02-003,DS01,cerro_azul,CAMPAIGN_02,12.000000000,14.000000000,2.000000000,0.089308761,0.000000000,0.000000000
CA-C02-003-A0008,CA-C02-003,DS01,cerro_azul,CAMPAIGN_02,14.000000000,16.000000000,2.000000000,0.094754691,0.000000000,0.000000000
CA-C02-003-A0009,CA-C02-003,DS01,cerro_azul,CAMPAIGN_02,16.000000000,18.000000000,2.000000000,0.091195805,0.000000000,0.000000000
CA-C02-003-A0010,CA-C02-003,DS01,cerro_azul,CAMPAIGN_02,18.000000000,20.000000000,2.000000000,0.090883265,0.000000000,0.000000000
CA-C02-003-A0011,CA-C02-003,DS01,cerro_azul,CAMPAIGN_02,20.000000000,22.000000000,2.000000000,0.097020647,0.000000000,0.000000000
CA-C02-003-A0012,CA-C02-003,DS01,cerro_azul,CAMPAIGN_02,22.000000000,24.000000000,2.000000000,0.109423290,0.000000000,0.000000000
CA-C02-003-A0013,CA-C02-003,DS01,cerro_azul,CAMPAIGN_02,24.000000000,26.000000000,2.000000000,0.109853245,0.000000000,0.000000000
CA-C02-003-A0014,CA-C02-003,DS01,cerro_azul,CAMPAIGN_02,26.000000000,28.000000000,2.000000000,0.120627277,0.000000000,0.000000000
CA-C02-003-A0015,CA-C02-003,DS01,cerro_azul,CAMPAIGN_02,28.000000000,30.000000000,2.000000000,0.117497246,0.000000000,0.000000000
CA-C02-003-A0016,CA-C02-003,DS01,cerro_azul,CAMPAIGN_02,30.000000000,32.000000000,2.000000000,0.117053727,0.000000000,0.000000000
CA-C02-003-A0017,CA-C02-003,DS01,cerro_azul,CAMPAIGN_02,32.000000000,34.000000000,2.000000000,0.140479599,0.000000000,0.000000000
CA-C02-003-A0018,CA-C02-003,DS01,cerro_azul,CAMPAIGN_02,34.000000000,36.000000000,2.000000000,0.133713447,0.000000000,0.000000000
CA-C02-003-A0019,CA-C02-003,DS01,cerro_azul,CAMPAIGN_02,36.000000000,38.000000000,2.000000000,0.127409562,0.000000000,0.000000000
CA-C02-003-A0020,CA-C02-003,DS01,cerro_azul,CAMPAIGN_02,38.000000000,40.000000000,2.000000000,0.131327188,0.000000000,0.000000000
CA-C02-003-A0021,CA-C02-003,DS01,cerro_azul,CAMPAIGN_02,40.000000000,42.000000000,2.000000000,0.150437085,0.000000000,0.000000000
CA-C02-003-A0022,CA-C02-003,DS01,cerro_azul,CAMPAIGN_02,42.000000000,44.000000000,2.000000000,0.140966283,0.000000000,0.000000000
CA-C02-003-A0023,CA-C02-003,DS01,cerro_azul,CAMPAIGN_02,44.000000000,46.000000000,2.000000000,0.160850336,0.000000000,0.000000000
CA-C02-003-A0024,CA-C02-003,DS01,cerro_azul,CAMPAIGN_02,46.000000000,48.000000000,2.000000000,0.161770011,0.000000000,0.000000000
CA-C02-003-A0025,CA-C02-003,DS01,cerro_azul,CAMPAIGN_02,48.000000000,50.000000000,2.000000000,0.179462200,0.000000000,0.000000000
CA-C02-003-A0026,CA-C02-003,DS01,cerro_azul,CAMPAIGN_02,50.000000000,52.000000000,2.000000000,0.167042017,0.000000000,0.000000000
CA-C02-003-A0027,CA-C02-003,DS01,cerro_azul,CAMPAIGN_02,52.000000000,54.000000000,2.000000000,0.191842643,0.000000000,0.000000000
CA-C02-003-A0028,CA-C02-003,DS01,cerro_azul,CAMPAIGN_02,54.000000000,56.000000000,2.000000000,0.194382605,0.000000000,0.000000000
CA-C02-003-A0029,CA-C02-003,DS01,cerro_azul,CAMPAIGN_02,56.000000000,58.000000000,2.000000000,0.204239327,0.000000000,0.000000000
CA-C02-003-A0030,CA-C02-003,DS01,cerro_azul,CAMPAIGN_02,58.000000000,60.000000000,2.000000000,0.220881165,0.000000000,0.000000000
CA-C02-003-A0031,CA-C02-003,DS01,cerro_azul,CAMPAIGN_02,60.000000000,62.000000000,2.000000000,0.226706277,0.000000000,0.000000000
CA-C02-003-A0032,CA-C02-003,DS01,cerro_azul,CAMPAIGN_02,62.000000000,64.000000000,2.000000000,0.220518526,0.000000000,0.000000000
CA-C02-003-A0033,CA-C02-003,DS01,cerro_azul,CAMPAIGN_02,64.000000000,66.000000000,2.000000000,0.222580936,0.000000000,0.000000000
CA-C02-003-A0034,CA-C02-003,DS01,cerro_azul,CAMPAIGN_02,66.000000000,68.000000000,2.000000000,0.240852284,0.000000000,0.000000000
CA-C02-003-A0035,CA-C02-003,DS01,cerro_azul,CAMPAIGN_02,68.000000000,70.000000000,2.000000000,0.260600223,0.000000000,0.000000000
CA-C02-003-A0036,CA-C02-003,DS01,cerro_azul,CAMPAIGN_02,70.000000000,72.000000000,2.000000000,0.252808949,0.000000000,0.000000000
CA-C02-003-A0037,CA-C02-003,DS01,cerro_azul,CAMPAIGN_02,72.000000000,74.000000000,2.000000000,0.269450430,0.000000000,0.000000000
CA-C02-003-A0038,CA-C02-003,DS01,cerro_azul,CAMPAIGN_02,74.000000000,76.000000000,2.000000000,0.281802410,0.000000000,0.000000000
CA-C02-003-A0039,CA-C02-003,DS01,cerro_azul,CAMPAIGN_02,76.000000000,78.000000000,2.000000000,0.283926547,0.000000000,0.000000000
CA-C02-003-A0040,CA-C02-003,DS01,cerro_azul,CAMPAIGN_02,78.000000000,80.000000000,2.000000000,0.283993616,0.000000000,0.000000000
CA-C02-003-A0041,CA-C02-003,DS01,cerro_azul,CAMPAIGN_02,80.000000000,82.000000000,2.000000000,0.292053519,0.000000000,0.000000000
CA-C02-003-A0042,CA-C02-003,DS01,cerro_azul,CAMPAIGN_02,82.000000000,84.000000000,2.000000000,0.298838291,0.000000000,0.000000000
CA-C02-003-A0043,CA-C02-003,DS01,cerro_azul,CAMPAIGN_02,84.000000000,86.000000000,2.000000000,0.307121874,0.000000000,0.000000000
CA-C02-003-A0044,CA-C02-003,DS01,cerro_azul,CAMPAIGN_02,86.000000000,88.000000000,2.000000000,0.328265712,0.000000000,0.000000000
CA-C02-003-A0045,CA-C02-003,DS01,cerro_azul,CAMPAIGN_02,88.000000000,90.000000000,2.000000000,0.357558018,0.000000000,0.000000000
CA-C02-003-A0046,CA-C02-003,DS01,cerro_azul,CAMPAIGN_02,90.000000000,92.000000000,2.000000000,0.344907602,0.000000000,0.000000000
CA-C02-003-A0047,CA-C02-003,DS01,cerro_azul,CAMPAIGN_02,92.000000000,94.000000000,2.000000000,0.369461569,0.000000000,0.000000000
CA-C02-003-A0048,CA-C02-003,DS01,cerro_azul,CAMPAIGN_02,94.000000000,96.000000000,2.000000000,0.380188234,0.000000000,0.000000000
CA-C02-003-A0049,CA-C02-003,DS01,cerro_azul,CAMPAIGN_02,96.000000000,98.000000000,2.000000000,0.382684508,0.000000000,0.000000000
CA-C02-003-A0050,CA-C02-003,DS01,cerro_azul,CAMPAIGN_02,98.000000000,100.000000000,2.000000000,0.388818547,0.000000000,0.000000000
CA-C02-003-A0051,CA-C02-003,DS01,cerro_azul,CAMPAIGN_02,100.000000000,102.000000000,2.000000000,0.404026802,0.000000000,0.000000000
CA-C02-003-A0052,CA-C02-003,DS01,cerro_azul,CAMPAIGN_02,102.000000000,104.000000000,2.000000000,0.421868304,0.000000000,0.000000000
CA-C02-003-A0053,CA-C02-003,DS01,cerro_azul,CAMPAIGN_02,104.000000000,106.000000000,2.000000000,0.442971038,0.000000000,0.000000000
CA-C02-003-A0054,CA-C02-003,DS01,cerro_azul,CAMPAIGN_02,106.000000000,108.000000000,2.000000000,0.459642358,0.000000000,0.000000000
CA-C02-003-A0055,CA-C02-003,DS01,cerro_azul,CAMPAIGN_02,108.000000000,110.000000000,2.000000000,0.452024114,0.000000000,0.000000000
CA-C02-003-A0056,CA-C02-003,DS01,cerro_azul,CAMPAIGN_02,110.000000000,112.000000000,2.000000000,0.445503133,0.000000000,0.000000000
CA-C02-003-A0057,CA-C02-003,DS01,cerro_azul,CAMPAIGN_02,112.000000000,114.000000000,2.000000000,0.467853996,0.000000000,0.000000000
CA-C02-003-A0058,CA-C02-003,DS01,cerro_azul,CAMPAIGN_02,114.000000000,116.000000000,2.000000000,0.490361996,0.000000000,0.000000000
CA-C02-003-A0059,CA-C02-003,DS01,cerro_azul,CAMPAIGN_02,116.000000000,118.000000000,2.000000000,0.494201672,0.000000000,0.000000000
CA-C02-003-A0060,CA-C02-003,DS01,cerro_azul,CAMPAIGN_02,118.000000000,120.000000000,2.000000000,0.515968116,0.000000000,0.000000000
CA-C02-003-A0061,CA-C02-003,DS01,cerro_azul,CAMPAIGN_02,120.000000000,122.000000000,2.000000000,0.487049151,0.000000000,0.000000000
CA-C02-003-A0062,CA-C02-003,DS01,cerro_azul,CAMPAIGN_02,122.000000000,124.000000000,2.000000000,0.531036954,0.000000000,0.000000000
CA-C02-003-A0063,CA-C02-003,DS01,cerro_azul,CAMPAIGN_02,124.000000000,126.000000000,2.000000000,0.565764911,0.000000000,0.000000000
CA-C02-003-A0064,CA-C02-003,DS01,cerro_azul,CAMPAIGN_02,126.000000000,128.000000000,2.000000000,0.588222365,0.000000000,0.000000000
CA-C02-003-A0065,CA-C02-003,DS01,cerro_azul,CAMPAIGN_02,128.000000000,130.000000000,2.000000000,0.554331117,0.000000000,0.000000000
CA-C02-003-A0066,CA-C02-003,DS01,cerro_azul,CAMPAIGN_02,130.000000000,132.000000000,2.000000000,0.537474265,0.000000000,0.000000000
CA-C02-003-A0067,CA-C02-003,DS01,cerro_azul,CAMPAIGN_02,132.000000000,134.000000000,2.000000000,0.572281420,0.000000000,0.000000000
CA-C02-003-A0068,CA-C02-003,DS01,cerro_azul,CAMPAIGN_02,134.000000000,136.000000000,2.000000000,0.641162654,0.000000000,0.000000000
CA-C02-003-A0069,CA-C02-003,DS01,cerro_azul,CAMPAIGN_02,136.000000000,138.000000000,2.000000000,0.579768246,0.000000000,0.000000000
CA-C02-003-A0070,CA-C02-003,DS01,cerro_azul,CAMPAIGN_02,138.000000000,140.000000000,2.000000000,0.641104937,0.000000000,0.000000000
CA-C02-003-A0071,CA-C02-003,DS01,cerro_azul,CAMPAIGN_02,140.000000000,142.000000000,2.000000000,0.658366573,0.000000000,0.000000000
CA-C02-003-A0072,CA-C02-003,DS01,cerro_azul,CAMPAIGN_02,142.000000000,144.000000000,2.000000000,0.672129752,0.000000000,0.000000000
CA-C02-003-A0073,CA-C02-003,DS01,cerro_azul,CAMPAIGN_02,144.000000000,146.000000000,2.000000000,0.634474131,0.000000000,0.000000000
CA-C02-003-A0074,CA-C02-003,DS01,cerro_azul,CAMPAIGN_02,146.000000000,148.000000000,2.000000000,0.676723496,0.000000000,0.000000000
CA-C02-003-A0075,CA-C02-003,DS01,cerro_azul,CAMPAIGN_02,148.000000000,150.000000000,2.000000000,0.669025178,0.000000000,0.000000000
CA-C02-003-A0076,CA-C02-003,DS01,cerro_azul,CAMPAIGN_02,150.000000000,152.000000000,2.000000000,0.744517014,0.000000000,0.000000000
CA-C02-003-A0077,CA-C02-003,DS01,cerro_azul,CAMPAIGN_02,152.000000000,154.000000000,2.000000000,0.766361088,0.000000000,0.000000000
CA-C02-003-A0078,CA-C02-003,DS01,cerro_azul,CAMPAIGN_02,154.000000000,156.000000000,2.000000000,0.785402016,0.000000000,0.000000000
CA-C02-003-A0079,CA-C02-003,DS01,cerro_azul,CAMPAIGN_02,156.000000000,158.000000000,2.000000000,0.768398421,0.000000000,0.000000000
CA-C02-003-A0080,CA-C02-003,DS01,cerro_azul,CAMPAIGN_02,158.000000000,160.000000000,2.000000000,0.735604065,0.000000000,0.000000000
CA-C02-003-A0081,CA-C02-003,DS01,cerro_azul,CAMPAIGN_02,160.000000000,162.000000000,2.000000000,0.820158834,0.000000000,0.000000000
CA-C02-003-A0082,CA-C02-003,DS01,cerro_azul,CAMPAIGN_02,162.000000000,164.000000000,2.000000000,0.789199249,0.000000000,0.000000000
CA-C02-003-A0083,CA-C02-003,DS01,cerro_azul,CAMPAIGN_02,164.000000000,166.000000000,2.000000000,0.812482059,0.000000000,0.000000000
CA-C02-003-A0084,CA-C02-003,DS01,cerro_azul,CAMPAIGN_02,166.000000000,168.000000000,2.000000000,0.828861163,0.000000000,0.000000000
CA-C02-003-A0085,CA-C02-003,DS01,cerro_azul,CAMPAIGN_02,168.000000000,170.000000000,2.000000000,0.798146287,0.000000000,0.000000000
CA-C02-003-A0086,CA-C02-003,DS01,cerro_azul,CAMPAIGN_02,170.000000000,172.000000000,2.000000000,0.837312873,0.000000000,0.000000000
CA-C02-003-A0087,CA-C02-003,DS01,cerro_azul,CAMPAIGN_02,172.000000000,174.000000000,2.000000000,0.810032475,0.000000000,0.000000000
CA-C02-003-A0088,CA-C02-003,DS01,cerro_azul,CAMPAIGN_02,174.000000000,176.000000000,2.000000000,0.851909008,0.000000000,0.000000000
CA-C02-003-A0089,CA-C02-003,DS01,cerro_azul,CAMPAIGN_02,176.000000000,178.000000000,2.000000000,0.882475036,0.000000000,0.000000000
CA-C02-003-A0090,CA-C02-003,DS01,cerro_azul,CAMPAIGN_02,178.000000000,180.000000000,2.000000000,0.898883537,0.000000000,0.000000000
CA-C02-003-A0091,CA-C02-003,DS01,cerro_azul,CAMPAIGN_02,180.000000000,182.000000000,2.000000000,0.865269705,0.000000000,0.000000000
CA-C02-003-A0092,CA-C02-003,DS01,cerro_azul,CAMPAIGN_02,182.000000000,184.000000000,2.000000000,0.892024052,0.000000000,0.000000000
CA-C02-003-A0093,CA-C02-003,DS01,cerro_azul,CAMPAIGN_02,184.000000000,186.000000000,2.000000000,0.928705890,0.000000000,0.000000000
CA-C02-003-A0094,CA-C02-003,DS01,cerro_azul,CAMPAIGN_02,186.000000000,188.000000000,2.000000000,0.965627037,0.000000000,0.000000000
CA-C02-003-A0095,CA-C02-003,DS01,cerro_azul,CAMPAIGN_02,188.000000000,190.000000000,2.000000000,0.883048098,0.000000000,0.000000000
CA-C02-003-A0096,CA-C02-003,DS01,cerro_azul,CAMPAIGN_02,190.000000000,192.000000000,2.000000000,0.889000337,0.000000000,0.000000000
CA-C02-003-A0097,CA-C02-003,DS01,cerro_azul,CAMPAIGN_02,192.000000000,194.000000000,2.000000000,0.987806832,0.000000000,0.000000000
CA-C02-003-A0098,CA-C02-003,DS01,cerro_azul,CAMPAIGN_02,194.000000000,196.000000000,2.000000000,0.969258870,0.000000000,0.000000000
CA-C02-003-A0099,CA-C02-003,DS01,cerro_azul,CAMPAIGN_02,196.000000000,198.000000000,2.000000000,0.909151253,0.000000000,0.000000000
CA-C02-003-A0100,CA-C02-003,DS01,cerro_azul,CAMPAIGN_02,198.000000000,200.000000000,2.000000000,0.921056064,0.000000000,0.000000000
CA-C02-003-A0101,CA-C02-003,DS01,cerro_azul,CAMPAIGN_02,200.000000000,202.000000000,2.000000000,0.993113631,0.000000000,0.000000000
CA-C02-003-A0102,CA-C02-003,DS01,cerro_azul,CAMPAIGN_02,202.000000000,204.000000000,2.000000000,0.917198411,0.000000000,0.000000000
CA-C02-003-A0103,CA-C02-003,DS01,cerro_azul,CAMPAIGN_02,204.000000000,206.000000000,2.000000000,0.965159687,0.000000000,0.000000000
CA-C02-003-A0104,CA-C02-003,DS01,cerro_azul,CAMPAIGN_02,206.000000000,208.000000000,2.000000000,0.986223783,0.000000000,0.000000000
CA-C02-003-A0105,CA-C02-003,DS01,cerro_azul,CAMPAIGN_02,208.000000000,210.000000000,2.000000000,0.992472622,0.000000000,0.000000000
CA-C02-003-A0106,CA-C02-003,DS01,cerro_azul,CAMPAIGN_02,210.000000000,212.000000000,2.000000000,1.008510810,0.000000000,0.000000000
CA-C02-003-A0107,CA-C02-003,DS01,cerro_azul,CAMPAIGN_02,212.000000000,214.000000000,2.000000000,0.958299761,0.000000000,0.000000000
CA-C02-003-A0108,CA-C02-003,DS01,cerro_azul,CAMPAIGN_02,214.000000000,216.000000000,2.000000000,0.977079178,0.000000000,0.000000000
CA-C02-003-A0109,CA-C02-003,DS01,cerro_azul,CAMPAIGN_02,216.000000000,218.000000000,2.000000000,0.973346140,0.000000000,0.000000000
CA-C02-003-A0110,CA-C02-003,DS01,cerro_azul,CAMPAIGN_02,218.000000000,220.000000000,2.000000000,0.951301623,0.000000000,0.000000000
CA-C02-003-A0111,CA-C02-003,DS01,cerro_azul,CAMPAIGN_02,220.000000000,222.000000000,2.000000000,0.956266746,0.000000000,0.000000000
CA-C02-003-A0112,CA-C02-003,DS01,cerro_azul,CAMPAIGN_02,222.000000000,224.000000000,2.000000000,0.978676917,0.000000000,0.000000000
CA-C02-003-A0113,CA-C02-003,DS01,cerro_azul,CAMPAIGN_02,224.000000000,226.000000000,2.000000000,0.980472766,0.000000000,0.000000000
CA-C02-003-A0114,CA-C02-003,DS01,cerro_azul,CAMPAIGN_02,226.000000000,228.000000000,2.000000000,0.994529580,0.000000000,0.000000000
CA-C02-003-A0115,CA-C02-003,DS01,cerro_azul,CAMPAIGN_02,228.000000000,230.000000000,2.000000000,0.991458439,0.000000000,0.000000000
CA-C02-003-A0116,CA-C02-003,DS01,cerro_azul,CAMPAIGN_02,230.000000000,232.000000000,2.000000000,0.911986713,0.000000000,0.000000000
CA-C02-003-A0117,CA-C02-003,DS01,cerro_azul,CAMPAIGN_02,232.000000000,234.000000000,2.000000000,0.933310565,0.000000000,0.000000000
CA-C02-003-A0118,CA-C02-003,DS01,cerro_azul,CAMPAIGN_02,234.000000000,236.000000000,2.000000000,0.926227163,0.000000000,0.000000000
CA-C02-003-A0119,CA-C02-003,DS01,cerro_azul,CAMPAIGN_02,236.000000000,238.000000000,2.000000000,0.958525953,0.000000000,0.000000000
CA-C02-003-A0120,CA-C02-003,DS01,cerro_azul,CAMPAIGN_02,238.000000000,240.000000000,2.000000000,0.908189082,0.000000000,0.000000000
CA-C02-003-A0121,CA-C02-003,DS01,cerro_azul,CAMPAIGN_02,240.000000000,242.000000000,2.000000000,0.967634472,0.000000000,0.000000000
CA-C02-003-A0122,CA-C02-003,DS01,cerro_azul,CAMPAIGN_02,242.000000000,244.000000000,2.000000000,0.912757375,0.000000000,0.000000000
CA-C02-003-A0123,CA-C02-003,DS01,cerro_azul,CAMPAIGN_02,244.000000000,245.061728511,1.061728511,0.847977148,0.000000000,0.000000000
CA-C02-004-A0001,CA-C02-004,DS01,cerro_azul,CAMPAIGN_02,0.000000000,2.000000000,2.000000000,0.026607603,0.000000000,0.000000000
CA-C02-004-A0002,CA-C02-004,DS01,cerro_azul,CAMPAIGN_02,2.000000000,4.000000000,2.000000000,0.032901248,0.000000000,0.000000000
CA-C02-004-A0003,CA-C02-004,DS01,cerro_azul,CAMPAIGN_02,4.000000000,6.000000000,2.000000000,0.029145919,0.000000000,0.000000000
CA-C02-004-A0004,CA-C02-004,DS01,cerro_azul,CAMPAIGN_02,6.000000000,8.000000000,2.000000000,0.027583415,0.000000000,0.000000000
CA-C02-004-A0005,CA-C02-004,DS01,cerro_azul,CAMPAIGN_02,8.000000000,10.000000000,2.000000000,0.030045438,0.000000000,0.000000000
CA-C02-004-A0006,CA-C02-004,DS01,cerro_azul,CAMPAIGN_02,10.000000000,12.000000000,2.000000000,0.031667398,0.000000000,0.000000000
CA-C02-004-A0007,CA-C02-004,DS01,cerro_azul,CAMPAIGN_02,12.000000000,14.000000000,2.000000000,0.029700412,0.000000000,0.000000000
CA-C02-004-A0008,CA-C02-004,DS01,cerro_azul,CAMPAIGN_02,14.000000000,16.000000000,2.000000000,0.031731036,0.000000000,0.000000000
CA-C02-004-A0009,CA-C02-004,DS01,cerro_azul,CAMPAIGN_02,16.000000000,18.000000000,2.000000000,0.031775890,0.000000000,0.000000000
CA-C02-004-A0010,CA-C02-004,DS01,cerro_azul,CAMPAIGN_02,18.000000000,20.000000000,2.000000000,0.032078262,0.000000000,0.000000000
CA-C02-004-A0011,CA-C02-004,DS01,cerro_azul,CAMPAIGN_02,20.000000000,22.000000000,2.000000000,0.029367352,0.000000000,0.000000000
CA-C02-004-A0012,CA-C02-004,DS01,cerro_azul,CAMPAIGN_02,22.000000000,24.000000000,2.000000000,0.031953301,0.000000000,0.000000000
CA-C02-004-A0013,CA-C02-004,DS01,cerro_azul,CAMPAIGN_02,24.000000000,26.000000000,2.000000000,0.033332730,0.000000000,0.000000000
CA-C02-004-A0014,CA-C02-004,DS01,cerro_azul,CAMPAIGN_02,26.000000000,28.000000000,2.000000000,0.032744537,0.000000000,0.000000000
CA-C02-004-A0015,CA-C02-004,DS01,cerro_azul,CAMPAIGN_02,28.000000000,30.000000000,2.000000000,0.035990546,0.000000000,0.000000000
CA-C02-004-A0016,CA-C02-004,DS01,cerro_azul,CAMPAIGN_02,30.000000000,32.000000000,2.000000000,0.031786847,0.000000000,0.000000000
CA-C02-004-A0017,CA-C02-004,DS01,cerro_azul,CAMPAIGN_02,32.000000000,34.000000000,2.000000000,0.035526564,0.000000000,0.000000000
CA-C02-004-A0018,CA-C02-004,DS01,cerro_azul,CAMPAIGN_02,34.000000000,36.000000000,2.000000000,0.032696911,0.000000000,0.000000000
CA-C02-004-A0019,CA-C02-004,DS01,cerro_azul,CAMPAIGN_02,36.000000000,38.000000000,2.000000000,0.034831943,0.000000000,0.000000000
CA-C02-004-A0020,CA-C02-004,DS01,cerro_azul,CAMPAIGN_02,38.000000000,40.000000000,2.000000000,0.035977270,0.000000000,0.000000000
CA-C02-004-A0021,CA-C02-004,DS01,cerro_azul,CAMPAIGN_02,40.000000000,42.000000000,2.000000000,0.036100317,0.000000000,0.000000000
CA-C02-004-A0022,CA-C02-004,DS01,cerro_azul,CAMPAIGN_02,42.000000000,44.000000000,2.000000000,0.042454278,0.000000000,0.000000000
CA-C02-004-A0023,CA-C02-004,DS01,cerro_azul,CAMPAIGN_02,44.000000000,46.000000000,2.000000000,0.042636003,0.000000000,0.000000000
CA-C02-004-A0024,CA-C02-004,DS01,cerro_azul,CAMPAIGN_02,46.000000000,48.000000000,2.000000000,0.042133911,0.000000000,0.000000000
CA-C02-004-A0025,CA-C02-004,DS01,cerro_azul,CAMPAIGN_02,48.000000000,50.000000000,2.000000000,0.041398041,0.000000000,0.000000000
CA-C02-004-A0026,CA-C02-004,DS01,cerro_azul,CAMPAIGN_02,50.000000000,52.000000000,2.000000000,0.044629099,0.000000000,0.000000000
CA-C02-004-A0027,CA-C02-004,DS01,cerro_azul,CAMPAIGN_02,52.000000000,54.000000000,2.000000000,0.041153627,0.000000000,0.000000000
CA-C02-004-A0028,CA-C02-004,DS01,cerro_azul,CAMPAIGN_02,54.000000000,56.000000000,2.000000000,0.049005791,0.000000000,0.000000000
CA-C02-004-A0029,CA-C02-004,DS01,cerro_azul,CAMPAIGN_02,56.000000000,58.000000000,2.000000000,0.045116770,0.000000000,0.000000000
CA-C02-004-A0030,CA-C02-004,DS01,cerro_azul,CAMPAIGN_02,58.000000000,60.000000000,2.000000000,0.049068188,0.000000000,0.000000000
CA-C02-004-A0031,CA-C02-004,DS01,cerro_azul,CAMPAIGN_02,60.000000000,62.000000000,2.000000000,0.050741052,0.000000000,0.000000000
CA-C02-004-A0032,CA-C02-004,DS01,cerro_azul,CAMPAIGN_02,62.000000000,64.000000000,2.000000000,0.050914662,0.000000000,0.000000000
CA-C02-004-A0033,CA-C02-004,DS01,cerro_azul,CAMPAIGN_02,64.000000000,66.000000000,2.000000000,0.049557958,0.000000000,0.000000000
CA-C02-004-A0034,CA-C02-004,DS01,cerro_azul,CAMPAIGN_02,66.000000000,68.000000000,2.000000000,0.053535144,0.000000000,0.000000000
CA-C02-004-A0035,CA-C02-004,DS01,cerro_azul,CAMPAIGN_02,68.000000000,70.000000000,2.000000000,0.058857379,0.000000000,0.000000000
CA-C02-004-A0036,CA-C02-004,DS01,cerro_azul,CAMPAIGN_02,70.000000000,72.000000000,2.000000000,0.055507933,0.000000000,0.000000000
CA-C02-004-A0037,CA-C02-004,DS01,cerro_azul,CAMPAIGN_02,72.000000000,74.000000000,2.000000000,0.057844906,0.000000000,0.000000000
CA-C02-004-A0038,CA-C02-004,DS01,cerro_azul,CAMPAIGN_02,74.000000000,76.000000000,2.000000000,0.059540276,0.000000000,0.000000000
CA-C02-004-A0039,CA-C02-004,DS01,cerro_azul,CAMPAIGN_02,76.000000000,78.000000000,2.000000000,0.067662571,0.000000000,0.000000000
CA-C02-004-A0040,CA-C02-004,DS01,cerro_azul,CAMPAIGN_02,78.000000000,80.000000000,2.000000000,0.063235792,0.000000000,0.000000000
CA-C02-004-A0041,CA-C02-004,DS01,cerro_azul,CAMPAIGN_02,80.000000000,82.000000000,2.000000000,0.070637191,0.000000000,0.000000000
CA-C02-004-A0042,CA-C02-004,DS01,cerro_azul,CAMPAIGN_02,82.000000000,84.000000000,2.000000000,0.075450742,0.000000000,0.000000000
CA-C02-004-A0043,CA-C02-004,DS01,cerro_azul,CAMPAIGN_02,84.000000000,86.000000000,2.000000000,0.068954855,0.000000000,0.000000000
CA-C02-004-A0044,CA-C02-004,DS01,cerro_azul,CAMPAIGN_02,86.000000000,88.000000000,2.000000000,0.076924605,0.000000000,0.000000000
CA-C02-004-A0045,CA-C02-004,DS01,cerro_azul,CAMPAIGN_02,88.000000000,90.000000000,2.000000000,0.077443485,0.000000000,0.000000000
CA-C02-004-A0046,CA-C02-004,DS01,cerro_azul,CAMPAIGN_02,90.000000000,92.000000000,2.000000000,0.082414799,0.000000000,0.000000000
CA-C02-004-A0047,CA-C02-004,DS01,cerro_azul,CAMPAIGN_02,92.000000000,94.000000000,2.000000000,0.073794960,0.000000000,0.000000000
CA-C02-004-A0048,CA-C02-004,DS01,cerro_azul,CAMPAIGN_02,94.000000000,96.000000000,2.000000000,0.082087457,0.000000000,0.000000000
CA-C02-004-A0049,CA-C02-004,DS01,cerro_azul,CAMPAIGN_02,96.000000000,98.000000000,2.000000000,0.091810838,0.000000000,0.000000000
CA-C02-004-A0050,CA-C02-004,DS01,cerro_azul,CAMPAIGN_02,98.000000000,100.000000000,2.000000000,0.084903986,0.000000000,0.000000000
CA-C02-004-A0051,CA-C02-004,DS01,cerro_azul,CAMPAIGN_02,100.000000000,102.000000000,2.000000000,0.102798911,0.000000000,0.000000000
CA-C02-004-A0052,CA-C02-004,DS01,cerro_azul,CAMPAIGN_02,102.000000000,104.000000000,2.000000000,0.092881185,0.000000000,0.000000000
CA-C02-004-A0053,CA-C02-004,DS01,cerro_azul,CAMPAIGN_02,104.000000000,106.000000000,2.000000000,0.098667610,0.000000000,0.000000000
CA-C02-004-A0054,CA-C02-004,DS01,cerro_azul,CAMPAIGN_02,106.000000000,108.000000000,2.000000000,0.106381077,0.000000000,0.000000000
CA-C02-004-A0055,CA-C02-004,DS01,cerro_azul,CAMPAIGN_02,108.000000000,110.000000000,2.000000000,0.116718223,0.000000000,0.000000000
CA-C02-004-A0056,CA-C02-004,DS01,cerro_azul,CAMPAIGN_02,110.000000000,112.000000000,2.000000000,0.119449276,0.000000000,0.000000000
CA-C02-004-A0057,CA-C02-004,DS01,cerro_azul,CAMPAIGN_02,112.000000000,114.000000000,2.000000000,0.115785007,0.000000000,0.000000000
CA-C02-004-A0058,CA-C02-004,DS01,cerro_azul,CAMPAIGN_02,114.000000000,116.000000000,2.000000000,0.130137919,0.000000000,0.000000000
CA-C02-004-A0059,CA-C02-004,DS01,cerro_azul,CAMPAIGN_02,116.000000000,118.000000000,2.000000000,0.114867696,0.000000000,0.000000000
CA-C02-004-A0060,CA-C02-004,DS01,cerro_azul,CAMPAIGN_02,118.000000000,120.000000000,2.000000000,0.138119061,0.000000000,0.000000000
CA-C02-004-A0061,CA-C02-004,DS01,cerro_azul,CAMPAIGN_02,120.000000000,122.000000000,2.000000000,0.127912275,0.000000000,0.000000000
CA-C02-004-A0062,CA-C02-004,DS01,cerro_azul,CAMPAIGN_02,122.000000000,124.000000000,2.000000000,0.132181585,0.000000000,0.000000000
CA-C02-004-A0063,CA-C02-004,DS01,cerro_azul,CAMPAIGN_02,124.000000000,126.000000000,2.000000000,0.140634413,0.000000000,0.000000000
CA-C02-004-A0064,CA-C02-004,DS01,cerro_azul,CAMPAIGN_02,126.000000000,128.000000000,2.000000000,0.145431784,0.000000000,0.000000000
CA-C02-004-A0065,CA-C02-004,DS01,cerro_azul,CAMPAIGN_02,128.000000000,130.000000000,2.000000000,0.159366641,0.000000000,0.000000000
CA-C02-004-A0066,CA-C02-004,DS01,cerro_azul,CAMPAIGN_02,130.000000000,132.000000000,2.000000000,0.152791964,0.000000000,0.000000000
CA-C02-004-A0067,CA-C02-004,DS01,cerro_azul,CAMPAIGN_02,132.000000000,134.000000000,2.000000000,0.168465471,0.000000000,0.000000000
CA-C02-004-A0068,CA-C02-004,DS01,cerro_azul,CAMPAIGN_02,134.000000000,136.000000000,2.000000000,0.165654579,0.000000000,0.000000000
CA-C02-004-A0069,CA-C02-004,DS01,cerro_azul,CAMPAIGN_02,136.000000000,138.000000000,2.000000000,0.182435227,0.000000000,0.000000000
CA-C02-004-A0070,CA-C02-004,DS01,cerro_azul,CAMPAIGN_02,138.000000000,140.000000000,2.000000000,0.180816030,0.000000000,0.000000000
CA-C02-004-A0071,CA-C02-004,DS01,cerro_azul,CAMPAIGN_02,140.000000000,142.000000000,2.000000000,0.217799386,0.000000000,0.000000000
CA-C02-004-A0072,CA-C02-004,DS01,cerro_azul,CAMPAIGN_02,142.000000000,144.000000000,2.000000000,0.191454671,0.000000000,0.000000000
CA-C02-004-A0073,CA-C02-004,DS01,cerro_azul,CAMPAIGN_02,144.000000000,146.000000000,2.000000000,0.193034075,0.000000000,0.000000000
CA-C02-004-A0074,CA-C02-004,DS01,cerro_azul,CAMPAIGN_02,146.000000000,148.000000000,2.000000000,0.220490503,0.000000000,0.000000000
CA-C02-004-A0075,CA-C02-004,DS01,cerro_azul,CAMPAIGN_02,148.000000000,150.000000000,2.000000000,0.198097324,0.000000000,0.000000000
CA-C02-004-A0076,CA-C02-004,DS01,cerro_azul,CAMPAIGN_02,150.000000000,152.000000000,2.000000000,0.236357320,0.000000000,0.000000000
CA-C02-004-A0077,CA-C02-004,DS01,cerro_azul,CAMPAIGN_02,152.000000000,154.000000000,2.000000000,0.223978703,0.000000000,0.000000000
CA-C02-004-A0078,CA-C02-004,DS01,cerro_azul,CAMPAIGN_02,154.000000000,156.000000000,2.000000000,0.243917465,0.000000000,0.000000000
CA-C02-004-A0079,CA-C02-004,DS01,cerro_azul,CAMPAIGN_02,156.000000000,158.000000000,2.000000000,0.249324601,0.000000000,0.000000000
CA-C02-004-A0080,CA-C02-004,DS01,cerro_azul,CAMPAIGN_02,158.000000000,160.000000000,2.000000000,0.255445418,0.000000000,0.000000000
CA-C02-004-A0081,CA-C02-004,DS01,cerro_azul,CAMPAIGN_02,160.000000000,162.000000000,2.000000000,0.248143277,0.000000000,0.000000000
CA-C02-004-A0082,CA-C02-004,DS01,cerro_azul,CAMPAIGN_02,162.000000000,164.000000000,2.000000000,0.256804258,0.000000000,0.000000000
CA-C02-004-A0083,CA-C02-004,DS01,cerro_azul,CAMPAIGN_02,164.000000000,166.000000000,2.000000000,0.284854684,0.000000000,0.000000000
CA-C02-004-A0084,CA-C02-004,DS01,cerro_azul,CAMPAIGN_02,166.000000000,168.000000000,2.000000000,0.271981315,0.000000000,0.000000000
CA-C02-004-A0085,CA-C02-004,DS01,cerro_azul,CAMPAIGN_02,168.000000000,170.000000000,2.000000000,0.287678743,0.000000000,0.000000000
CA-C02-004-A0086,CA-C02-004,DS01,cerro_azul,CAMPAIGN_02,170.000000000,172.000000000,2.000000000,0.288124483,0.000000000,0.000000000
CA-C02-004-A0087,CA-C02-004,DS01,cerro_azul,CAMPAIGN_02,172.000000000,174.000000000,2.000000000,0.314770646,0.000000000,0.000000000
CA-C02-004-A0088,CA-C02-004,DS01,cerro_azul,CAMPAIGN_02,174.000000000,176.000000000,2.000000000,0.294825185,0.000000000,0.000000000
CA-C02-004-A0089,CA-C02-004,DS01,cerro_azul,CAMPAIGN_02,176.000000000,178.000000000,2.000000000,0.294264321,0.000000000,0.000000000
CA-C02-004-A0090,CA-C02-004,DS01,cerro_azul,CAMPAIGN_02,178.000000000,180.000000000,2.000000000,0.323949334,0.000000000,0.000000000
CA-C02-004-A0091,CA-C02-004,DS01,cerro_azul,CAMPAIGN_02,180.000000000,182.000000000,2.000000000,0.360979656,0.000000000,0.000000000
CA-C02-004-A0092,CA-C02-004,DS01,cerro_azul,CAMPAIGN_02,182.000000000,184.000000000,2.000000000,0.339528786,0.000000000,0.000000000
CA-C02-004-A0093,CA-C02-004,DS01,cerro_azul,CAMPAIGN_02,184.000000000,186.000000000,2.000000000,0.372858774,0.000000000,0.000000000
CA-C02-004-A0094,CA-C02-004,DS01,cerro_azul,CAMPAIGN_02,186.000000000,188.000000000,2.000000000,0.348428414,0.000000000,0.000000000
CA-C02-004-A0095,CA-C02-004,DS01,cerro_azul,CAMPAIGN_02,188.000000000,190.000000000,2.000000000,0.368804021,0.000000000,0.000000000
CA-C02-004-A0096,CA-C02-004,DS01,cerro_azul,CAMPAIGN_02,190.000000000,192.000000000,2.000000000,0.403666671,0.000000000,0.000000000
CA-C02-004-A0097,CA-C02-004,DS01,cerro_azul,CAMPAIGN_02,192.000000000,194.000000000,2.000000000,0.359066018,0.000000000,0.000000000
CA-C02-004-A0098,CA-C02-004,DS01,cerro_azul,CAMPAIGN_02,194.000000000,196.000000000,2.000000000,0.369371463,0.000000000,0.000000000
CA-C02-004-A0099,CA-C02-004,DS01,cerro_azul,CAMPAIGN_02,196.000000000,198.000000000,2.000000000,0.395464183,0.000000000,0.000000000
CA-C02-004-A0100,CA-C02-004,DS01,cerro_azul,CAMPAIGN_02,198.000000000,200.000000000,2.000000000,0.429955326,0.000000000,0.000000000
CA-C02-004-A0101,CA-C02-004,DS01,cerro_azul,CAMPAIGN_02,200.000000000,202.000000000,2.000000000,0.424327530,0.000000000,0.000000000
CA-C02-004-A0102,CA-C02-004,DS01,cerro_azul,CAMPAIGN_02,202.000000000,204.000000000,2.000000000,0.441899302,0.000000000,0.000000000
CA-C02-004-A0103,CA-C02-004,DS01,cerro_azul,CAMPAIGN_02,204.000000000,206.000000000,2.000000000,0.484139995,0.000000000,0.000000000
CA-C02-004-A0104,CA-C02-004,DS01,cerro_azul,CAMPAIGN_02,206.000000000,208.000000000,2.000000000,0.444089758,0.000000000,0.000000000
CA-C02-004-A0105,CA-C02-004,DS01,cerro_azul,CAMPAIGN_02,208.000000000,210.000000000,2.000000000,0.465399055,0.000000000,0.000000000
CA-C02-004-A0106,CA-C02-004,DS01,cerro_azul,CAMPAIGN_02,210.000000000,212.000000000,2.000000000,0.464458551,0.000000000,0.000000000
CA-C02-004-A0107,CA-C02-004,DS01,cerro_azul,CAMPAIGN_02,212.000000000,214.000000000,2.000000000,0.474904446,0.000000000,0.000000000
CA-C02-004-A0108,CA-C02-004,DS01,cerro_azul,CAMPAIGN_02,214.000000000,216.000000000,2.000000000,0.489377378,0.000000000,0.000000000
CA-C02-004-A0109,CA-C02-004,DS01,cerro_azul,CAMPAIGN_02,216.000000000,218.000000000,2.000000000,0.520183733,0.000000000,0.000000000
CA-C02-004-A0110,CA-C02-004,DS01,cerro_azul,CAMPAIGN_02,218.000000000,220.000000000,2.000000000,0.485628187,0.000000000,0.000000000
CA-C02-004-A0111,CA-C02-004,DS01,cerro_azul,CAMPAIGN_02,220.000000000,222.000000000,2.000000000,0.506102424,0.000000000,0.000000000
CA-C02-004-A0112,CA-C02-004,DS01,cerro_azul,CAMPAIGN_02,222.000000000,224.000000000,2.000000000,0.517365600,0.000000000,0.000000000
CA-C02-004-A0113,CA-C02-004,DS01,cerro_azul,CAMPAIGN_02,224.000000000,226.000000000,2.000000000,0.549940756,0.000000000,0.000000000
CA-C02-004-A0114,CA-C02-004,DS01,cerro_azul,CAMPAIGN_02,226.000000000,228.000000000,2.000000000,0.552124201,0.000000000,0.000000000
CA-C02-004-A0115,CA-C02-004,DS01,cerro_azul,CAMPAIGN_02,228.000000000,230.000000000,2.000000000,0.525048895,0.000000000,0.000000000
CA-C02-004-A0116,CA-C02-004,DS01,cerro_azul,CAMPAIGN_02,230.000000000,232.000000000,2.000000000,0.504809650,0.000000000,0.000000000
CA-C02-004-A0117,CA-C02-004,DS01,cerro_azul,CAMPAIGN_02,232.000000000,234.000000000,2.000000000,0.587022069,0.000000000,0.000000000
CA-C02-004-A0118,CA-C02-004,DS01,cerro_azul,CAMPAIGN_02,234.000000000,236.000000000,2.000000000,0.602046977,0.000000000,0.000000000
CA-C02-004-A0119,CA-C02-004,DS01,cerro_azul,CAMPAIGN_02,236.000000000,238.000000000,2.000000000,0.619443890,0.000000000,0.000000000
CA-C02-004-A0120,CA-C02-004,DS01,cerro_azul,CAMPAIGN_02,238.000000000,240.000000000,2.000000000,0.583529626,0.000000000,0.000000000
CA-C02-004-A0121,CA-C02-004,DS01,cerro_azul,CAMPAIGN_02,240.000000000,242.000000000,2.000000000,0.625454331,0.000000000,0.000000000
CA-C02-004-A0122,CA-C02-004,DS01,cerro_azul,CAMPAIGN_02,242.000000000,244.000000000,2.000000000,0.574444497,0.000000000,0.000000000
CA-C02-004-A0123,CA-C02-004,DS01,cerro_azul,CAMPAIGN_02,244.000000000,246.000000000,2.000000000,0.623125366,0.000000000,0.000000000
CA-C02-004-A0124,CA-C02-004,DS01,cerro_azul,CAMPAIGN_02,246.000000000,248.000000000,2.000000000,0.621395012,0.000000000,0.000000000
CA-C02-004-A0125,CA-C02-004,DS01,cerro_azul,CAMPAIGN_02,248.000000000,250.000000000,2.000000000,0.610431743,0.000000000,0.000000000
CA-C02-004-A0126,CA-C02-004,DS01,cerro_azul,CAMPAIGN_02,250.000000000,252.000000000,2.000000000,0.626890113,0.000000000,0.000000000
CA-C02-004-A0127,CA-C02-004,DS01,cerro_azul,CAMPAIGN_02,252.000000000,254.000000000,2.000000000,0.634085523,0.000000000,0.000000000
CA-C02-004-A0128,CA-C02-004,DS01,cerro_azul,CAMPAIGN_02,254.000000000,256.000000000,2.000000000,0.632611197,0.000000000,0.000000000
CA-C02-004-A0129,CA-C02-004,DS01,cerro_azul,CAMPAIGN_02,256.000000000,258.000000000,2.000000000,0.626349820,0.000000000,0.000000000
CA-C02-004-A0130,CA-C02-004,DS01,cerro_azul,CAMPAIGN_02,258.000000000,260.000000000,2.000000000,0.670989370,0.000000000,0.000000000
CA-C02-004-A0131,CA-C02-004,DS01,cerro_azul,CAMPAIGN_02,260.000000000,262.000000000,2.000000000,0.633224947,0.000000000,0.000000000
CA-C02-004-A0132,CA-C02-004,DS01,cerro_azul,CAMPAIGN_02,262.000000000,264.000000000,2.000000000,0.616049406,0.000000000,0.000000000
CA-C02-004-A0133,CA-C02-004,DS01,cerro_azul,CAMPAIGN_02,264.000000000,266.000000000,2.000000000,0.682900551,0.000000000,0.000000000
CA-C02-004-A0134,CA-C02-004,DS01,cerro_azul,CAMPAIGN_02,266.000000000,268.000000000,2.000000000,0.681697499,0.000000000,0.000000000
CA-C02-004-A0135,CA-C02-004,DS01,cerro_azul,CAMPAIGN_02,268.000000000,270.000000000,2.000000000,0.708835397,0.000000000,0.000000000
CA-C02-004-A0136,CA-C02-004,DS01,cerro_azul,CAMPAIGN_02,270.000000000,272.000000000,2.000000000,0.693433523,0.000000000,0.000000000
CA-C02-004-A0137,CA-C02-004,DS01,cerro_azul,CAMPAIGN_02,272.000000000,274.000000000,2.000000000,0.632836414,0.000000000,0.000000000
CA-C02-004-A0138,CA-C02-004,DS01,cerro_azul,CAMPAIGN_02,274.000000000,276.000000000,2.000000000,0.689500299,0.000000000,0.000000000
CA-C02-004-A0139,CA-C02-004,DS01,cerro_azul,CAMPAIGN_02,276.000000000,278.000000000,2.000000000,0.632688616,0.000000000,0.000000000
CA-C02-004-A0140,CA-C02-004,DS01,cerro_azul,CAMPAIGN_02,278.000000000,280.000000000,2.000000000,0.655677572,0.000000000,0.000000000
CA-C02-004-A0141,CA-C02-004,DS01,cerro_azul,CAMPAIGN_02,280.000000000,282.000000000,2.000000000,0.653995668,0.000000000,0.000000000
CA-C02-004-A0142,CA-C02-004,DS01,cerro_azul,CAMPAIGN_02,282.000000000,284.000000000,2.000000000,0.694994534,0.000000000,0.000000000
CA-C02-004-A0143,CA-C02-004,DS01,cerro_azul,CAMPAIGN_02,284.000000000,286.000000000,2.000000000,0.622469623,0.000000000,0.000000000
CA-C02-004-A0144,CA-C02-004,DS01,cerro_azul,CAMPAIGN_02,286.000000000,288.000000000,2.000000000,0.664492777,0.000000000,0.000000000
CA-C02-004-A0145,CA-C02-004,DS01,cerro_azul,CAMPAIGN_02,288.000000000,290.000000000,2.000000000,0.646088834,0.000000000,0.000000000
CA-C02-004-A0146,CA-C02-004,DS01,cerro_azul,CAMPAIGN_02,290.000000000,292.000000000,2.000000000,0.635868444,0.000000000,0.000000000
CA-C02-004-A0147,CA-C02-004,DS01,cerro_azul,CAMPAIGN_02,292.000000000,294.000000000,2.000000000,0.639494441,0.000000000,0.000000000
CA-C02-004-A0148,CA-C02-004,DS01,cerro_azul,CAMPAIGN_02,294.000000000,294.108367631,0.108367631,0.645829131,0.000000000,0.000000000
CA-C02-005-A0001,CA-C02-005,DS01,cerro_azul,CAMPAIGN_02,0.000000000,2.000000000,2.000000000,0.227835394,0.000000000,0.000000000
CA-C02-005-A0002,CA-C02-005,DS01,cerro_azul,CAMPAIGN_02,2.000000000,4.000000000,2.000000000,0.232451750,0.000000000,0.000000000
CA-C02-005-A0003,CA-C02-005,DS01,cerro_azul,CAMPAIGN_02,4.000000000,6.000000000,2.000000000,0.240317165,0.000000000,0.000000000
CA-C02-005-A0004,CA-C02-005,DS01,cerro_azul,CAMPAIGN_02,6.000000000,8.000000000,2.000000000,0.263653703,0.000000000,0.000000000
CA-C02-005-A0005,CA-C02-005,DS01,cerro_azul,CAMPAIGN_02,8.000000000,10.000000000,2.000000000,0.236213258,0.000000000,0.000000000
CA-C02-005-A0006,CA-C02-005,DS01,cerro_azul,CAMPAIGN_02,10.000000000,12.000000000,2.000000000,0.279858928,0.000000000,0.000000000
CA-C02-005-A0007,CA-C02-005,DS01,cerro_azul,CAMPAIGN_02,12.000000000,14.000000000,2.000000000,0.267957323,0.000000000,0.000000000
CA-C02-005-A0008,CA-C02-005,DS01,cerro_azul,CAMPAIGN_02,14.000000000,16.000000000,2.000000000,0.293728962,0.000000000,0.000000000
CA-C02-005-A0009,CA-C02-005,DS01,cerro_azul,CAMPAIGN_02,16.000000000,18.000000000,2.000000000,0.291288565,0.000000000,0.000000000
CA-C02-005-A0010,CA-C02-005,DS01,cerro_azul,CAMPAIGN_02,18.000000000,20.000000000,2.000000000,0.286940368,0.000000000,0.000000000
CA-C02-005-A0011,CA-C02-005,DS01,cerro_azul,CAMPAIGN_02,20.000000000,22.000000000,2.000000000,0.300329167,0.000000000,0.000000000
CA-C02-005-A0012,CA-C02-005,DS01,cerro_azul,CAMPAIGN_02,22.000000000,24.000000000,2.000000000,0.320482790,0.000000000,0.000000000
CA-C02-005-A0013,CA-C02-005,DS01,cerro_azul,CAMPAIGN_02,24.000000000,26.000000000,2.000000000,0.322109926,0.000000000,0.000000000
CA-C02-005-A0014,CA-C02-005,DS01,cerro_azul,CAMPAIGN_02,26.000000000,28.000000000,2.000000000,0.354462424,0.000000000,0.000000000
CA-C02-005-A0015,CA-C02-005,DS01,cerro_azul,CAMPAIGN_02,28.000000000,30.000000000,2.000000000,0.330478916,0.000000000,0.000000000
CA-C02-005-A0016,CA-C02-005,DS01,cerro_azul,CAMPAIGN_02,30.000000000,32.000000000,2.000000000,0.368361458,0.000000000,0.000000000
CA-C02-005-A0017,CA-C02-005,DS01,cerro_azul,CAMPAIGN_02,32.000000000,34.000000000,2.000000000,0.381853830,0.000000000,0.000000000
CA-C02-005-A0018,CA-C02-005,DS01,cerro_azul,CAMPAIGN_02,34.000000000,36.000000000,2.000000000,0.405367404,0.000000000,0.000000000
CA-C02-005-A0019,CA-C02-005,DS01,cerro_azul,CAMPAIGN_02,36.000000000,38.000000000,2.000000000,0.400444218,0.000000000,0.000000000
CA-C02-005-A0020,CA-C02-005,DS01,cerro_azul,CAMPAIGN_02,38.000000000,40.000000000,2.000000000,0.406155611,0.000000000,0.000000000
CA-C02-005-A0021,CA-C02-005,DS01,cerro_azul,CAMPAIGN_02,40.000000000,42.000000000,2.000000000,0.414653696,0.000000000,0.000000000
CA-C02-005-A0022,CA-C02-005,DS01,cerro_azul,CAMPAIGN_02,42.000000000,44.000000000,2.000000000,0.456408253,0.000000000,0.000000000
CA-C02-005-A0023,CA-C02-005,DS01,cerro_azul,CAMPAIGN_02,44.000000000,46.000000000,2.000000000,0.464051223,0.000000000,0.000000000
CA-C02-005-A0024,CA-C02-005,DS01,cerro_azul,CAMPAIGN_02,46.000000000,48.000000000,2.000000000,0.490358062,0.000000000,0.000000000
CA-C02-005-A0025,CA-C02-005,DS01,cerro_azul,CAMPAIGN_02,48.000000000,50.000000000,2.000000000,0.455875345,0.000000000,0.000000000
CA-C02-005-A0026,CA-C02-005,DS01,cerro_azul,CAMPAIGN_02,50.000000000,52.000000000,2.000000000,0.466808832,0.000000000,0.000000000
CA-C02-005-A0027,CA-C02-005,DS01,cerro_azul,CAMPAIGN_02,52.000000000,54.000000000,2.000000000,0.487977943,0.000000000,0.000000000
CA-C02-005-A0028,CA-C02-005,DS01,cerro_azul,CAMPAIGN_02,54.000000000,56.000000000,2.000000000,0.484279662,0.000000000,0.000000000
CA-C02-005-A0029,CA-C02-005,DS01,cerro_azul,CAMPAIGN_02,56.000000000,58.000000000,2.000000000,0.497043754,0.000000000,0.000000000
CA-C02-005-A0030,CA-C02-005,DS01,cerro_azul,CAMPAIGN_02,58.000000000,60.000000000,2.000000000,0.542252989,0.000000000,0.000000000
CA-C02-005-A0031,CA-C02-005,DS01,cerro_azul,CAMPAIGN_02,60.000000000,62.000000000,2.000000000,0.579750286,0.000000000,0.000000000
CA-C02-005-A0032,CA-C02-005,DS01,cerro_azul,CAMPAIGN_02,62.000000000,64.000000000,2.000000000,0.509268231,0.000000000,0.000000000
CA-C02-005-A0033,CA-C02-005,DS01,cerro_azul,CAMPAIGN_02,64.000000000,66.000000000,2.000000000,0.582572669,0.000000000,0.000000000
CA-C02-005-A0034,CA-C02-005,DS01,cerro_azul,CAMPAIGN_02,66.000000000,68.000000000,2.000000000,0.576301375,0.000000000,0.000000000
CA-C02-005-A0035,CA-C02-005,DS01,cerro_azul,CAMPAIGN_02,68.000000000,70.000000000,2.000000000,0.584191621,0.000000000,0.000000000
CA-C02-005-A0036,CA-C02-005,DS01,cerro_azul,CAMPAIGN_02,70.000000000,72.000000000,2.000000000,0.645436173,0.000000000,0.000000000
CA-C02-005-A0037,CA-C02-005,DS01,cerro_azul,CAMPAIGN_02,72.000000000,74.000000000,2.000000000,0.618028208,0.000000000,0.000000000
CA-C02-005-A0038,CA-C02-005,DS01,cerro_azul,CAMPAIGN_02,74.000000000,76.000000000,2.000000000,0.630443540,0.000000000,0.000000000
CA-C02-005-A0039,CA-C02-005,DS01,cerro_azul,CAMPAIGN_02,76.000000000,78.000000000,2.000000000,0.643397632,0.000000000,0.000000000
CA-C02-005-A0040,CA-C02-005,DS01,cerro_azul,CAMPAIGN_02,78.000000000,80.000000000,2.000000000,0.664023639,0.000000000,0.000000000
CA-C02-005-A0041,CA-C02-005,DS01,cerro_azul,CAMPAIGN_02,80.000000000,82.000000000,2.000000000,0.661954612,0.000000000,0.000000000
CA-C02-005-A0042,CA-C02-005,DS01,cerro_azul,CAMPAIGN_02,82.000000000,84.000000000,2.000000000,0.735801047,0.000000000,0.000000000
CA-C02-005-A0043,CA-C02-005,DS01,cerro_azul,CAMPAIGN_02,84.000000000,86.000000000,2.000000000,0.669296348,0.000000000,0.000000000
CA-C02-005-A0044,CA-C02-005,DS01,cerro_azul,CAMPAIGN_02,86.000000000,88.000000000,2.000000000,0.695886996,0.000000000,0.000000000
CA-C02-005-A0045,CA-C02-005,DS01,cerro_azul,CAMPAIGN_02,88.000000000,90.000000000,2.000000000,0.722622258,0.000000000,0.000000000
CA-C02-005-A0046,CA-C02-005,DS01,cerro_azul,CAMPAIGN_02,90.000000000,92.000000000,2.000000000,0.695276768,0.000000000,0.000000000
CA-C02-005-A0047,CA-C02-005,DS01,cerro_azul,CAMPAIGN_02,92.000000000,94.000000000,2.000000000,0.749296581,0.000000000,0.000000000
CA-C02-005-A0048,CA-C02-005,DS01,cerro_azul,CAMPAIGN_02,94.000000000,96.000000000,2.000000000,0.787470834,0.000000000,0.000000000
CA-C02-005-A0049,CA-C02-005,DS01,cerro_azul,CAMPAIGN_02,96.000000000,98.000000000,2.000000000,0.797192040,0.000000000,0.000000000
CA-C02-005-A0050,CA-C02-005,DS01,cerro_azul,CAMPAIGN_02,98.000000000,100.000000000,2.000000000,0.821671913,0.000000000,0.000000000
CA-C02-005-A0051,CA-C02-005,DS01,cerro_azul,CAMPAIGN_02,100.000000000,102.000000000,2.000000000,0.731359248,0.000000000,0.000000000
CA-C02-005-A0052,CA-C02-005,DS01,cerro_azul,CAMPAIGN_02,102.000000000,104.000000000,2.000000000,0.805270673,0.000000000,0.000000000
CA-C02-005-A0053,CA-C02-005,DS01,cerro_azul,CAMPAIGN_02,104.000000000,106.000000000,2.000000000,0.854967172,0.000000000,0.000000000
CA-C02-005-A0054,CA-C02-005,DS01,cerro_azul,CAMPAIGN_02,106.000000000,108.000000000,2.000000000,0.806534693,0.000000000,0.000000000
CA-C02-005-A0055,CA-C02-005,DS01,cerro_azul,CAMPAIGN_02,108.000000000,110.000000000,2.000000000,0.812861844,0.000000000,0.000000000
CA-C02-005-A0056,CA-C02-005,DS01,cerro_azul,CAMPAIGN_02,110.000000000,112.000000000,2.000000000,0.858461978,0.000000000,0.000000000
CA-C02-005-A0057,CA-C02-005,DS01,cerro_azul,CAMPAIGN_02,112.000000000,114.000000000,2.000000000,0.835352116,0.000000000,0.000000000
CA-C02-005-A0058,CA-C02-005,DS01,cerro_azul,CAMPAIGN_02,114.000000000,116.000000000,2.000000000,0.922469091,0.000000000,0.000000000
CA-C02-005-A0059,CA-C02-005,DS01,cerro_azul,CAMPAIGN_02,116.000000000,118.000000000,2.000000000,0.855291393,0.000000000,0.000000000
CA-C02-005-A0060,CA-C02-005,DS01,cerro_azul,CAMPAIGN_02,118.000000000,120.000000000,2.000000000,0.833064623,0.000000000,0.000000000
CA-C02-005-A0061,CA-C02-005,DS01,cerro_azul,CAMPAIGN_02,120.000000000,122.000000000,2.000000000,0.897749333,0.000000000,0.000000000
CA-C02-005-A0062,CA-C02-005,DS01,cerro_azul,CAMPAIGN_02,122.000000000,124.000000000,2.000000000,0.849212520,0.000000000,0.000000000
CA-C02-005-A0063,CA-C02-005,DS01,cerro_azul,CAMPAIGN_02,124.000000000,126.000000000,2.000000000,0.911918928,0.000000000,0.000000000
CA-C02-005-A0064,CA-C02-005,DS01,cerro_azul,CAMPAIGN_02,126.000000000,128.000000000,2.000000000,0.867107234,0.000000000,0.000000000
CA-C02-005-A0065,CA-C02-005,DS01,cerro_azul,CAMPAIGN_02,128.000000000,130.000000000,2.000000000,0.853069787,0.000000000,0.000000000
CA-C02-005-A0066,CA-C02-005,DS01,cerro_azul,CAMPAIGN_02,130.000000000,132.000000000,2.000000000,0.943177784,0.000000000,0.000000000
CA-C02-005-A0067,CA-C02-005,DS01,cerro_azul,CAMPAIGN_02,132.000000000,134.000000000,2.000000000,0.866810357,0.000000000,0.000000000
CA-C02-005-A0068,CA-C02-005,DS01,cerro_azul,CAMPAIGN_02,134.000000000,136.000000000,2.000000000,0.934290950,0.000000000,0.000000000
CA-C02-005-A0069,CA-C02-005,DS01,cerro_azul,CAMPAIGN_02,136.000000000,138.000000000,2.000000000,0.865585110,0.000000000,0.000000000
CA-C02-005-A0070,CA-C02-005,DS01,cerro_azul,CAMPAIGN_02,138.000000000,140.000000000,2.000000000,0.950554414,0.000000000,0.000000000
CA-C02-005-A0071,CA-C02-005,DS01,cerro_azul,CAMPAIGN_02,140.000000000,142.000000000,2.000000000,0.920947253,0.000000000,0.000000000
CA-C02-005-A0072,CA-C02-005,DS01,cerro_azul,CAMPAIGN_02,142.000000000,144.000000000,2.000000000,0.953202360,0.000000000,0.000000000
CA-C02-005-A0073,CA-C02-005,DS01,cerro_azul,CAMPAIGN_02,144.000000000,146.000000000,2.000000000,0.955922821,0.000000000,0.000000000
CA-C02-005-A0074,CA-C02-005,DS01,cerro_azul,CAMPAIGN_02,146.000000000,148.000000000,2.000000000,0.925982804,0.000000000,0.000000000
CA-C02-005-A0075,CA-C02-005,DS01,cerro_azul,CAMPAIGN_02,148.000000000,150.000000000,2.000000000,0.966753881,0.000000000,0.000000000
CA-C02-005-A0076,CA-C02-005,DS01,cerro_azul,CAMPAIGN_02,150.000000000,152.000000000,2.000000000,0.889725000,0.000000000,0.000000000
CA-C02-005-A0077,CA-C02-005,DS01,cerro_azul,CAMPAIGN_02,152.000000000,154.000000000,2.000000000,0.988565234,0.000000000,0.000000000
CA-C02-005-A0078,CA-C02-005,DS01,cerro_azul,CAMPAIGN_02,154.000000000,156.000000000,2.000000000,0.961819508,0.000000000,0.000000000
CA-C02-005-A0079,CA-C02-005,DS01,cerro_azul,CAMPAIGN_02,156.000000000,158.000000000,2.000000000,0.937430636,0.000000000,0.000000000
CA-C02-005-A0080,CA-C02-005,DS01,cerro_azul,CAMPAIGN_02,158.000000000,160.000000000,2.000000000,0.923519079,0.000000000,0.000000000
CA-C02-005-A0081,CA-C02-005,DS01,cerro_azul,CAMPAIGN_02,160.000000000,162.000000000,2.000000000,0.933704943,0.000000000,0.000000000
CA-C02-005-A0082,CA-C02-005,DS01,cerro_azul,CAMPAIGN_02,162.000000000,164.000000000,2.000000000,0.924035096,0.000000000,0.000000000
CA-C02-005-A0083,CA-C02-005,DS01,cerro_azul,CAMPAIGN_02,164.000000000,166.000000000,2.000000000,0.915323355,0.000000000,0.000000000
CA-C02-005-A0084,CA-C02-005,DS01,cerro_azul,CAMPAIGN_02,166.000000000,168.000000000,2.000000000,0.956097343,0.000000000,0.000000000
CA-C02-005-A0085,CA-C02-005,DS01,cerro_azul,CAMPAIGN_02,168.000000000,170.000000000,2.000000000,0.912048245,0.000000000,0.000000000
CA-C02-005-A0086,CA-C02-005,DS01,cerro_azul,CAMPAIGN_02,170.000000000,172.000000000,2.000000000,0.941065405,0.000000000,0.000000000
CA-C02-005-A0087,CA-C02-005,DS01,cerro_azul,CAMPAIGN_02,172.000000000,174.000000000,2.000000000,0.916574451,0.000000000,0.000000000
CA-C02-005-A0088,CA-C02-005,DS01,cerro_azul,CAMPAIGN_02,174.000000000,176.000000000,2.000000000,0.984480265,0.000000000,0.000000000
CA-C02-005-A0089,CA-C02-005,DS01,cerro_azul,CAMPAIGN_02,176.000000000,178.000000000,2.000000000,0.902716178,0.000000000,0.000000000
CA-C02-005-A0090,CA-C02-005,DS01,cerro_azul,CAMPAIGN_02,178.000000000,180.000000000,2.000000000,0.904314064,0.000000000,0.000000000
CA-C02-006-A0001,CA-C02-006,DS01,cerro_azul,CAMPAIGN_02,0.000000000,2.000000000,2.000000000,0.237986685,0.000000000,0.000000000
CA-C02-006-A0002,CA-C02-006,DS01,cerro_azul,CAMPAIGN_02,2.000000000,4.000000000,2.000000000,0.269862180,0.000000000,0.000000000
CA-C02-006-A0003,CA-C02-006,DS01,cerro_azul,CAMPAIGN_02,4.000000000,6.000000000,2.000000000,0.226058199,0.000000000,0.000000000
CA-C02-006-A0004,CA-C02-006,DS01,cerro_azul,CAMPAIGN_02,6.000000000,8.000000000,2.000000000,0.252189482,0.000000000,0.000000000
CA-C02-006-A0005,CA-C02-006,DS01,cerro_azul,CAMPAIGN_02,8.000000000,10.000000000,2.000000000,0.259844915,0.000000000,0.000000000
CA-C02-006-A0006,CA-C02-006,DS01,cerro_azul,CAMPAIGN_02,10.000000000,12.000000000,2.000000000,0.272685619,0.000000000,0.000000000
CA-C02-006-A0007,CA-C02-006,DS01,cerro_azul,CAMPAIGN_02,12.000000000,14.000000000,2.000000000,0.297373087,0.000000000,0.000000000
CA-C02-006-A0008,CA-C02-006,DS01,cerro_azul,CAMPAIGN_02,14.000000000,16.000000000,2.000000000,0.289013750,0.000000000,0.000000000
CA-C02-006-A0009,CA-C02-006,DS01,cerro_azul,CAMPAIGN_02,16.000000000,18.000000000,2.000000000,0.314744843,0.000000000,0.000000000
CA-C02-006-A0010,CA-C02-006,DS01,cerro_azul,CAMPAIGN_02,18.000000000,20.000000000,2.000000000,0.325428095,0.000000000,0.000000000
CA-C02-006-A0011,CA-C02-006,DS01,cerro_azul,CAMPAIGN_02,20.000000000,22.000000000,2.000000000,0.308287391,0.000000000,0.000000000
CA-C02-006-A0012,CA-C02-006,DS01,cerro_azul,CAMPAIGN_02,22.000000000,24.000000000,2.000000000,0.327072761,0.000000000,0.000000000
CA-C02-006-A0013,CA-C02-006,DS01,cerro_azul,CAMPAIGN_02,24.000000000,26.000000000,2.000000000,0.364902309,0.000000000,0.000000000
CA-C02-006-A0014,CA-C02-006,DS01,cerro_azul,CAMPAIGN_02,26.000000000,28.000000000,2.000000000,0.359377551,0.000000000,0.000000000
CA-C02-006-A0015,CA-C02-006,DS01,cerro_azul,CAMPAIGN_02,28.000000000,30.000000000,2.000000000,0.388436674,0.000000000,0.000000000
CA-C02-006-A0016,CA-C02-006,DS01,cerro_azul,CAMPAIGN_02,30.000000000,32.000000000,2.000000000,0.393064846,0.000000000,0.000000000
CA-C02-006-A0017,CA-C02-006,DS01,cerro_azul,CAMPAIGN_02,32.000000000,34.000000000,2.000000000,0.412756852,0.000000000,0.000000000
CA-C02-006-A0018,CA-C02-006,DS01,cerro_azul,CAMPAIGN_02,34.000000000,36.000000000,2.000000000,0.399885819,0.000000000,0.000000000
CA-C02-006-A0019,CA-C02-006,DS01,cerro_azul,CAMPAIGN_02,36.000000000,38.000000000,2.000000000,0.424204753,0.000000000,0.000000000
CA-C02-006-A0020,CA-C02-006,DS01,cerro_azul,CAMPAIGN_02,38.000000000,40.000000000,2.000000000,0.406436033,0.000000000,0.000000000
CA-C02-006-A0021,CA-C02-006,DS01,cerro_azul,CAMPAIGN_02,40.000000000,42.000000000,2.000000000,0.433045028,0.000000000,0.000000000
CA-C02-006-A0022,CA-C02-006,DS01,cerro_azul,CAMPAIGN_02,42.000000000,44.000000000,2.000000000,0.452669003,0.000000000,0.000000000
CA-C02-006-A0023,CA-C02-006,DS01,cerro_azul,CAMPAIGN_02,44.000000000,46.000000000,2.000000000,0.472672026,0.000000000,0.000000000
CA-C02-006-A0024,CA-C02-006,DS01,cerro_azul,CAMPAIGN_02,46.000000000,48.000000000,2.000000000,0.462350224,0.000000000,0.000000000
CA-C02-006-A0025,CA-C02-006,DS01,cerro_azul,CAMPAIGN_02,48.000000000,50.000000000,2.000000000,0.511565146,0.000000000,0.000000000
CA-C02-006-A0026,CA-C02-006,DS01,cerro_azul,CAMPAIGN_02,50.000000000,52.000000000,2.000000000,0.480682643,0.000000000,0.000000000
CA-C02-006-A0027,CA-C02-006,DS01,cerro_azul,CAMPAIGN_02,52.000000000,54.000000000,2.000000000,0.532094051,0.000000000,0.000000000
CA-C02-006-A0028,CA-C02-006,DS01,cerro_azul,CAMPAIGN_02,54.000000000,56.000000000,2.000000000,0.524361535,0.000000000,0.000000000
CA-C02-006-A0029,CA-C02-006,DS01,cerro_azul,CAMPAIGN_02,56.000000000,58.000000000,2.000000000,0.538863007,0.000000000,0.000000000
CA-C02-006-A0030,CA-C02-006,DS01,cerro_azul,CAMPAIGN_02,58.000000000,60.000000000,2.000000000,0.556470867,0.000000000,0.000000000
CA-C02-006-A0031,CA-C02-006,DS01,cerro_azul,CAMPAIGN_02,60.000000000,62.000000000,2.000000000,0.559843407,0.000000000,0.000000000
CA-C02-006-A0032,CA-C02-006,DS01,cerro_azul,CAMPAIGN_02,62.000000000,64.000000000,2.000000000,0.601152103,0.000000000,0.000000000
CA-C02-006-A0033,CA-C02-006,DS01,cerro_azul,CAMPAIGN_02,64.000000000,66.000000000,2.000000000,0.623230990,0.000000000,0.000000000
CA-C02-006-A0034,CA-C02-006,DS01,cerro_azul,CAMPAIGN_02,66.000000000,68.000000000,2.000000000,0.569960072,0.000000000,0.000000000
CA-C02-006-A0035,CA-C02-006,DS01,cerro_azul,CAMPAIGN_02,68.000000000,70.000000000,2.000000000,0.637639251,0.000000000,0.000000000
CA-C02-006-A0036,CA-C02-006,DS01,cerro_azul,CAMPAIGN_02,70.000000000,72.000000000,2.000000000,0.648929561,0.000000000,0.000000000
CA-C02-006-A0037,CA-C02-006,DS01,cerro_azul,CAMPAIGN_02,72.000000000,74.000000000,2.000000000,0.705710502,0.000000000,0.000000000
CA-C02-006-A0038,CA-C02-006,DS01,cerro_azul,CAMPAIGN_02,74.000000000,76.000000000,2.000000000,0.653836001,0.000000000,0.000000000
CA-C02-006-A0039,CA-C02-006,DS01,cerro_azul,CAMPAIGN_02,76.000000000,78.000000000,2.000000000,0.719782291,0.000000000,0.000000000
CA-C02-006-A0040,CA-C02-006,DS01,cerro_azul,CAMPAIGN_02,78.000000000,80.000000000,2.000000000,0.719904653,0.000000000,0.000000000
CA-C02-006-A0041,CA-C02-006,DS01,cerro_azul,CAMPAIGN_02,80.000000000,82.000000000,2.000000000,0.741725489,0.000000000,0.000000000
CA-C02-006-A0042,CA-C02-006,DS01,cerro_azul,CAMPAIGN_02,82.000000000,84.000000000,2.000000000,0.738818983,0.000000000,0.000000000
CA-C02-006-A0043,CA-C02-006,DS01,cerro_azul,CAMPAIGN_02,84.000000000,86.000000000,2.000000000,0.740500278,0.000000000,0.000000000
CA-C02-006-A0044,CA-C02-006,DS01,cerro_azul,CAMPAIGN_02,86.000000000,88.000000000,2.000000000,0.770112301,0.000000000,0.000000000
CA-C02-006-A0045,CA-C02-006,DS01,cerro_azul,CAMPAIGN_02,88.000000000,90.000000000,2.000000000,0.794880770,0.000000000,0.000000000
CA-C02-006-A0046,CA-C02-006,DS01,cerro_azul,CAMPAIGN_02,90.000000000,92.000000000,2.000000000,0.768664296,0.000000000,0.000000000
CA-C02-006-A0047,CA-C02-006,DS01,cerro_azul,CAMPAIGN_02,92.000000000,94.000000000,2.000000000,0.814834293,0.000000000,0.000000000
CA-C02-006-A0048,CA-C02-006,DS01,cerro_azul,CAMPAIGN_02,94.000000000,96.000000000,2.000000000,0.806295451,0.000000000,0.000000000
CA-C02-006-A0049,CA-C02-006,DS01,cerro_azul,CAMPAIGN_02,96.000000000,98.000000000,2.000000000,0.874850600,0.000000000,0.000000000
CA-C02-006-A0050,CA-C02-006,DS01,cerro_azul,CAMPAIGN_02,98.000000000,100.000000000,2.000000000,0.859857223,0.000000000,0.000000000
CA-C02-006-A0051,CA-C02-006,DS01,cerro_azul,CAMPAIGN_02,100.000000000,102.000000000,2.000000000,0.799608462,0.000000000,0.000000000
CA-C02-006-A0052,CA-C02-006,DS01,cerro_azul,CAMPAIGN_02,102.000000000,104.000000000,2.000000000,0.864616106,0.000000000,0.000000000
CA-C02-006-A0053,CA-C02-006,DS01,cerro_azul,CAMPAIGN_02,104.000000000,106.000000000,2.000000000,0.927891974,0.000000000,0.000000000
CA-C02-006-A0054,CA-C02-006,DS01,cerro_azul,CAMPAIGN_02,106.000000000,108.000000000,2.000000000,0.848229806,0.000000000,0.000000000
CA-C02-006-A0055,CA-C02-006,DS01,cerro_azul,CAMPAIGN_02,108.000000000,110.000000000,2.000000000,0.978090712,0.000000000,0.000000000
CA-C02-006-A0056,CA-C02-006,DS01,cerro_azul,CAMPAIGN_02,110.000000000,112.000000000,2.000000000,0.936059674,0.000000000,0.000000000
CA-C02-006-A0057,CA-C02-006,DS01,cerro_azul,CAMPAIGN_02,112.000000000,114.000000000,2.000000000,0.905039965,0.000000000,0.000000000
CA-C02-006-A0058,CA-C02-006,DS01,cerro_azul,CAMPAIGN_02,114.000000000,116.000000000,2.000000000,0.955696599,0.000000000,0.000000000
CA-C02-006-A0059,CA-C02-006,DS01,cerro_azul,CAMPAIGN_02,116.000000000,118.000000000,2.000000000,0.933905998,0.000000000,0.000000000
CA-C02-006-A0060,CA-C02-006,DS01,cerro_azul,CAMPAIGN_02,118.000000000,120.000000000,2.000000000,0.963042895,0.000000000,0.000000000
CA-C02-006-A0061,CA-C02-006,DS01,cerro_azul,CAMPAIGN_02,120.000000000,122.000000000,2.000000000,0.962510048,0.000000000,0.000000000
CA-C02-006-A0062,CA-C02-006,DS01,cerro_azul,CAMPAIGN_02,122.000000000,124.000000000,2.000000000,0.955708641,0.000000000,0.000000000
CA-C02-006-A0063,CA-C02-006,DS01,cerro_azul,CAMPAIGN_02,124.000000000,126.000000000,2.000000000,1.052300159,0.000000000,0.000000000
CA-C02-006-A0064,CA-C02-006,DS01,cerro_azul,CAMPAIGN_02,126.000000000,128.000000000,2.000000000,0.986092815,0.000000000,0.000000000
CA-C02-006-A0065,CA-C02-006,DS01,cerro_azul,CAMPAIGN_02,128.000000000,130.000000000,2.000000000,0.904158578,0.000000000,0.000000000
CA-C02-006-A0066,CA-C02-006,DS01,cerro_azul,CAMPAIGN_02,130.000000000,132.000000000,2.000000000,1.056484796,0.000000000,0.000000000
CA-C02-006-A0067,CA-C02-006,DS01,cerro_azul,CAMPAIGN_02,132.000000000,134.000000000,2.000000000,1.025895469,0.000000000,0.000000000
CA-C02-006-A0068,CA-C02-006,DS01,cerro_azul,CAMPAIGN_02,134.000000000,136.000000000,2.000000000,1.129015547,0.000000000,0.000000000
CA-C02-006-A0069,CA-C02-006,DS01,cerro_azul,CAMPAIGN_02,136.000000000,138.000000000,2.000000000,1.109178909,0.000000000,0.000000000
CA-C02-006-A0070,CA-C02-006,DS01,cerro_azul,CAMPAIGN_02,138.000000000,140.000000000,2.000000000,1.039835512,0.000000000,0.000000000
CA-C02-006-A0071,CA-C02-006,DS01,cerro_azul,CAMPAIGN_02,140.000000000,142.000000000,2.000000000,0.986938012,0.000000000,0.000000000
CA-C02-006-A0072,CA-C02-006,DS01,cerro_azul,CAMPAIGN_02,142.000000000,144.000000000,2.000000000,1.064431873,0.000000000,0.000000000
CA-C02-006-A0073,CA-C02-006,DS01,cerro_azul,CAMPAIGN_02,144.000000000,146.000000000,2.000000000,1.060121659,0.000000000,0.000000000
CA-C02-006-A0074,CA-C02-006,DS01,cerro_azul,CAMPAIGN_02,146.000000000,148.000000000,2.000000000,1.077973271,0.000000000,0.000000000
CA-C02-006-A0075,CA-C02-006,DS01,cerro_azul,CAMPAIGN_02,148.000000000,150.000000000,2.000000000,1.065242951,0.000000000,0.000000000
CA-C02-006-A0076,CA-C02-006,DS01,cerro_azul,CAMPAIGN_02,150.000000000,152.000000000,2.000000000,1.011307131,0.000000000,0.000000000
CA-C02-006-A0077,CA-C02-006,DS01,cerro_azul,CAMPAIGN_02,152.000000000,154.000000000,2.000000000,1.068544049,0.000000000,0.000000000
CA-C02-006-A0078,CA-C02-006,DS01,cerro_azul,CAMPAIGN_02,154.000000000,156.000000000,2.000000000,1.087106360,0.000000000,0.000000000
CA-C02-006-A0079,CA-C02-006,DS01,cerro_azul,CAMPAIGN_02,156.000000000,158.000000000,2.000000000,1.079689450,0.000000000,0.000000000
CA-C02-006-A0080,CA-C02-006,DS01,cerro_azul,CAMPAIGN_02,158.000000000,160.000000000,2.000000000,1.082127543,0.000000000,0.000000000
CA-C02-006-A0081,CA-C02-006,DS01,cerro_azul,CAMPAIGN_02,160.000000000,162.000000000,2.000000000,1.040330340,0.000000000,0.000000000
CA-C02-006-A0082,CA-C02-006,DS01,cerro_azul,CAMPAIGN_02,162.000000000,164.000000000,2.000000000,1.082967492,0.000000000,0.000000000
CA-C02-006-A0083,CA-C02-006,DS01,cerro_azul,CAMPAIGN_02,164.000000000,166.000000000,2.000000000,1.046320574,0.000000000,0.000000000
CA-C02-006-A0084,CA-C02-006,DS01,cerro_azul,CAMPAIGN_02,166.000000000,168.000000000,2.000000000,1.067020898,0.000000000,0.000000000
CA-C02-006-A0085,CA-C02-006,DS01,cerro_azul,CAMPAIGN_02,168.000000000,170.000000000,2.000000000,1.110174579,0.000000000,0.000000000
CA-C02-006-A0086,CA-C02-006,DS01,cerro_azul,CAMPAIGN_02,170.000000000,172.000000000,2.000000000,1.088058108,0.000000000,0.000000000
CA-C02-006-A0087,CA-C02-006,DS01,cerro_azul,CAMPAIGN_02,172.000000000,174.000000000,2.000000000,1.037428334,0.000000000,0.000000000
CA-C02-006-A0088,CA-C02-006,DS01,cerro_azul,CAMPAIGN_02,174.000000000,176.000000000,2.000000000,1.033450923,0.000000000,0.000000000
CA-C02-006-A0089,CA-C02-006,DS01,cerro_azul,CAMPAIGN_02,176.000000000,178.000000000,2.000000000,1.075398303,0.000000000,0.000000000
CA-C02-006-A0090,CA-C02-006,DS01,cerro_azul,CAMPAIGN_02,178.000000000,180.000000000,2.000000000,1.009322644,0.000000000,0.000000000
CA-C02-006-A0091,CA-C02-006,DS01,cerro_azul,CAMPAIGN_02,180.000000000,182.000000000,2.000000000,0.967613899,0.000000000,0.000000000
CA-C02-006-A0092,CA-C02-006,DS01,cerro_azul,CAMPAIGN_02,182.000000000,184.000000000,2.000000000,1.018181556,0.000000000,0.000000000
CA-C02-006-A0093,CA-C02-006,DS01,cerro_azul,CAMPAIGN_02,184.000000000,186.000000000,2.000000000,0.983386960,0.000000000,0.000000000
CA-C02-006-A0094,CA-C02-006,DS01,cerro_azul,CAMPAIGN_02,186.000000000,188.000000000,2.000000000,0.883965616,0.000000000,0.000000000
CA-C02-006-A0095,CA-C02-006,DS01,cerro_azul,CAMPAIGN_02,188.000000000,190.000000000,2.000000000,0.985928253,0.000000000,0.000000000
CA-C02-006-A0096,CA-C02-006,DS01,cerro_azul,CAMPAIGN_02,190.000000000,191.360703289,1.360703289,0.952795143,0.000000000,0.000000000
CA-C02-007-A0001,CA-C02-007,DS01,cerro_azul,CAMPAIGN_02,0.000000000,2.000000000,2.000000000,0.042994937,0.000000000,0.000000000
CA-C02-007-A0002,CA-C02-007,DS01,cerro_azul,CAMPAIGN_02,2.000000000,4.000000000,2.000000000,0.090640074,0.000000000,0.000000000
CA-C02-007-A0003,CA-C02-007,DS01,cerro_azul,CAMPAIGN_02,4.000000000,6.000000000,2.000000000,0.094732851,0.000000000,0.000000000
CA-C02-007-A0004,CA-C02-007,DS01,cerro_azul,CAMPAIGN_02,6.000000000,8.000000000,2.000000000,0.097981848,0.000000000,0.000000000
CA-C02-007-A0005,CA-C02-007,DS01,cerro_azul,CAMPAIGN_02,8.000000000,10.000000000,2.000000000,0.105117572,0.000000000,0.000000000
CA-C02-007-A0006,CA-C02-007,DS01,cerro_azul,CAMPAIGN_02,10.000000000,12.000000000,2.000000000,0.109069456,0.000000000,0.000000000
CA-C02-007-A0007,CA-C02-007,DS01,cerro_azul,CAMPAIGN_02,12.000000000,14.000000000,2.000000000,0.105072213,0.000000000,0.000000000
CA-C02-007-A0008,CA-C02-007,DS01,cerro_azul,CAMPAIGN_02,14.000000000,16.000000000,2.000000000,0.114243062,0.000000000,0.000000000
CA-C02-007-A0009,CA-C02-007,DS01,cerro_azul,CAMPAIGN_02,16.000000000,18.000000000,2.000000000,0.120074924,0.000000000,0.000000000
CA-C02-007-A0010,CA-C02-007,DS01,cerro_azul,CAMPAIGN_02,18.000000000,20.000000000,2.000000000,0.124345658,0.000000000,0.000000000
CA-C02-007-A0011,CA-C02-007,DS01,cerro_azul,CAMPAIGN_02,20.000000000,22.000000000,2.000000000,0.121597106,0.000000000,0.000000000
CA-C02-007-A0012,CA-C02-007,DS01,cerro_azul,CAMPAIGN_02,22.000000000,24.000000000,2.000000000,0.134526772,0.000000000,0.000000000
CA-C02-007-A0013,CA-C02-007,DS01,cerro_azul,CAMPAIGN_02,24.000000000,26.000000000,2.000000000,0.135545084,0.000000000,0.000000000
CA-C02-007-A0014,CA-C02-007,DS01,cerro_azul,CAMPAIGN_02,26.000000000,28.000000000,2.000000000,0.148032144,0.000000000,0.000000000
CA-C02-007-A0015,CA-C02-007,DS01,cerro_azul,CAMPAIGN_02,28.000000000,30.000000000,2.000000000,0.150028779,0.000000000,0.000000000
CA-C02-007-A0016,CA-C02-007,DS01,cerro_azul,CAMPAIGN_02,30.000000000,32.000000000,2.000000000,0.172881411,0.000000000,0.000000000
CA-C02-007-A0017,CA-C02-007,DS01,cerro_azul,CAMPAIGN_02,32.000000000,34.000000000,2.000000000,0.161115420,0.000000000,0.000000000
CA-C02-007-A0018,CA-C02-007,DS01,cerro_azul,CAMPAIGN_02,34.000000000,36.000000000,2.000000000,0.162274998,0.000000000,0.000000000
CA-C02-007-A0019,CA-C02-007,DS01,cerro_azul,CAMPAIGN_02,36.000000000,38.000000000,2.000000000,0.179559590,0.000000000,0.000000000
CA-C02-007-A0020,CA-C02-007,DS01,cerro_azul,CAMPAIGN_02,38.000000000,40.000000000,2.000000000,0.184571960,0.000000000,0.000000000
CA-C02-007-A0021,CA-C02-007,DS01,cerro_azul,CAMPAIGN_02,40.000000000,42.000000000,2.000000000,0.177503616,0.000000000,0.000000000
CA-C02-007-A0022,CA-C02-007,DS01,cerro_azul,CAMPAIGN_02,42.000000000,44.000000000,2.000000000,0.198944867,0.000000000,0.000000000
CA-C02-007-A0023,CA-C02-007,DS01,cerro_azul,CAMPAIGN_02,44.000000000,46.000000000,2.000000000,0.209488074,0.000000000,0.000000000
CA-C02-007-A0024,CA-C02-007,DS01,cerro_azul,CAMPAIGN_02,46.000000000,48.000000000,2.000000000,0.213820856,0.000000000,0.000000000
CA-C02-007-A0025,CA-C02-007,DS01,cerro_azul,CAMPAIGN_02,48.000000000,50.000000000,2.000000000,0.222350629,0.000000000,0.000000000
CA-C02-007-A0026,CA-C02-007,DS01,cerro_azul,CAMPAIGN_02,50.000000000,52.000000000,2.000000000,0.219581228,0.000000000,0.000000000
CA-C02-007-A0027,CA-C02-007,DS01,cerro_azul,CAMPAIGN_02,52.000000000,54.000000000,2.000000000,0.233476888,0.000000000,0.000000000
CA-C02-007-A0028,CA-C02-007,DS01,cerro_azul,CAMPAIGN_02,54.000000000,56.000000000,2.000000000,0.244942133,0.000000000,0.000000000
CA-C02-007-A0029,CA-C02-007,DS01,cerro_azul,CAMPAIGN_02,56.000000000,58.000000000,2.000000000,0.267459348,0.000000000,0.000000000
CA-C02-007-A0030,CA-C02-007,DS01,cerro_azul,CAMPAIGN_02,58.000000000,60.000000000,2.000000000,0.272794394,0.000000000,0.000000000
CA-C02-007-A0031,CA-C02-007,DS01,cerro_azul,CAMPAIGN_02,60.000000000,62.000000000,2.000000000,0.265840425,0.000000000,0.000000000
CA-C02-007-A0032,CA-C02-007,DS01,cerro_azul,CAMPAIGN_02,62.000000000,64.000000000,2.000000000,0.277551400,0.000000000,0.000000000
CA-C02-007-A0033,CA-C02-007,DS01,cerro_azul,CAMPAIGN_02,64.000000000,66.000000000,2.000000000,0.267522319,0.000000000,0.000000000
CA-C02-007-A0034,CA-C02-007,DS01,cerro_azul,CAMPAIGN_02,66.000000000,68.000000000,2.000000000,0.331373406,0.000000000,0.000000000
CA-C02-007-A0035,CA-C02-007,DS01,cerro_azul,CAMPAIGN_02,68.000000000,70.000000000,2.000000000,0.286716052,0.000000000,0.000000000
CA-C02-007-A0036,CA-C02-007,DS01,cerro_azul,CAMPAIGN_02,70.000000000,72.000000000,2.000000000,0.306081986,0.000000000,0.000000000
CA-C02-007-A0037,CA-C02-007,DS01,cerro_azul,CAMPAIGN_02,72.000000000,74.000000000,2.000000000,0.318596958,0.000000000,0.000000000
CA-C02-007-A0038,CA-C02-007,DS01,cerro_azul,CAMPAIGN_02,74.000000000,76.000000000,2.000000000,0.343900333,0.000000000,0.000000000
CA-C02-007-A0039,CA-C02-007,DS01,cerro_azul,CAMPAIGN_02,76.000000000,78.000000000,2.000000000,0.345188086,0.000000000,0.000000000
CA-C02-007-A0040,CA-C02-007,DS01,cerro_azul,CAMPAIGN_02,78.000000000,80.000000000,2.000000000,0.367213161,0.000000000,0.000000000
CA-C02-007-A0041,CA-C02-007,DS01,cerro_azul,CAMPAIGN_02,80.000000000,82.000000000,2.000000000,0.356366054,0.000000000,0.000000000
CA-C02-007-A0042,CA-C02-007,DS01,cerro_azul,CAMPAIGN_02,82.000000000,84.000000000,2.000000000,0.379437631,0.000000000,0.000000000
CA-C02-007-A0043,CA-C02-007,DS01,cerro_azul,CAMPAIGN_02,84.000000000,86.000000000,2.000000000,0.396551657,0.000000000,0.000000000
CA-C02-007-A0044,CA-C02-007,DS01,cerro_azul,CAMPAIGN_02,86.000000000,88.000000000,2.000000000,0.393157010,0.000000000,0.000000000
CA-C02-007-A0045,CA-C02-007,DS01,cerro_azul,CAMPAIGN_02,88.000000000,90.000000000,2.000000000,0.430762835,0.000000000,0.000000000
CA-C02-007-A0046,CA-C02-007,DS01,cerro_azul,CAMPAIGN_02,90.000000000,92.000000000,2.000000000,0.426500368,0.000000000,0.000000000
CA-C02-007-A0047,CA-C02-007,DS01,cerro_azul,CAMPAIGN_02,92.000000000,94.000000000,2.000000000,0.450734694,0.000000000,0.000000000
CA-C02-007-A0048,CA-C02-007,DS01,cerro_azul,CAMPAIGN_02,94.000000000,96.000000000,2.000000000,0.471484597,0.000000000,0.000000000
CA-C02-007-A0049,CA-C02-007,DS01,cerro_azul,CAMPAIGN_02,96.000000000,98.000000000,2.000000000,0.460671955,0.000000000,0.000000000
CA-C02-007-A0050,CA-C02-007,DS01,cerro_azul,CAMPAIGN_02,98.000000000,100.000000000,2.000000000,0.506586905,0.000000000,0.000000000
CA-C02-007-A0051,CA-C02-007,DS01,cerro_azul,CAMPAIGN_02,100.000000000,102.000000000,2.000000000,0.501356546,0.000000000,0.000000000
CA-C02-007-A0052,CA-C02-007,DS01,cerro_azul,CAMPAIGN_02,102.000000000,104.000000000,2.000000000,0.505478787,0.000000000,0.000000000
CA-C02-007-A0053,CA-C02-007,DS01,cerro_azul,CAMPAIGN_02,104.000000000,106.000000000,2.000000000,0.540945670,0.000000000,0.000000000
CA-C02-007-A0054,CA-C02-007,DS01,cerro_azul,CAMPAIGN_02,106.000000000,108.000000000,2.000000000,0.542179316,0.000000000,0.000000000
CA-C02-007-A0055,CA-C02-007,DS01,cerro_azul,CAMPAIGN_02,108.000000000,110.000000000,2.000000000,0.550430455,0.000000000,0.000000000
CA-C02-007-A0056,CA-C02-007,DS01,cerro_azul,CAMPAIGN_02,110.000000000,112.000000000,2.000000000,0.510606873,0.000000000,0.000000000
CA-C02-007-A0057,CA-C02-007,DS01,cerro_azul,CAMPAIGN_02,112.000000000,114.000000000,2.000000000,0.540753805,0.000000000,0.000000000
CA-C02-007-A0058,CA-C02-007,DS01,cerro_azul,CAMPAIGN_02,114.000000000,116.000000000,2.000000000,0.571109661,0.000000000,0.000000000
CA-C02-007-A0059,CA-C02-007,DS01,cerro_azul,CAMPAIGN_02,116.000000000,118.000000000,2.000000000,0.598431176,0.000000000,0.000000000
CA-C02-007-A0060,CA-C02-007,DS01,cerro_azul,CAMPAIGN_02,118.000000000,120.000000000,2.000000000,0.594527389,0.000000000,0.000000000
CA-C02-007-A0061,CA-C02-007,DS01,cerro_azul,CAMPAIGN_02,120.000000000,122.000000000,2.000000000,0.606483131,0.000000000,0.000000000
CA-C02-007-A0062,CA-C02-007,DS01,cerro_azul,CAMPAIGN_02,122.000000000,124.000000000,2.000000000,0.617749770,0.000000000,0.000000000
CA-C02-007-A0063,CA-C02-007,DS01,cerro_azul,CAMPAIGN_02,124.000000000,126.000000000,2.000000000,0.637925343,0.000000000,0.000000000
CA-C02-007-A0064,CA-C02-007,DS01,cerro_azul,CAMPAIGN_02,126.000000000,128.000000000,2.000000000,0.653204566,0.000000000,0.000000000
CA-C02-007-A0065,CA-C02-007,DS01,cerro_azul,CAMPAIGN_02,128.000000000,130.000000000,2.000000000,0.670554533,0.000000000,0.000000000
CA-C02-007-A0066,CA-C02-007,DS01,cerro_azul,CAMPAIGN_02,130.000000000,132.000000000,2.000000000,0.665847653,0.000000000,0.000000000
CA-C02-007-A0067,CA-C02-007,DS01,cerro_azul,CAMPAIGN_02,132.000000000,134.000000000,2.000000000,0.735978365,0.000000000,0.000000000
CA-C02-007-A0068,CA-C02-007,DS01,cerro_azul,CAMPAIGN_02,134.000000000,136.000000000,2.000000000,0.726171680,0.000000000,0.000000000
CA-C02-007-A0069,CA-C02-007,DS01,cerro_azul,CAMPAIGN_02,136.000000000,138.000000000,2.000000000,0.712603940,0.000000000,0.000000000
CA-C02-007-A0070,CA-C02-007,DS01,cerro_azul,CAMPAIGN_02,138.000000000,140.000000000,2.000000000,0.777230946,0.000000000,0.000000000
CA-C02-007-A0071,CA-C02-007,DS01,cerro_azul,CAMPAIGN_02,140.000000000,142.000000000,2.000000000,0.768173897,0.000000000,0.000000000
CA-C02-007-A0072,CA-C02-007,DS01,cerro_azul,CAMPAIGN_02,142.000000000,144.000000000,2.000000000,0.776782391,0.000000000,0.000000000
CA-C02-007-A0073,CA-C02-007,DS01,cerro_azul,CAMPAIGN_02,144.000000000,146.000000000,2.000000000,0.749362548,0.000000000,0.000000000
CA-C02-007-A0074,CA-C02-007,DS01,cerro_azul,CAMPAIGN_02,146.000000000,148.000000000,2.000000000,0.764586017,0.000000000,0.000000000
CA-C02-007-A0075,CA-C02-007,DS01,cerro_azul,CAMPAIGN_02,148.000000000,150.000000000,2.000000000,0.768384959,0.000000000,0.000000000
CA-C02-007-A0076,CA-C02-007,DS01,cerro_azul,CAMPAIGN_02,150.000000000,152.000000000,2.000000000,0.756434513,0.000000000,0.000000000
CA-C02-007-A0077,CA-C02-007,DS01,cerro_azul,CAMPAIGN_02,152.000000000,154.000000000,2.000000000,0.816463494,0.000000000,0.000000000
CA-C02-007-A0078,CA-C02-007,DS01,cerro_azul,CAMPAIGN_02,154.000000000,156.000000000,2.000000000,0.867566399,0.000000000,0.000000000
CA-C02-007-A0079,CA-C02-007,DS01,cerro_azul,CAMPAIGN_02,156.000000000,158.000000000,2.000000000,0.889991820,0.000000000,0.000000000
CA-C02-007-A0080,CA-C02-007,DS01,cerro_azul,CAMPAIGN_02,158.000000000,160.000000000,2.000000000,0.793326843,0.000000000,0.000000000
CA-C02-007-A0081,CA-C02-007,DS01,cerro_azul,CAMPAIGN_02,160.000000000,162.000000000,2.000000000,0.892534547,0.000000000,0.000000000
CA-C02-007-A0082,CA-C02-007,DS01,cerro_azul,CAMPAIGN_02,162.000000000,164.000000000,2.000000000,0.882060544,0.000000000,0.000000000
CA-C02-007-A0083,CA-C02-007,DS01,cerro_azul,CAMPAIGN_02,164.000000000,166.000000000,2.000000000,0.882084027,0.000000000,0.000000000
CA-C02-007-A0084,CA-C02-007,DS01,cerro_azul,CAMPAIGN_02,166.000000000,168.000000000,2.000000000,0.886877071,0.000000000,0.000000000
CA-C02-007-A0085,CA-C02-007,DS01,cerro_azul,CAMPAIGN_02,168.000000000,170.000000000,2.000000000,0.932147789,0.000000000,0.000000000
CA-C02-007-A0086,CA-C02-007,DS01,cerro_azul,CAMPAIGN_02,170.000000000,172.000000000,2.000000000,0.948739534,0.000000000,0.000000000
CA-C02-007-A0087,CA-C02-007,DS01,cerro_azul,CAMPAIGN_02,172.000000000,174.000000000,2.000000000,0.943429392,0.000000000,0.000000000
CA-C02-007-A0088,CA-C02-007,DS01,cerro_azul,CAMPAIGN_02,174.000000000,176.000000000,2.000000000,0.876932226,0.000000000,0.000000000
CA-C02-007-A0089,CA-C02-007,DS01,cerro_azul,CAMPAIGN_02,176.000000000,178.000000000,2.000000000,0.979290292,0.000000000,0.000000000
CA-C02-007-A0090,CA-C02-007,DS01,cerro_azul,CAMPAIGN_02,178.000000000,180.000000000,2.000000000,0.922121799,0.000000000,0.000000000
CA-C02-007-A0091,CA-C02-007,DS01,cerro_azul,CAMPAIGN_02,180.000000000,182.000000000,2.000000000,0.892017833,0.000000000,0.000000000
CA-C02-007-A0092,CA-C02-007,DS01,cerro_azul,CAMPAIGN_02,182.000000000,184.000000000,2.000000000,0.924450053,0.000000000,0.000000000
CA-C02-007-A0093,CA-C02-007,DS01,cerro_azul,CAMPAIGN_02,184.000000000,186.000000000,2.000000000,0.924130728,0.000000000,0.000000000
CA-C02-007-A0094,CA-C02-007,DS01,cerro_azul,CAMPAIGN_02,186.000000000,188.000000000,2.000000000,0.927035882,0.000000000,0.000000000
CA-C02-007-A0095,CA-C02-007,DS01,cerro_azul,CAMPAIGN_02,188.000000000,190.000000000,2.000000000,0.928751381,0.000000000,0.000000000
CA-C02-007-A0096,CA-C02-007,DS01,cerro_azul,CAMPAIGN_02,190.000000000,192.000000000,2.000000000,0.926266461,0.000000000,0.000000000
CA-C02-007-A0097,CA-C02-007,DS01,cerro_azul,CAMPAIGN_02,192.000000000,194.000000000,2.000000000,0.951216960,0.000000000,0.000000000
CA-C02-007-A0098,CA-C02-007,DS01,cerro_azul,CAMPAIGN_02,194.000000000,196.000000000,2.000000000,0.944798491,0.000000000,0.000000000
CA-C02-007-A0099,CA-C02-007,DS01,cerro_azul,CAMPAIGN_02,196.000000000,198.000000000,2.000000000,0.929194663,0.000000000,0.000000000
CA-C02-007-A0100,CA-C02-007,DS01,cerro_azul,CAMPAIGN_02,198.000000000,200.000000000,2.000000000,0.963267550,0.000000000,0.000000000
CA-C02-007-A0101,CA-C02-007,DS01,cerro_azul,CAMPAIGN_02,200.000000000,202.000000000,2.000000000,0.966164932,0.000000000,0.000000000
CA-C02-007-A0102,CA-C02-007,DS01,cerro_azul,CAMPAIGN_02,202.000000000,204.000000000,2.000000000,0.977792607,0.000000000,0.000000000
CA-C02-007-A0103,CA-C02-007,DS01,cerro_azul,CAMPAIGN_02,204.000000000,206.000000000,2.000000000,1.015635562,0.000000000,0.000000000
CA-C02-007-A0104,CA-C02-007,DS01,cerro_azul,CAMPAIGN_02,206.000000000,208.000000000,2.000000000,0.948326821,0.000000000,0.000000000
CA-C02-007-A0105,CA-C02-007,DS01,cerro_azul,CAMPAIGN_02,208.000000000,210.000000000,2.000000000,0.995743314,0.000000000,0.000000000
CA-C02-007-A0106,CA-C02-007,DS01,cerro_azul,CAMPAIGN_02,210.000000000,212.000000000,2.000000000,0.969149408,0.000000000,0.000000000
CA-C02-007-A0107,CA-C02-007,DS01,cerro_azul,CAMPAIGN_02,212.000000000,214.000000000,2.000000000,0.883377778,0.000000000,0.000000000
CA-C02-007-A0108,CA-C02-007,DS01,cerro_azul,CAMPAIGN_02,214.000000000,216.000000000,2.000000000,0.921863688,0.000000000,0.000000000
CA-C02-007-A0109,CA-C02-007,DS01,cerro_azul,CAMPAIGN_02,216.000000000,218.000000000,2.000000000,0.940361374,0.000000000,0.000000000
CA-C02-007-A0110,CA-C02-007,DS01,cerro_azul,CAMPAIGN_02,218.000000000,220.000000000,2.000000000,0.926328622,0.000000000,0.000000000
CA-C02-007-A0111,CA-C02-007,DS01,cerro_azul,CAMPAIGN_02,220.000000000,222.000000000,2.000000000,0.955703297,0.000000000,0.000000000
CA-C02-007-A0112,CA-C02-007,DS01,cerro_azul,CAMPAIGN_02,222.000000000,224.000000000,2.000000000,0.902648773,0.000000000,0.000000000
CA-C02-007-A0113,CA-C02-007,DS01,cerro_azul,CAMPAIGN_02,224.000000000,226.000000000,2.000000000,0.942789443,0.000000000,0.000000000
CA-C02-007-A0114,CA-C02-007,DS01,cerro_azul,CAMPAIGN_02,226.000000000,227.548160482,1.548160482,0.917355543,0.000000000,0.000000000
CA-C02-008-A0001,CA-C02-008,DS01,cerro_azul,CAMPAIGN_02,0.000000000,2.000000000,2.000000000,0.032221282,0.000000000,0.000000000
CA-C02-008-A0002,CA-C02-008,DS01,cerro_azul,CAMPAIGN_02,2.000000000,4.000000000,2.000000000,0.030480474,0.000000000,0.000000000
CA-C02-008-A0003,CA-C02-008,DS01,cerro_azul,CAMPAIGN_02,4.000000000,6.000000000,2.000000000,0.028646674,0.000000000,0.000000000
CA-C02-008-A0004,CA-C02-008,DS01,cerro_azul,CAMPAIGN_02,6.000000000,8.000000000,2.000000000,0.033721172,0.000000000,0.000000000
CA-C02-008-A0005,CA-C02-008,DS01,cerro_azul,CAMPAIGN_02,8.000000000,10.000000000,2.000000000,0.030590063,0.000000000,0.000000000
CA-C02-008-A0006,CA-C02-008,DS01,cerro_azul,CAMPAIGN_02,10.000000000,12.000000000,2.000000000,0.032783821,0.000000000,0.000000000
CA-C02-008-A0007,CA-C02-008,DS01,cerro_azul,CAMPAIGN_02,12.000000000,14.000000000,2.000000000,0.033301454,0.000000000,0.000000000
CA-C02-008-A0008,CA-C02-008,DS01,cerro_azul,CAMPAIGN_02,14.000000000,16.000000000,2.000000000,0.033129912,0.000000000,0.000000000
CA-C02-008-A0009,CA-C02-008,DS01,cerro_azul,CAMPAIGN_02,16.000000000,18.000000000,2.000000000,0.032332489,0.000000000,0.000000000
CA-C02-008-A0010,CA-C02-008,DS01,cerro_azul,CAMPAIGN_02,18.000000000,20.000000000,2.000000000,0.037211152,0.000000000,0.000000000
CA-C02-008-A0011,CA-C02-008,DS01,cerro_azul,CAMPAIGN_02,20.000000000,22.000000000,2.000000000,0.031309788,0.000000000,0.000000000
CA-C02-008-A0012,CA-C02-008,DS01,cerro_azul,CAMPAIGN_02,22.000000000,24.000000000,2.000000000,0.034574113,0.000000000,0.000000000
CA-C02-008-A0013,CA-C02-008,DS01,cerro_azul,CAMPAIGN_02,24.000000000,26.000000000,2.000000000,0.036387410,0.000000000,0.000000000
CA-C02-008-A0014,CA-C02-008,DS01,cerro_azul,CAMPAIGN_02,26.000000000,28.000000000,2.000000000,0.037994780,0.000000000,0.000000000
CA-C02-008-A0015,CA-C02-008,DS01,cerro_azul,CAMPAIGN_02,28.000000000,30.000000000,2.000000000,0.033507124,0.000000000,0.000000000
CA-C02-008-A0016,CA-C02-008,DS01,cerro_azul,CAMPAIGN_02,30.000000000,32.000000000,2.000000000,0.037519834,0.000000000,0.000000000
CA-C02-008-A0017,CA-C02-008,DS01,cerro_azul,CAMPAIGN_02,32.000000000,34.000000000,2.000000000,0.040664908,0.000000000,0.000000000
CA-C02-008-A0018,CA-C02-008,DS01,cerro_azul,CAMPAIGN_02,34.000000000,36.000000000,2.000000000,0.038073703,0.000000000,0.000000000
CA-C02-008-A0019,CA-C02-008,DS01,cerro_azul,CAMPAIGN_02,36.000000000,38.000000000,2.000000000,0.043483673,0.000000000,0.000000000
CA-C02-008-A0020,CA-C02-008,DS01,cerro_azul,CAMPAIGN_02,38.000000000,40.000000000,2.000000000,0.042582586,0.000000000,0.000000000
CA-C02-008-A0021,CA-C02-008,DS01,cerro_azul,CAMPAIGN_02,40.000000000,42.000000000,2.000000000,0.043563524,0.000000000,0.000000000
CA-C02-008-A0022,CA-C02-008,DS01,cerro_azul,CAMPAIGN_02,42.000000000,44.000000000,2.000000000,0.042524534,0.000000000,0.000000000
CA-C02-008-A0023,CA-C02-008,DS01,cerro_azul,CAMPAIGN_02,44.000000000,46.000000000,2.000000000,0.042819909,0.000000000,0.000000000
CA-C02-008-A0024,CA-C02-008,DS01,cerro_azul,CAMPAIGN_02,46.000000000,48.000000000,2.000000000,0.049678574,0.000000000,0.000000000
CA-C02-008-A0025,CA-C02-008,DS01,cerro_azul,CAMPAIGN_02,48.000000000,50.000000000,2.000000000,0.045423327,0.000000000,0.000000000
CA-C02-008-A0026,CA-C02-008,DS01,cerro_azul,CAMPAIGN_02,50.000000000,52.000000000,2.000000000,0.044622982,0.000000000,0.000000000
CA-C02-008-A0027,CA-C02-008,DS01,cerro_azul,CAMPAIGN_02,52.000000000,54.000000000,2.000000000,0.051677357,0.000000000,0.000000000
CA-C02-008-A0028,CA-C02-008,DS01,cerro_azul,CAMPAIGN_02,54.000000000,56.000000000,2.000000000,0.053095833,0.000000000,0.000000000
CA-C02-008-A0029,CA-C02-008,DS01,cerro_azul,CAMPAIGN_02,56.000000000,58.000000000,2.000000000,0.056234628,0.000000000,0.000000000
CA-C02-008-A0030,CA-C02-008,DS01,cerro_azul,CAMPAIGN_02,58.000000000,60.000000000,2.000000000,0.055672826,0.000000000,0.000000000
CA-C02-008-A0031,CA-C02-008,DS01,cerro_azul,CAMPAIGN_02,60.000000000,62.000000000,2.000000000,0.060900119,0.000000000,0.000000000
CA-C02-008-A0032,CA-C02-008,DS01,cerro_azul,CAMPAIGN_02,62.000000000,64.000000000,2.000000000,0.058986409,0.000000000,0.000000000
CA-C02-008-A0033,CA-C02-008,DS01,cerro_azul,CAMPAIGN_02,64.000000000,66.000000000,2.000000000,0.061184130,0.000000000,0.000000000
CA-C02-008-A0034,CA-C02-008,DS01,cerro_azul,CAMPAIGN_02,66.000000000,68.000000000,2.000000000,0.058163567,0.000000000,0.000000000
CA-C02-008-A0035,CA-C02-008,DS01,cerro_azul,CAMPAIGN_02,68.000000000,70.000000000,2.000000000,0.062503448,0.000000000,0.000000000
CA-C02-008-A0036,CA-C02-008,DS01,cerro_azul,CAMPAIGN_02,70.000000000,72.000000000,2.000000000,0.068599058,0.000000000,0.000000000
CA-C02-008-A0037,CA-C02-008,DS01,cerro_azul,CAMPAIGN_02,72.000000000,74.000000000,2.000000000,0.069484324,0.000000000,0.000000000
CA-C02-008-A0038,CA-C02-008,DS01,cerro_azul,CAMPAIGN_02,74.000000000,76.000000000,2.000000000,0.070049556,0.000000000,0.000000000
CA-C02-008-A0039,CA-C02-008,DS01,cerro_azul,CAMPAIGN_02,76.000000000,78.000000000,2.000000000,0.075967115,0.000000000,0.000000000
CA-C02-008-A0040,CA-C02-008,DS01,cerro_azul,CAMPAIGN_02,78.000000000,80.000000000,2.000000000,0.082857249,0.000000000,0.000000000
CA-C02-008-A0041,CA-C02-008,DS01,cerro_azul,CAMPAIGN_02,80.000000000,82.000000000,2.000000000,0.080707776,0.000000000,0.000000000
CA-C02-008-A0042,CA-C02-008,DS01,cerro_azul,CAMPAIGN_02,82.000000000,84.000000000,2.000000000,0.084802037,0.000000000,0.000000000
CA-C02-008-A0043,CA-C02-008,DS01,cerro_azul,CAMPAIGN_02,84.000000000,86.000000000,2.000000000,0.084442232,0.000000000,0.000000000
CA-C02-008-A0044,CA-C02-008,DS01,cerro_azul,CAMPAIGN_02,86.000000000,88.000000000,2.000000000,0.090813277,0.000000000,0.000000000
CA-C02-008-A0045,CA-C02-008,DS01,cerro_azul,CAMPAIGN_02,88.000000000,90.000000000,2.000000000,0.086580515,0.000000000,0.000000000
CA-C02-008-A0046,CA-C02-008,DS01,cerro_azul,CAMPAIGN_02,90.000000000,92.000000000,2.000000000,0.101953231,0.000000000,0.000000000
CA-C02-008-A0047,CA-C02-008,DS01,cerro_azul,CAMPAIGN_02,92.000000000,94.000000000,2.000000000,0.098184306,0.000000000,0.000000000
CA-C02-008-A0048,CA-C02-008,DS01,cerro_azul,CAMPAIGN_02,94.000000000,96.000000000,2.000000000,0.105789371,0.000000000,0.000000000
CA-C02-008-A0049,CA-C02-008,DS01,cerro_azul,CAMPAIGN_02,96.000000000,98.000000000,2.000000000,0.109143571,0.000000000,0.000000000
CA-C02-008-A0050,CA-C02-008,DS01,cerro_azul,CAMPAIGN_02,98.000000000,100.000000000,2.000000000,0.114955036,0.000000000,0.000000000
CA-C02-008-A0051,CA-C02-008,DS01,cerro_azul,CAMPAIGN_02,100.000000000,102.000000000,2.000000000,0.108634230,0.000000000,0.000000000
CA-C02-008-A0052,CA-C02-008,DS01,cerro_azul,CAMPAIGN_02,102.000000000,104.000000000,2.000000000,0.120114251,0.000000000,0.000000000
CA-C02-008-A0053,CA-C02-008,DS01,cerro_azul,CAMPAIGN_02,104.000000000,106.000000000,2.000000000,0.127563537,0.000000000,0.000000000
CA-C02-008-A0054,CA-C02-008,DS01,cerro_azul,CAMPAIGN_02,106.000000000,108.000000000,2.000000000,0.128427182,0.000000000,0.000000000
CA-C02-008-A0055,CA-C02-008,DS01,cerro_azul,CAMPAIGN_02,108.000000000,110.000000000,2.000000000,0.131008656,0.000000000,0.000000000
CA-C02-008-A0056,CA-C02-008,DS01,cerro_azul,CAMPAIGN_02,110.000000000,112.000000000,2.000000000,0.140264512,0.000000000,0.000000000
CA-C02-008-A0057,CA-C02-008,DS01,cerro_azul,CAMPAIGN_02,112.000000000,114.000000000,2.000000000,0.152941136,0.000000000,0.000000000
CA-C02-008-A0058,CA-C02-008,DS01,cerro_azul,CAMPAIGN_02,114.000000000,116.000000000,2.000000000,0.148635806,0.000000000,0.000000000
CA-C02-008-A0059,CA-C02-008,DS01,cerro_azul,CAMPAIGN_02,116.000000000,118.000000000,2.000000000,0.149388130,0.000000000,0.000000000
CA-C02-008-A0060,CA-C02-008,DS01,cerro_azul,CAMPAIGN_02,118.000000000,120.000000000,2.000000000,0.159096710,0.000000000,0.000000000
CA-C02-008-A0061,CA-C02-008,DS01,cerro_azul,CAMPAIGN_02,120.000000000,122.000000000,2.000000000,0.157752610,0.000000000,0.000000000
CA-C02-008-A0062,CA-C02-008,DS01,cerro_azul,CAMPAIGN_02,122.000000000,124.000000000,2.000000000,0.164488060,0.000000000,0.000000000
CA-C02-008-A0063,CA-C02-008,DS01,cerro_azul,CAMPAIGN_02,124.000000000,126.000000000,2.000000000,0.159000255,0.000000000,0.000000000
CA-C02-008-A0064,CA-C02-008,DS01,cerro_azul,CAMPAIGN_02,126.000000000,128.000000000,2.000000000,0.176115519,0.000000000,0.000000000
CA-C02-008-A0065,CA-C02-008,DS01,cerro_azul,CAMPAIGN_02,128.000000000,130.000000000,2.000000000,0.191003048,0.000000000,0.000000000
CA-C02-008-A0066,CA-C02-008,DS01,cerro_azul,CAMPAIGN_02,130.000000000,132.000000000,2.000000000,0.185600429,0.000000000,0.000000000
CA-C02-008-A0067,CA-C02-008,DS01,cerro_azul,CAMPAIGN_02,132.000000000,134.000000000,2.000000000,0.193584181,0.000000000,0.000000000
CA-C02-008-A0068,CA-C02-008,DS01,cerro_azul,CAMPAIGN_02,134.000000000,136.000000000,2.000000000,0.197234706,0.000000000,0.000000000
CA-C02-008-A0069,CA-C02-008,DS01,cerro_azul,CAMPAIGN_02,136.000000000,138.000000000,2.000000000,0.206607976,0.000000000,0.000000000
CA-C02-008-A0070,CA-C02-008,DS01,cerro_azul,CAMPAIGN_02,138.000000000,140.000000000,2.000000000,0.221027036,0.000000000,0.000000000
CA-C02-008-A0071,CA-C02-008,DS01,cerro_azul,CAMPAIGN_02,140.000000000,142.000000000,2.000000000,0.228758289,0.000000000,0.000000000
CA-C02-008-A0072,CA-C02-008,DS01,cerro_azul,CAMPAIGN_02,142.000000000,144.000000000,2.000000000,0.244075873,0.000000000,0.000000000
CA-C02-008-A0073,CA-C02-008,DS01,cerro_azul,CAMPAIGN_02,144.000000000,146.000000000,2.000000000,0.242883698,0.000000000,0.000000000
CA-C02-008-A0074,CA-C02-008,DS01,cerro_azul,CAMPAIGN_02,146.000000000,148.000000000,2.000000000,0.240510802,0.000000000,0.000000000
CA-C02-008-A0075,CA-C02-008,DS01,cerro_azul,CAMPAIGN_02,148.000000000,150.000000000,2.000000000,0.255564239,0.000000000,0.000000000
CA-C02-008-A0076,CA-C02-008,DS01,cerro_azul,CAMPAIGN_02,150.000000000,152.000000000,2.000000000,0.225586491,0.000000000,0.000000000
CA-C02-008-A0077,CA-C02-008,DS01,cerro_azul,CAMPAIGN_02,152.000000000,154.000000000,2.000000000,0.260346249,0.000000000,0.000000000
CA-C02-008-A0078,CA-C02-008,DS01,cerro_azul,CAMPAIGN_02,154.000000000,156.000000000,2.000000000,0.272740409,0.000000000,0.000000000
CA-C02-008-A0079,CA-C02-008,DS01,cerro_azul,CAMPAIGN_02,156.000000000,158.000000000,2.000000000,0.308127993,0.000000000,0.000000000
CA-C02-008-A0080,CA-C02-008,DS01,cerro_azul,CAMPAIGN_02,158.000000000,160.000000000,2.000000000,0.307825080,0.000000000,0.000000000
CA-C02-008-A0081,CA-C02-008,DS01,cerro_azul,CAMPAIGN_02,160.000000000,162.000000000,2.000000000,0.300328151,0.000000000,0.000000000
CA-C02-008-A0082,CA-C02-008,DS01,cerro_azul,CAMPAIGN_02,162.000000000,164.000000000,2.000000000,0.300073334,0.000000000,0.000000000
CA-C02-008-A0083,CA-C02-008,DS01,cerro_azul,CAMPAIGN_02,164.000000000,166.000000000,2.000000000,0.337420421,0.000000000,0.000000000
CA-C02-008-A0084,CA-C02-008,DS01,cerro_azul,CAMPAIGN_02,166.000000000,168.000000000,2.000000000,0.313973380,0.000000000,0.000000000
CA-C02-008-A0085,CA-C02-008,DS01,cerro_azul,CAMPAIGN_02,168.000000000,170.000000000,2.000000000,0.358086486,0.000000000,0.000000000
CA-C02-008-A0086,CA-C02-008,DS01,cerro_azul,CAMPAIGN_02,170.000000000,172.000000000,2.000000000,0.379606069,0.000000000,0.000000000
CA-C02-008-A0087,CA-C02-008,DS01,cerro_azul,CAMPAIGN_02,172.000000000,174.000000000,2.000000000,0.360123917,0.000000000,0.000000000
CA-C02-008-A0088,CA-C02-008,DS01,cerro_azul,CAMPAIGN_02,174.000000000,176.000000000,2.000000000,0.378325530,0.000000000,0.000000000
CA-C02-008-A0089,CA-C02-008,DS01,cerro_azul,CAMPAIGN_02,176.000000000,178.000000000,2.000000000,0.401967906,0.000000000,0.000000000
CA-C02-008-A0090,CA-C02-008,DS01,cerro_azul,CAMPAIGN_02,178.000000000,180.000000000,2.000000000,0.380384030,0.000000000,0.000000000
CA-C02-008-A0091,CA-C02-008,DS01,cerro_azul,CAMPAIGN_02,180.000000000,182.000000000,2.000000000,0.409811824,0.000000000,0.000000000
CA-C02-008-A0092,CA-C02-008,DS01,cerro_azul,CAMPAIGN_02,182.000000000,184.000000000,2.000000000,0.388849059,0.000000000,0.000000000
CA-C02-008-A0093,CA-C02-008,DS01,cerro_azul,CAMPAIGN_02,184.000000000,186.000000000,2.000000000,0.425879964,0.000000000,0.000000000
CA-C02-008-A0094,CA-C02-008,DS01,cerro_azul,CAMPAIGN_02,186.000000000,188.000000000,2.000000000,0.409856892,0.000000000,0.000000000
CA-C02-008-A0095,CA-C02-008,DS01,cerro_azul,CAMPAIGN_02,188.000000000,190.000000000,2.000000000,0.453006242,0.000000000,0.000000000
CA-C02-008-A0096,CA-C02-008,DS01,cerro_azul,CAMPAIGN_02,190.000000000,192.000000000,2.000000000,0.453286035,0.000000000,0.000000000
CA-C02-008-A0097,CA-C02-008,DS01,cerro_azul,CAMPAIGN_02,192.000000000,194.000000000,2.000000000,0.457430366,0.000000000,0.000000000
CA-C02-008-A0098,CA-C02-008,DS01,cerro_azul,CAMPAIGN_02,194.000000000,196.000000000,2.000000000,0.448132648,0.000000000,0.000000000
CA-C02-008-A0099,CA-C02-008,DS01,cerro_azul,CAMPAIGN_02,196.000000000,198.000000000,2.000000000,0.483399172,0.000000000,0.000000000
CA-C02-008-A0100,CA-C02-008,DS01,cerro_azul,CAMPAIGN_02,198.000000000,200.000000000,2.000000000,0.488914256,0.000000000,0.000000000
CA-C02-008-A0101,CA-C02-008,DS01,cerro_azul,CAMPAIGN_02,200.000000000,202.000000000,2.000000000,0.492031383,0.000000000,0.000000000
CA-C02-008-A0102,CA-C02-008,DS01,cerro_azul,CAMPAIGN_02,202.000000000,204.000000000,2.000000000,0.497481019,0.000000000,0.000000000
CA-C02-008-A0103,CA-C02-008,DS01,cerro_azul,CAMPAIGN_02,204.000000000,206.000000000,2.000000000,0.521557751,0.000000000,0.000000000
CA-C02-008-A0104,CA-C02-008,DS01,cerro_azul,CAMPAIGN_02,206.000000000,208.000000000,2.000000000,0.465359634,0.000000000,0.000000000
CA-C02-008-A0105,CA-C02-008,DS01,cerro_azul,CAMPAIGN_02,208.000000000,210.000000000,2.000000000,0.482796362,0.000000000,0.000000000
CA-C02-008-A0106,CA-C02-008,DS01,cerro_azul,CAMPAIGN_02,210.000000000,212.000000000,2.000000000,0.533144217,0.000000000,0.000000000
CA-C02-008-A0107,CA-C02-008,DS01,cerro_azul,CAMPAIGN_02,212.000000000,214.000000000,2.000000000,0.537303925,0.000000000,0.000000000
CA-C02-008-A0108,CA-C02-008,DS01,cerro_azul,CAMPAIGN_02,214.000000000,216.000000000,2.000000000,0.561332349,0.000000000,0.000000000
CA-C02-008-A0109,CA-C02-008,DS01,cerro_azul,CAMPAIGN_02,216.000000000,218.000000000,2.000000000,0.584878591,0.000000000,0.000000000
CA-C02-008-A0110,CA-C02-008,DS01,cerro_azul,CAMPAIGN_02,218.000000000,220.000000000,2.000000000,0.516151816,0.000000000,0.000000000
CA-C02-008-A0111,CA-C02-008,DS01,cerro_azul,CAMPAIGN_02,220.000000000,222.000000000,2.000000000,0.586810099,0.000000000,0.000000000
CA-C02-008-A0112,CA-C02-008,DS01,cerro_azul,CAMPAIGN_02,222.000000000,224.000000000,2.000000000,0.610085040,0.000000000,0.000000000
CA-C02-008-A0113,CA-C02-008,DS01,cerro_azul,CAMPAIGN_02,224.000000000,226.000000000,2.000000000,0.588518137,0.000000000,0.000000000
CA-C02-008-A0114,CA-C02-008,DS01,cerro_azul,CAMPAIGN_02,226.000000000,228.000000000,2.000000000,0.592784335,0.000000000,0.000000000
CA-C02-008-A0115,CA-C02-008,DS01,cerro_azul,CAMPAIGN_02,228.000000000,230.000000000,2.000000000,0.648585470,0.000000000,0.000000000
CA-C02-008-A0116,CA-C02-008,DS01,cerro_azul,CAMPAIGN_02,230.000000000,232.000000000,2.000000000,0.593805734,0.000000000,0.000000000
CA-C02-008-A0117,CA-C02-008,DS01,cerro_azul,CAMPAIGN_02,232.000000000,234.000000000,2.000000000,0.605565423,0.000000000,0.000000000
CA-C02-008-A0118,CA-C02-008,DS01,cerro_azul,CAMPAIGN_02,234.000000000,236.000000000,2.000000000,0.642662822,0.000000000,0.000000000
CA-C02-008-A0119,CA-C02-008,DS01,cerro_azul,CAMPAIGN_02,236.000000000,238.000000000,2.000000000,0.603826818,0.000000000,0.000000000
CA-C02-008-A0120,CA-C02-008,DS01,cerro_azul,CAMPAIGN_02,238.000000000,240.000000000,2.000000000,0.654839035,0.000000000,0.000000000
CA-C02-008-A0121,CA-C02-008,DS01,cerro_azul,CAMPAIGN_02,240.000000000,242.000000000,2.000000000,0.638076700,0.000000000,0.000000000
CA-C02-008-A0122,CA-C02-008,DS01,cerro_azul,CAMPAIGN_02,242.000000000,244.000000000,2.000000000,0.568417704,0.000000000,0.000000000
CA-C02-008-A0123,CA-C02-008,DS01,cerro_azul,CAMPAIGN_02,244.000000000,246.000000000,2.000000000,0.675864360,0.000000000,0.000000000
CA-C02-008-A0124,CA-C02-008,DS01,cerro_azul,CAMPAIGN_02,246.000000000,248.000000000,2.000000000,0.651640229,0.000000000,0.000000000
CA-C02-008-A0125,CA-C02-008,DS01,cerro_azul,CAMPAIGN_02,248.000000000,250.000000000,2.000000000,0.649886716,0.000000000,0.000000000
CA-C02-008-A0126,CA-C02-008,DS01,cerro_azul,CAMPAIGN_02,250.000000000,252.000000000,2.000000000,0.696289970,0.000000000,0.000000000
CA-C02-008-A0127,CA-C02-008,DS01,cerro_azul,CAMPAIGN_02,252.000000000,254.000000000,2.000000000,0.699233389,0.000000000,0.000000000
CA-C02-008-A0128,CA-C02-008,DS01,cerro_azul,CAMPAIGN_02,254.000000000,256.000000000,2.000000000,0.681651511,0.000000000,0.000000000
CA-C02-008-A0129,CA-C02-008,DS01,cerro_azul,CAMPAIGN_02,256.000000000,258.000000000,2.000000000,0.685856383,0.000000000,0.000000000
CA-C02-008-A0130,CA-C02-008,DS01,cerro_azul,CAMPAIGN_02,258.000000000,260.000000000,2.000000000,0.637681267,0.000000000,0.000000000
CA-C02-008-A0131,CA-C02-008,DS01,cerro_azul,CAMPAIGN_02,260.000000000,262.000000000,2.000000000,0.629553407,0.000000000,0.000000000
CA-C02-008-A0132,CA-C02-008,DS01,cerro_azul,CAMPAIGN_02,262.000000000,264.000000000,2.000000000,0.635515680,0.000000000,0.000000000
CA-C02-008-A0133,CA-C02-008,DS01,cerro_azul,CAMPAIGN_02,264.000000000,266.000000000,2.000000000,0.681974430,0.000000000,0.000000000
CA-C02-008-A0134,CA-C02-008,DS01,cerro_azul,CAMPAIGN_02,266.000000000,268.000000000,2.000000000,0.677224090,0.000000000,0.000000000
CA-C02-008-A0135,CA-C02-008,DS01,cerro_azul,CAMPAIGN_02,268.000000000,270.000000000,2.000000000,0.670031928,0.000000000,0.000000000
CA-C02-008-A0136,CA-C02-008,DS01,cerro_azul,CAMPAIGN_02,270.000000000,272.000000000,2.000000000,0.670557954,0.000000000,0.000000000
CA-C02-008-A0137,CA-C02-008,DS01,cerro_azul,CAMPAIGN_02,272.000000000,274.000000000,2.000000000,0.686518945,0.000000000,0.000000000
CA-C02-008-A0138,CA-C02-008,DS01,cerro_azul,CAMPAIGN_02,274.000000000,276.000000000,2.000000000,0.642182150,0.000000000,0.000000000
CA-C02-008-A0139,CA-C02-008,DS01,cerro_azul,CAMPAIGN_02,276.000000000,278.000000000,2.000000000,0.694651275,0.000000000,0.000000000
CA-C02-008-A0140,CA-C02-008,DS01,cerro_azul,CAMPAIGN_02,278.000000000,280.000000000,2.000000000,0.644512894,0.000000000,0.000000000
CA-C02-008-A0141,CA-C02-008,DS01,cerro_azul,CAMPAIGN_02,280.000000000,280.929579961,0.929579961,0.669640379,0.000000000,0.000000000
CA-C02-009-A0001,CA-C02-009,DS01,cerro_azul,CAMPAIGN_02,0.000000000,2.000000000,2.000000000,0.082449326,0.000000000,0.000000000
CA-C02-009-A0002,CA-C02-009,DS01,cerro_azul,CAMPAIGN_02,2.000000000,4.000000000,2.000000000,0.087248588,0.000000000,0.000000000
CA-C02-009-A0003,CA-C02-009,DS01,cerro_azul,CAMPAIGN_02,4.000000000,6.000000000,2.000000000,0.088514998,0.000000000,0.000000000
CA-C02-009-A0004,CA-C02-009,DS01,cerro_azul,CAMPAIGN_02,6.000000000,8.000000000,2.000000000,0.096422561,0.000000000,0.000000000
CA-C02-009-A0005,CA-C02-009,DS01,cerro_azul,CAMPAIGN_02,8.000000000,10.000000000,2.000000000,0.101360473,0.000000000,0.000000000
CA-C02-009-A0006,CA-C02-009,DS01,cerro_azul,CAMPAIGN_02,10.000000000,12.000000000,2.000000000,0.093019806,0.000000000,0.000000000
CA-C02-009-A0007,CA-C02-009,DS01,cerro_azul,CAMPAIGN_02,12.000000000,14.000000000,2.000000000,0.103418492,0.000000000,0.000000000
CA-C02-009-A0008,CA-C02-009,DS01,cerro_azul,CAMPAIGN_02,14.000000000,16.000000000,2.000000000,0.106498495,0.000000000,0.000000000
CA-C02-009-A0009,CA-C02-009,DS01,cerro_azul,CAMPAIGN_02,16.000000000,18.000000000,2.000000000,0.112174440,0.000000000,0.000000000
CA-C02-009-A0010,CA-C02-009,DS01,cerro_azul,CAMPAIGN_02,18.000000000,20.000000000,2.000000000,0.106186494,0.000000000,0.000000000
CA-C02-009-A0011,CA-C02-009,DS01,cerro_azul,CAMPAIGN_02,20.000000000,22.000000000,2.000000000,0.124513274,0.000000000,0.000000000
CA-C02-009-A0012,CA-C02-009,DS01,cerro_azul,CAMPAIGN_02,22.000000000,24.000000000,2.000000000,0.131545448,0.000000000,0.000000000
CA-C02-009-A0013,CA-C02-009,DS01,cerro_azul,CAMPAIGN_02,24.000000000,26.000000000,2.000000000,0.117591621,0.000000000,0.000000000
CA-C02-009-A0014,CA-C02-009,DS01,cerro_azul,CAMPAIGN_02,26.000000000,28.000000000,2.000000000,0.125860423,0.000000000,0.000000000
CA-C02-009-A0015,CA-C02-009,DS01,cerro_azul,CAMPAIGN_02,28.000000000,30.000000000,2.000000000,0.146633722,0.000000000,0.000000000
CA-C02-009-A0016,CA-C02-009,DS01,cerro_azul,CAMPAIGN_02,30.000000000,32.000000000,2.000000000,0.146374772,0.000000000,0.000000000
CA-C02-009-A0017,CA-C02-009,DS01,cerro_azul,CAMPAIGN_02,32.000000000,34.000000000,2.000000000,0.142175705,0.000000000,0.000000000
CA-C02-009-A0018,CA-C02-009,DS01,cerro_azul,CAMPAIGN_02,34.000000000,36.000000000,2.000000000,0.156280379,0.000000000,0.000000000
CA-C02-009-A0019,CA-C02-009,DS01,cerro_azul,CAMPAIGN_02,36.000000000,38.000000000,2.000000000,0.157582293,0.000000000,0.000000000
CA-C02-009-A0020,CA-C02-009,DS01,cerro_azul,CAMPAIGN_02,38.000000000,40.000000000,2.000000000,0.157158157,0.000000000,0.000000000
CA-C02-009-A0021,CA-C02-009,DS01,cerro_azul,CAMPAIGN_02,40.000000000,42.000000000,2.000000000,0.163538826,0.000000000,0.000000000
CA-C02-009-A0022,CA-C02-009,DS01,cerro_azul,CAMPAIGN_02,42.000000000,44.000000000,2.000000000,0.173367797,0.000000000,0.000000000
CA-C02-009-A0023,CA-C02-009,DS01,cerro_azul,CAMPAIGN_02,44.000000000,46.000000000,2.000000000,0.195570745,0.000000000,0.000000000
CA-C02-009-A0024,CA-C02-009,DS01,cerro_azul,CAMPAIGN_02,46.000000000,48.000000000,2.000000000,0.200212629,0.000000000,0.000000000
CA-C02-009-A0025,CA-C02-009,DS01,cerro_azul,CAMPAIGN_02,48.000000000,50.000000000,2.000000000,0.185903597,0.000000000,0.000000000
CA-C02-009-A0026,CA-C02-009,DS01,cerro_azul,CAMPAIGN_02,50.000000000,52.000000000,2.000000000,0.197941382,0.000000000,0.000000000
CA-C02-009-A0027,CA-C02-009,DS01,cerro_azul,CAMPAIGN_02,52.000000000,54.000000000,2.000000000,0.204593387,0.000000000,0.000000000
CA-C02-009-A0028,CA-C02-009,DS01,cerro_azul,CAMPAIGN_02,54.000000000,56.000000000,2.000000000,0.216538999,0.000000000,0.000000000
CA-C02-009-A0029,CA-C02-009,DS01,cerro_azul,CAMPAIGN_02,56.000000000,58.000000000,2.000000000,0.206575724,0.000000000,0.000000000
CA-C02-009-A0030,CA-C02-009,DS01,cerro_azul,CAMPAIGN_02,58.000000000,60.000000000,2.000000000,0.210160839,0.000000000,0.000000000
CA-C02-009-A0031,CA-C02-009,DS01,cerro_azul,CAMPAIGN_02,60.000000000,62.000000000,2.000000000,0.219551858,0.000000000,0.000000000
CA-C02-009-A0032,CA-C02-009,DS01,cerro_azul,CAMPAIGN_02,62.000000000,64.000000000,2.000000000,0.262241718,0.000000000,0.000000000
CA-C02-009-A0033,CA-C02-009,DS01,cerro_azul,CAMPAIGN_02,64.000000000,66.000000000,2.000000000,0.240570121,0.000000000,0.000000000
CA-C02-009-A0034,CA-C02-009,DS01,cerro_azul,CAMPAIGN_02,66.000000000,68.000000000,2.000000000,0.257623353,0.000000000,0.000000000
CA-C02-009-A0035,CA-C02-009,DS01,cerro_azul,CAMPAIGN_02,68.000000000,70.000000000,2.000000000,0.265462190,0.000000000,0.000000000
CA-C02-009-A0036,CA-C02-009,DS01,cerro_azul,CAMPAIGN_02,70.000000000,72.000000000,2.000000000,0.279687062,0.000000000,0.000000000
CA-C02-009-A0037,CA-C02-009,DS01,cerro_azul,CAMPAIGN_02,72.000000000,74.000000000,2.000000000,0.286680198,0.000000000,0.000000000
CA-C02-009-A0038,CA-C02-009,DS01,cerro_azul,CAMPAIGN_02,74.000000000,76.000000000,2.000000000,0.294519782,0.000000000,0.000000000
CA-C02-009-A0039,CA-C02-009,DS01,cerro_azul,CAMPAIGN_02,76.000000000,78.000000000,2.000000000,0.287721896,0.000000000,0.000000000
CA-C02-009-A0040,CA-C02-009,DS01,cerro_azul,CAMPAIGN_02,78.000000000,80.000000000,2.000000000,0.306922530,0.000000000,0.000000000
CA-C02-009-A0041,CA-C02-009,DS01,cerro_azul,CAMPAIGN_02,80.000000000,82.000000000,2.000000000,0.316903744,0.000000000,0.000000000
CA-C02-009-A0042,CA-C02-009,DS01,cerro_azul,CAMPAIGN_02,82.000000000,84.000000000,2.000000000,0.363364206,0.000000000,0.000000000
CA-C02-009-A0043,CA-C02-009,DS01,cerro_azul,CAMPAIGN_02,84.000000000,86.000000000,2.000000000,0.347002126,0.000000000,0.000000000
CA-C02-009-A0044,CA-C02-009,DS01,cerro_azul,CAMPAIGN_02,86.000000000,88.000000000,2.000000000,0.345551198,0.000000000,0.000000000
CA-C02-009-A0045,CA-C02-009,DS01,cerro_azul,CAMPAIGN_02,88.000000000,90.000000000,2.000000000,0.327744872,0.000000000,0.000000000
CA-C02-009-A0046,CA-C02-009,DS01,cerro_azul,CAMPAIGN_02,90.000000000,92.000000000,2.000000000,0.349830951,0.000000000,0.000000000
CA-C02-009-A0047,CA-C02-009,DS01,cerro_azul,CAMPAIGN_02,92.000000000,94.000000000,2.000000000,0.360877319,0.000000000,0.000000000
CA-C02-009-A0048,CA-C02-009,DS01,cerro_azul,CAMPAIGN_02,94.000000000,96.000000000,2.000000000,0.406469205,0.000000000,0.000000000
CA-C02-009-A0049,CA-C02-009,DS01,cerro_azul,CAMPAIGN_02,96.000000000,98.000000000,2.000000000,0.407825488,0.000000000,0.000000000
CA-C02-009-A0050,CA-C02-009,DS01,cerro_azul,CAMPAIGN_02,98.000000000,100.000000000,2.000000000,0.404993988,0.000000000,0.000000000
CA-C02-009-A0051,CA-C02-009,DS01,cerro_azul,CAMPAIGN_02,100.000000000,102.000000000,2.000000000,0.415579035,0.000000000,0.000000000
CA-C02-009-A0052,CA-C02-009,DS01,cerro_azul,CAMPAIGN_02,102.000000000,104.000000000,2.000000000,0.416671796,0.000000000,0.000000000
CA-C02-009-A0053,CA-C02-009,DS01,cerro_azul,CAMPAIGN_02,104.000000000,106.000000000,2.000000000,0.437943654,0.000000000,0.000000000
CA-C02-009-A0054,CA-C02-009,DS01,cerro_azul,CAMPAIGN_02,106.000000000,108.000000000,2.000000000,0.459168832,0.000000000,0.000000000
CA-C02-009-A0055,CA-C02-009,DS01,cerro_azul,CAMPAIGN_02,108.000000000,110.000000000,2.000000000,0.454126920,0.000000000,0.000000000
CA-C02-009-A0056,CA-C02-009,DS01,cerro_azul,CAMPAIGN_02,110.000000000,112.000000000,2.000000000,0.479543133,0.000000000,0.000000000
CA-C02-009-A0057,CA-C02-009,DS01,cerro_azul,CAMPAIGN_02,112.000000000,114.000000000,2.000000000,0.469861156,0.000000000,0.000000000
CA-C02-009-A0058,CA-C02-009,DS01,cerro_azul,CAMPAIGN_02,114.000000000,116.000000000,2.000000000,0.506680404,0.000000000,0.000000000
CA-C02-009-A0059,CA-C02-009,DS01,cerro_azul,CAMPAIGN_02,116.000000000,118.000000000,2.000000000,0.501530349,0.000000000,0.000000000
CA-C02-009-A0060,CA-C02-009,DS01,cerro_azul,CAMPAIGN_02,118.000000000,120.000000000,2.000000000,0.509434873,0.000000000,0.000000000
CA-C02-009-A0061,CA-C02-009,DS01,cerro_azul,CAMPAIGN_02,120.000000000,122.000000000,2.000000000,0.517412677,0.000000000,0.000000000
CA-C02-009-A0062,CA-C02-009,DS01,cerro_azul,CAMPAIGN_02,122.000000000,124.000000000,2.000000000,0.539214504,0.000000000,0.000000000
CA-C02-009-A0063,CA-C02-009,DS01,cerro_azul,CAMPAIGN_02,124.000000000,126.000000000,2.000000000,0.547096490,0.000000000,0.000000000
CA-C02-009-A0064,CA-C02-009,DS01,cerro_azul,CAMPAIGN_02,126.000000000,128.000000000,2.000000000,0.573272675,0.000000000,0.000000000
CA-C02-009-A0065,CA-C02-009,DS01,cerro_azul,CAMPAIGN_02,128.000000000,130.000000000,2.000000000,0.530043926,0.000000000,0.000000000
CA-C02-009-A0066,CA-C02-009,DS01,cerro_azul,CAMPAIGN_02,130.000000000,132.000000000,2.000000000,0.592672106,0.000000000,0.000000000
CA-C02-009-A0067,CA-C02-009,DS01,cerro_azul,CAMPAIGN_02,132.000000000,134.000000000,2.000000000,0.568204837,0.000000000,0.000000000
CA-C02-009-A0068,CA-C02-009,DS01,cerro_azul,CAMPAIGN_02,134.000000000,136.000000000,2.000000000,0.581958478,0.000000000,0.000000000
CA-C02-009-A0069,CA-C02-009,DS01,cerro_azul,CAMPAIGN_02,136.000000000,138.000000000,2.000000000,0.618711927,0.000000000,0.000000000
CA-C02-009-A0070,CA-C02-009,DS01,cerro_azul,CAMPAIGN_02,138.000000000,140.000000000,2.000000000,0.600663378,0.000000000,0.000000000
CA-C02-009-A0071,CA-C02-009,DS01,cerro_azul,CAMPAIGN_02,140.000000000,142.000000000,2.000000000,0.628120785,0.000000000,0.000000000
CA-C02-009-A0072,CA-C02-009,DS01,cerro_azul,CAMPAIGN_02,142.000000000,144.000000000,2.000000000,0.636860651,0.000000000,0.000000000
CA-C02-009-A0073,CA-C02-009,DS01,cerro_azul,CAMPAIGN_02,144.000000000,146.000000000,2.000000000,0.609833369,0.000000000,0.000000000
CA-C02-009-A0074,CA-C02-009,DS01,cerro_azul,CAMPAIGN_02,146.000000000,148.000000000,2.000000000,0.624946895,0.000000000,0.000000000
CA-C02-009-A0075,CA-C02-009,DS01,cerro_azul,CAMPAIGN_02,148.000000000,150.000000000,2.000000000,0.634471338,0.000000000,0.000000000
CA-C02-009-A0076,CA-C02-009,DS01,cerro_azul,CAMPAIGN_02,150.000000000,152.000000000,2.000000000,0.619710499,0.000000000,0.000000000
CA-C02-009-A0077,CA-C02-009,DS01,cerro_azul,CAMPAIGN_02,152.000000000,154.000000000,2.000000000,0.631525097,0.000000000,0.000000000
CA-C02-009-A0078,CA-C02-009,DS01,cerro_azul,CAMPAIGN_02,154.000000000,156.000000000,2.000000000,0.624655433,0.000000000,0.000000000
CA-C02-009-A0079,CA-C02-009,DS01,cerro_azul,CAMPAIGN_02,156.000000000,158.000000000,2.000000000,0.689018959,0.000000000,0.000000000
CA-C02-009-A0080,CA-C02-009,DS01,cerro_azul,CAMPAIGN_02,158.000000000,160.000000000,2.000000000,0.693782843,0.000000000,0.000000000
CA-C02-009-A0081,CA-C02-009,DS01,cerro_azul,CAMPAIGN_02,160.000000000,162.000000000,2.000000000,0.634255442,0.000000000,0.000000000
CA-C02-009-A0082,CA-C02-009,DS01,cerro_azul,CAMPAIGN_02,162.000000000,164.000000000,2.000000000,0.673876386,0.000000000,0.000000000
CA-C02-009-A0083,CA-C02-009,DS01,cerro_azul,CAMPAIGN_02,164.000000000,166.000000000,2.000000000,0.641289304,0.000000000,0.000000000
CA-C02-009-A0084,CA-C02-009,DS01,cerro_azul,CAMPAIGN_02,166.000000000,168.000000000,2.000000000,0.684580693,0.000000000,0.000000000
CA-C02-009-A0085,CA-C02-009,DS01,cerro_azul,CAMPAIGN_02,168.000000000,170.000000000,2.000000000,0.732596053,0.000000000,0.000000000
CA-C02-009-A0086,CA-C02-009,DS01,cerro_azul,CAMPAIGN_02,170.000000000,172.000000000,2.000000000,0.698209859,0.000000000,0.000000000
CA-C02-009-A0087,CA-C02-009,DS01,cerro_azul,CAMPAIGN_02,172.000000000,174.000000000,2.000000000,0.727012171,0.000000000,0.000000000
CA-C02-009-A0088,CA-C02-009,DS01,cerro_azul,CAMPAIGN_02,174.000000000,176.000000000,2.000000000,0.657562195,0.000000000,0.000000000
CA-C02-009-A0089,CA-C02-009,DS01,cerro_azul,CAMPAIGN_02,176.000000000,178.000000000,2.000000000,0.747112430,0.000000000,0.000000000
CA-C02-009-A0090,CA-C02-009,DS01,cerro_azul,CAMPAIGN_02,178.000000000,180.000000000,2.000000000,0.724382674,0.000000000,0.000000000
CA-C02-009-A0091,CA-C02-009,DS01,cerro_azul,CAMPAIGN_02,180.000000000,182.000000000,2.000000000,0.682790309,0.000000000,0.000000000
CA-C02-009-A0092,CA-C02-009,DS01,cerro_azul,CAMPAIGN_02,182.000000000,184.000000000,2.000000000,0.711014614,0.000000000,0.000000000
CA-C02-009-A0093,CA-C02-009,DS01,cerro_azul,CAMPAIGN_02,184.000000000,185.625590127,1.625590127,0.690015026,0.000000000,0.000000000
CA-C02-010-A0001,CA-C02-010,DS01,cerro_azul,CAMPAIGN_02,0.000000000,2.000000000,2.000000000,0.087462906,0.000000000,0.000000000
CA-C02-010-A0002,CA-C02-010,DS01,cerro_azul,CAMPAIGN_02,2.000000000,4.000000000,2.000000000,0.094368142,0.000000000,0.000000000
CA-C02-010-A0003,CA-C02-010,DS01,cerro_azul,CAMPAIGN_02,4.000000000,6.000000000,2.000000000,0.098470706,0.000000000,0.000000000
CA-C02-010-A0004,CA-C02-010,DS01,cerro_azul,CAMPAIGN_02,6.000000000,8.000000000,2.000000000,0.099276772,0.000000000,0.000000000
CA-C02-010-A0005,CA-C02-010,DS01,cerro_azul,CAMPAIGN_02,8.000000000,10.000000000,2.000000000,0.097756373,0.000000000,0.000000000
CA-C02-010-A0006,CA-C02-010,DS01,cerro_azul,CAMPAIGN_02,10.000000000,12.000000000,2.000000000,0.110090073,0.000000000,0.000000000
CA-C02-010-A0007,CA-C02-010,DS01,cerro_azul,CAMPAIGN_02,12.000000000,14.000000000,2.000000000,0.113855739,0.000000000,0.000000000
CA-C02-010-A0008,CA-C02-010,DS01,cerro_azul,CAMPAIGN_02,14.000000000,16.000000000,2.000000000,0.118455446,0.000000000,0.000000000
CA-C02-010-A0009,CA-C02-010,DS01,cerro_azul,CAMPAIGN_02,16.000000000,18.000000000,2.000000000,0.122182898,0.000000000,0.000000000
CA-C02-010-A0010,CA-C02-010,DS01,cerro_azul,CAMPAIGN_02,18.000000000,20.000000000,2.000000000,0.127804309,0.000000000,0.000000000
CA-C02-010-A0011,CA-C02-010,DS01,cerro_azul,CAMPAIGN_02,20.000000000,22.000000000,2.000000000,0.143766035,0.000000000,0.000000000
CA-C02-010-A0012,CA-C02-010,DS01,cerro_azul,CAMPAIGN_02,22.000000000,24.000000000,2.000000000,0.134006544,0.000000000,0.000000000
CA-C02-010-A0013,CA-C02-010,DS01,cerro_azul,CAMPAIGN_02,24.000000000,26.000000000,2.000000000,0.140722529,0.000000000,0.000000000
CA-C02-010-A0014,CA-C02-010,DS01,cerro_azul,CAMPAIGN_02,26.000000000,28.000000000,2.000000000,0.139308178,0.000000000,0.000000000
CA-C02-010-A0015,CA-C02-010,DS01,cerro_azul,CAMPAIGN_02,28.000000000,30.000000000,2.000000000,0.139437524,0.000000000,0.000000000
CA-C02-010-A0016,CA-C02-010,DS01,cerro_azul,CAMPAIGN_02,30.000000000,32.000000000,2.000000000,0.153624451,0.000000000,0.000000000
CA-C02-010-A0017,CA-C02-010,DS01,cerro_azul,CAMPAIGN_02,32.000000000,34.000000000,2.000000000,0.152917721,0.000000000,0.000000000
CA-C02-010-A0018,CA-C02-010,DS01,cerro_azul,CAMPAIGN_02,34.000000000,36.000000000,2.000000000,0.162699826,0.000000000,0.000000000
CA-C02-010-A0019,CA-C02-010,DS01,cerro_azul,CAMPAIGN_02,36.000000000,38.000000000,2.000000000,0.175033701,0.000000000,0.000000000
CA-C02-010-A0020,CA-C02-010,DS01,cerro_azul,CAMPAIGN_02,38.000000000,40.000000000,2.000000000,0.179193822,0.000000000,0.000000000
CA-C02-010-A0021,CA-C02-010,DS01,cerro_azul,CAMPAIGN_02,40.000000000,42.000000000,2.000000000,0.177016989,0.000000000,0.000000000
CA-C02-010-A0022,CA-C02-010,DS01,cerro_azul,CAMPAIGN_02,42.000000000,44.000000000,2.000000000,0.182758573,0.000000000,0.000000000
CA-C02-010-A0023,CA-C02-010,DS01,cerro_azul,CAMPAIGN_02,44.000000000,46.000000000,2.000000000,0.202214238,0.000000000,0.000000000
CA-C02-010-A0024,CA-C02-010,DS01,cerro_azul,CAMPAIGN_02,46.000000000,48.000000000,2.000000000,0.196060281,0.000000000,0.000000000
CA-C02-010-A0025,CA-C02-010,DS01,cerro_azul,CAMPAIGN_02,48.000000000,50.000000000,2.000000000,0.226300776,0.000000000,0.000000000
CA-C02-010-A0026,CA-C02-010,DS01,cerro_azul,CAMPAIGN_02,50.000000000,52.000000000,2.000000000,0.219207729,0.000000000,0.000000000
CA-C02-010-A0027,CA-C02-010,DS01,cerro_azul,CAMPAIGN_02,52.000000000,54.000000000,2.000000000,0.230036279,0.000000000,0.000000000
CA-C02-010-A0028,CA-C02-010,DS01,cerro_azul,CAMPAIGN_02,54.000000000,56.000000000,2.000000000,0.245266337,0.000000000,0.000000000
CA-C02-010-A0029,CA-C02-010,DS01,cerro_azul,CAMPAIGN_02,56.000000000,58.000000000,2.000000000,0.237699883,0.000000000,0.000000000
CA-C02-010-A0030,CA-C02-010,DS01,cerro_azul,CAMPAIGN_02,58.000000000,60.000000000,2.000000000,0.254286038,0.000000000,0.000000000
CA-C02-010-A0031,CA-C02-010,DS01,cerro_azul,CAMPAIGN_02,60.000000000,62.000000000,2.000000000,0.255328916,0.000000000,0.000000000
CA-C02-010-A0032,CA-C02-010,DS01,cerro_azul,CAMPAIGN_02,62.000000000,64.000000000,2.000000000,0.274217077,0.000000000,0.000000000
CA-C02-010-A0033,CA-C02-010,DS01,cerro_azul,CAMPAIGN_02,64.000000000,66.000000000,2.000000000,0.291140077,0.000000000,0.000000000
CA-C02-010-A0034,CA-C02-010,DS01,cerro_azul,CAMPAIGN_02,66.000000000,68.000000000,2.000000000,0.283173894,0.000000000,0.000000000
CA-C02-010-A0035,CA-C02-010,DS01,cerro_azul,CAMPAIGN_02,68.000000000,70.000000000,2.000000000,0.298705867,0.000000000,0.000000000
CA-C02-010-A0036,CA-C02-010,DS01,cerro_azul,CAMPAIGN_02,70.000000000,72.000000000,2.000000000,0.299005108,0.000000000,0.000000000
CA-C02-010-A0037,CA-C02-010,DS01,cerro_azul,CAMPAIGN_02,72.000000000,74.000000000,2.000000000,0.323116597,0.000000000,0.000000000
CA-C02-010-A0038,CA-C02-010,DS01,cerro_azul,CAMPAIGN_02,74.000000000,76.000000000,2.000000000,0.366891333,0.000000000,0.000000000
CA-C02-010-A0039,CA-C02-010,DS01,cerro_azul,CAMPAIGN_02,76.000000000,78.000000000,2.000000000,0.315277275,0.000000000,0.000000000
CA-C02-010-A0040,CA-C02-010,DS01,cerro_azul,CAMPAIGN_02,78.000000000,80.000000000,2.000000000,0.354976834,0.000000000,0.000000000
CA-C02-010-A0041,CA-C02-010,DS01,cerro_azul,CAMPAIGN_02,80.000000000,82.000000000,2.000000000,0.386017028,0.000000000,0.000000000
CA-C02-010-A0042,CA-C02-010,DS01,cerro_azul,CAMPAIGN_02,82.000000000,84.000000000,2.000000000,0.365572564,0.000000000,0.000000000
CA-C02-010-A0043,CA-C02-010,DS01,cerro_azul,CAMPAIGN_02,84.000000000,86.000000000,2.000000000,0.387449963,0.000000000,0.000000000
CA-C02-010-A0044,CA-C02-010,DS01,cerro_azul,CAMPAIGN_02,86.000000000,88.000000000,2.000000000,0.371152138,0.000000000,0.000000000
CA-C02-010-A0045,CA-C02-010,DS01,cerro_azul,CAMPAIGN_02,88.000000000,90.000000000,2.000000000,0.387621123,0.000000000,0.000000000
CA-C02-010-A0046,CA-C02-010,DS01,cerro_azul,CAMPAIGN_02,90.000000000,92.000000000,2.000000000,0.413188454,0.000000000,0.000000000
CA-C02-010-A0047,CA-C02-010,DS01,cerro_azul,CAMPAIGN_02,92.000000000,94.000000000,2.000000000,0.401317460,0.000000000,0.000000000
CA-C02-010-A0048,CA-C02-010,DS01,cerro_azul,CAMPAIGN_02,94.000000000,96.000000000,2.000000000,0.457746150,0.000000000,0.000000000
CA-C02-010-A0049,CA-C02-010,DS01,cerro_azul,CAMPAIGN_02,96.000000000,98.000000000,2.000000000,0.468682335,0.000000000,0.000000000
CA-C02-010-A0050,CA-C02-010,DS01,cerro_azul,CAMPAIGN_02,98.000000000,100.000000000,2.000000000,0.416629646,0.000000000,0.000000000
CA-C02-010-A0051,CA-C02-010,DS01,cerro_azul,CAMPAIGN_02,100.000000000,102.000000000,2.000000000,0.500586556,0.000000000,0.000000000
CA-C02-010-A0052,CA-C02-010,DS01,cerro_azul,CAMPAIGN_02,102.000000000,104.000000000,2.000000000,0.509868370,0.000000000,0.000000000
CA-C02-010-A0053,CA-C02-010,DS01,cerro_azul,CAMPAIGN_02,104.000000000,106.000000000,2.000000000,0.500829418,0.000000000,0.000000000
CA-C02-010-A0054,CA-C02-010,DS01,cerro_azul,CAMPAIGN_02,106.000000000,108.000000000,2.000000000,0.480658634,0.000000000,0.000000000
CA-C02-010-A0055,CA-C02-010,DS01,cerro_azul,CAMPAIGN_02,108.000000000,110.000000000,2.000000000,0.499096573,0.000000000,0.000000000
CA-C02-010-A0056,CA-C02-010,DS01,cerro_azul,CAMPAIGN_02,110.000000000,112.000000000,2.000000000,0.493247879,0.000000000,0.000000000
CA-C02-010-A0057,CA-C02-010,DS01,cerro_azul,CAMPAIGN_02,112.000000000,114.000000000,2.000000000,0.502211595,0.000000000,0.000000000
CA-C02-010-A0058,CA-C02-010,DS01,cerro_azul,CAMPAIGN_02,114.000000000,116.000000000,2.000000000,0.539035016,0.000000000,0.000000000
CA-C02-010-A0059,CA-C02-010,DS01,cerro_azul,CAMPAIGN_02,116.000000000,118.000000000,2.000000000,0.589597981,0.000000000,0.000000000
CA-C02-010-A0060,CA-C02-010,DS01,cerro_azul,CAMPAIGN_02,118.000000000,120.000000000,2.000000000,0.578438549,0.000000000,0.000000000
CA-C02-010-A0061,CA-C02-010,DS01,cerro_azul,CAMPAIGN_02,120.000000000,122.000000000,2.000000000,0.606641234,0.000000000,0.000000000
CA-C02-010-A0062,CA-C02-010,DS01,cerro_azul,CAMPAIGN_02,122.000000000,124.000000000,2.000000000,0.569539960,0.000000000,0.000000000
CA-C02-010-A0063,CA-C02-010,DS01,cerro_azul,CAMPAIGN_02,124.000000000,126.000000000,2.000000000,0.648341464,0.000000000,0.000000000
CA-C02-010-A0064,CA-C02-010,DS01,cerro_azul,CAMPAIGN_02,126.000000000,128.000000000,2.000000000,0.623501196,0.000000000,0.000000000
CA-C02-010-A0065,CA-C02-010,DS01,cerro_azul,CAMPAIGN_02,128.000000000,130.000000000,2.000000000,0.578058999,0.000000000,0.000000000
CA-C02-010-A0066,CA-C02-010,DS01,cerro_azul,CAMPAIGN_02,130.000000000,132.000000000,2.000000000,0.592009572,0.000000000,0.000000000
CA-C02-010-A0067,CA-C02-010,DS01,cerro_azul,CAMPAIGN_02,132.000000000,134.000000000,2.000000000,0.644880823,0.000000000,0.000000000
CA-C02-010-A0068,CA-C02-010,DS01,cerro_azul,CAMPAIGN_02,134.000000000,136.000000000,2.000000000,0.616997757,0.000000000,0.000000000
CA-C02-010-A0069,CA-C02-010,DS01,cerro_azul,CAMPAIGN_02,136.000000000,138.000000000,2.000000000,0.593047008,0.000000000,0.000000000
CA-C02-010-A0070,CA-C02-010,DS01,cerro_azul,CAMPAIGN_02,138.000000000,140.000000000,2.000000000,0.678471951,0.000000000,0.000000000
CA-C02-010-A0071,CA-C02-010,DS01,cerro_azul,CAMPAIGN_02,140.000000000,142.000000000,2.000000000,0.691149263,0.000000000,0.000000000
CA-C02-010-A0072,CA-C02-010,DS01,cerro_azul,CAMPAIGN_02,142.000000000,144.000000000,2.000000000,0.675378648,0.000000000,0.000000000
CA-C02-010-A0073,CA-C02-010,DS01,cerro_azul,CAMPAIGN_02,144.000000000,146.000000000,2.000000000,0.691766551,0.000000000,0.000000000
CA-C02-010-A0074,CA-C02-010,DS01,cerro_azul,CAMPAIGN_02,146.000000000,148.000000000,2.000000000,0.657477456,0.000000000,0.000000000
CA-C02-010-A0075,CA-C02-010,DS01,cerro_azul,CAMPAIGN_02,148.000000000,150.000000000,2.000000000,0.747058313,0.000000000,0.000000000
CA-C02-010-A0076,CA-C02-010,DS01,cerro_azul,CAMPAIGN_02,150.000000000,152.000000000,2.000000000,0.730368281,0.000000000,0.000000000
CA-C02-010-A0077,CA-C02-010,DS01,cerro_azul,CAMPAIGN_02,152.000000000,154.000000000,2.000000000,0.704028672,0.000000000,0.000000000
CA-C02-010-A0078,CA-C02-010,DS01,cerro_azul,CAMPAIGN_02,154.000000000,156.000000000,2.000000000,0.744483579,0.000000000,0.000000000
CA-C02-010-A0079,CA-C02-010,DS01,cerro_azul,CAMPAIGN_02,156.000000000,158.000000000,2.000000000,0.791429419,0.000000000,0.000000000
CA-C02-010-A0080,CA-C02-010,DS01,cerro_azul,CAMPAIGN_02,158.000000000,160.000000000,2.000000000,0.784044453,0.000000000,0.000000000
CA-C02-010-A0081,CA-C02-010,DS01,cerro_azul,CAMPAIGN_02,160.000000000,162.000000000,2.000000000,0.759392465,0.000000000,0.000000000
CA-C02-010-A0082,CA-C02-010,DS01,cerro_azul,CAMPAIGN_02,162.000000000,164.000000000,2.000000000,0.762243590,0.000000000,0.000000000
CA-C02-010-A0083,CA-C02-010,DS01,cerro_azul,CAMPAIGN_02,164.000000000,166.000000000,2.000000000,0.746800646,0.000000000,0.000000000
CA-C02-010-A0084,CA-C02-010,DS01,cerro_azul,CAMPAIGN_02,166.000000000,168.000000000,2.000000000,0.819179362,0.000000000,0.000000000
CA-C02-010-A0085,CA-C02-010,DS01,cerro_azul,CAMPAIGN_02,168.000000000,170.000000000,2.000000000,0.737157522,0.000000000,0.000000000
CA-C02-010-A0086,CA-C02-010,DS01,cerro_azul,CAMPAIGN_02,170.000000000,172.000000000,2.000000000,0.700526537,0.000000000,0.000000000
CA-C02-010-A0087,CA-C02-010,DS01,cerro_azul,CAMPAIGN_02,172.000000000,174.000000000,2.000000000,0.741963419,0.000000000,0.000000000
CA-C02-010-A0088,CA-C02-010,DS01,cerro_azul,CAMPAIGN_02,174.000000000,176.000000000,2.000000000,0.823350866,0.000000000,0.000000000
CA-C02-010-A0089,CA-C02-010,DS01,cerro_azul,CAMPAIGN_02,176.000000000,178.000000000,2.000000000,0.804318038,0.000000000,0.000000000
CA-C02-010-A0090,CA-C02-010,DS01,cerro_azul,CAMPAIGN_02,178.000000000,180.000000000,2.000000000,0.746292695,0.000000000,0.000000000
CA-C02-010-A0091,CA-C02-010,DS01,cerro_azul,CAMPAIGN_02,180.000000000,182.000000000,2.000000000,0.794355996,0.000000000,0.000000000
CA-C02-010-A0092,CA-C02-010,DS01,cerro_azul,CAMPAIGN_02,182.000000000,184.000000000,2.000000000,0.778991259,0.000000000,0.000000000
CA-C02-010-A0093,CA-C02-010,DS01,cerro_azul,CAMPAIGN_02,184.000000000,186.000000000,2.000000000,0.799440960,0.000000000,0.000000000
CA-C02-010-A0094,CA-C02-010,DS01,cerro_azul,CAMPAIGN_02,186.000000000,188.000000000,2.000000000,0.738243928,0.000000000,0.000000000
CA-C02-010-A0095,CA-C02-010,DS01,cerro_azul,CAMPAIGN_02,188.000000000,190.000000000,2.000000000,0.783196417,0.000000000,0.000000000
CA-C02-010-A0096,CA-C02-010,DS01,cerro_azul,CAMPAIGN_02,190.000000000,192.000000000,2.000000000,0.809816622,0.000000000,0.000000000
CA-C02-010-A0097,CA-C02-010,DS01,cerro_azul,CAMPAIGN_02,192.000000000,194.000000000,2.000000000,0.786081455,0.000000000,0.000000000
CA-C02-010-A0098,CA-C02-010,DS01,cerro_azul,CAMPAIGN_02,194.000000000,196.000000000,2.000000000,0.787142785,0.000000000,0.000000000
CA-C02-010-A0099,CA-C02-010,DS01,cerro_azul,CAMPAIGN_02,196.000000000,198.000000000,2.000000000,0.757064135,0.000000000,0.000000000
CA-C02-010-A0100,CA-C02-010,DS01,cerro_azul,CAMPAIGN_02,198.000000000,198.134634094,0.134634094,0.716359742,0.000000000,0.000000000
CA-C02-011-A0001,CA-C02-011,DS01,cerro_azul,CAMPAIGN_02,0.000000000,2.000000000,2.000000000,0.045567062,0.000000000,0.000000000
CA-C02-011-A0002,CA-C02-011,DS01,cerro_azul,CAMPAIGN_02,2.000000000,4.000000000,2.000000000,0.049093267,0.000000000,0.000000000
CA-C02-011-A0003,CA-C02-011,DS01,cerro_azul,CAMPAIGN_02,4.000000000,6.000000000,2.000000000,0.046916146,0.000000000,0.000000000
CA-C02-011-A0004,CA-C02-011,DS01,cerro_azul,CAMPAIGN_02,6.000000000,8.000000000,2.000000000,0.057066976,0.000000000,0.000000000
CA-C02-011-A0005,CA-C02-011,DS01,cerro_azul,CAMPAIGN_02,8.000000000,10.000000000,2.000000000,0.047618732,0.000000000,0.000000000
CA-C02-011-A0006,CA-C02-011,DS01,cerro_azul,CAMPAIGN_02,10.000000000,12.000000000,2.000000000,0.053965453,0.000000000,0.000000000
CA-C02-011-A0007,CA-C02-011,DS01,cerro_azul,CAMPAIGN_02,12.000000000,14.000000000,2.000000000,0.056634276,0.000000000,0.000000000
CA-C02-011-A0008,CA-C02-011,DS01,cerro_azul,CAMPAIGN_02,14.000000000,16.000000000,2.000000000,0.054059602,0.000000000,0.000000000
CA-C02-011-A0009,CA-C02-011,DS01,cerro_azul,CAMPAIGN_02,16.000000000,18.000000000,2.000000000,0.058596256,0.000000000,0.000000000
CA-C02-011-A0010,CA-C02-011,DS01,cerro_azul,CAMPAIGN_02,18.000000000,20.000000000,2.000000000,0.062241003,0.000000000,0.000000000
CA-C02-011-A0011,CA-C02-011,DS01,cerro_azul,CAMPAIGN_02,20.000000000,22.000000000,2.000000000,0.063259662,0.000000000,0.000000000
CA-C02-011-A0012,CA-C02-011,DS01,cerro_azul,CAMPAIGN_02,22.000000000,24.000000000,2.000000000,0.066748326,0.000000000,0.000000000
CA-C02-011-A0013,CA-C02-011,DS01,cerro_azul,CAMPAIGN_02,24.000000000,26.000000000,2.000000000,0.069063417,0.000000000,0.000000000
CA-C02-011-A0014,CA-C02-011,DS01,cerro_azul,CAMPAIGN_02,26.000000000,28.000000000,2.000000000,0.068003866,0.000000000,0.000000000
CA-C02-011-A0015,CA-C02-011,DS01,cerro_azul,CAMPAIGN_02,28.000000000,30.000000000,2.000000000,0.075491106,0.000000000,0.000000000
CA-C02-011-A0016,CA-C02-011,DS01,cerro_azul,CAMPAIGN_02,30.000000000,32.000000000,2.000000000,0.072589972,0.000000000,0.000000000
CA-C02-011-A0017,CA-C02-011,DS01,cerro_azul,CAMPAIGN_02,32.000000000,34.000000000,2.000000000,0.081788203,0.000000000,0.000000000
CA-C02-011-A0018,CA-C02-011,DS01,cerro_azul,CAMPAIGN_02,34.000000000,36.000000000,2.000000000,0.089290479,0.000000000,0.000000000
CA-C02-011-A0019,CA-C02-011,DS01,cerro_azul,CAMPAIGN_02,36.000000000,38.000000000,2.000000000,0.084618003,0.000000000,0.000000000
CA-C02-011-A0020,CA-C02-011,DS01,cerro_azul,CAMPAIGN_02,38.000000000,40.000000000,2.000000000,0.079243720,0.000000000,0.000000000
CA-C02-011-A0021,CA-C02-011,DS01,cerro_azul,CAMPAIGN_02,40.000000000,42.000000000,2.000000000,0.089199922,0.000000000,0.000000000
CA-C02-011-A0022,CA-C02-011,DS01,cerro_azul,CAMPAIGN_02,42.000000000,44.000000000,2.000000000,0.096155211,0.000000000,0.000000000
CA-C02-011-A0023,CA-C02-011,DS01,cerro_azul,CAMPAIGN_02,44.000000000,46.000000000,2.000000000,0.087638450,0.000000000,0.000000000
CA-C02-011-A0024,CA-C02-011,DS01,cerro_azul,CAMPAIGN_02,46.000000000,48.000000000,2.000000000,0.096362717,0.000000000,0.000000000
CA-C02-011-A0025,CA-C02-011,DS01,cerro_azul,CAMPAIGN_02,48.000000000,50.000000000,2.000000000,0.107556236,0.000000000,0.000000000
CA-C02-011-A0026,CA-C02-011,DS01,cerro_azul,CAMPAIGN_02,50.000000000,52.000000000,2.000000000,0.106555034,0.000000000,0.000000000
CA-C02-011-A0027,CA-C02-011,DS01,cerro_azul,CAMPAIGN_02,52.000000000,54.000000000,2.000000000,0.113842029,0.000000000,0.000000000
CA-C02-011-A0028,CA-C02-011,DS01,cerro_azul,CAMPAIGN_02,54.000000000,56.000000000,2.000000000,0.122214287,0.000000000,0.000000000
CA-C02-011-A0029,CA-C02-011,DS01,cerro_azul,CAMPAIGN_02,56.000000000,58.000000000,2.000000000,0.119666135,0.000000000,0.000000000
CA-C02-011-A0030,CA-C02-011,DS01,cerro_azul,CAMPAIGN_02,58.000000000,60.000000000,2.000000000,0.128878941,0.000000000,0.000000000
CA-C02-011-A0031,CA-C02-011,DS01,cerro_azul,CAMPAIGN_02,60.000000000,62.000000000,2.000000000,0.120256265,0.000000000,0.000000000
CA-C02-011-A0032,CA-C02-011,DS01,cerro_azul,CAMPAIGN_02,62.000000000,64.000000000,2.000000000,0.142557087,0.000000000,0.000000000
CA-C02-011-A0033,CA-C02-011,DS01,cerro_azul,CAMPAIGN_02,64.000000000,66.000000000,2.000000000,0.145820825,0.000000000,0.000000000
CA-C02-011-A0034,CA-C02-011,DS01,cerro_azul,CAMPAIGN_02,66.000000000,68.000000000,2.000000000,0.134507064,0.000000000,0.000000000
CA-C02-011-A0035,CA-C02-011,DS01,cerro_azul,CAMPAIGN_02,68.000000000,70.000000000,2.000000000,0.148264709,0.000000000,0.000000000
CA-C02-011-A0036,CA-C02-011,DS01,cerro_azul,CAMPAIGN_02,70.000000000,72.000000000,2.000000000,0.151002281,0.000000000,0.000000000
CA-C02-011-A0037,CA-C02-011,DS01,cerro_azul,CAMPAIGN_02,72.000000000,74.000000000,2.000000000,0.159903593,0.000000000,0.000000000
CA-C02-011-A0038,CA-C02-011,DS01,cerro_azul,CAMPAIGN_02,74.000000000,76.000000000,2.000000000,0.165936147,0.000000000,0.000000000
CA-C02-011-A0039,CA-C02-011,DS01,cerro_azul,CAMPAIGN_02,76.000000000,78.000000000,2.000000000,0.180925076,0.000000000,0.000000000
CA-C02-011-A0040,CA-C02-011,DS01,cerro_azul,CAMPAIGN_02,78.000000000,80.000000000,2.000000000,0.181691859,0.000000000,0.000000000
CA-C02-011-A0041,CA-C02-011,DS01,cerro_azul,CAMPAIGN_02,80.000000000,82.000000000,2.000000000,0.188603665,0.000000000,0.000000000
CA-C02-011-A0042,CA-C02-011,DS01,cerro_azul,CAMPAIGN_02,82.000000000,84.000000000,2.000000000,0.190692340,0.000000000,0.000000000
CA-C02-011-A0043,CA-C02-011,DS01,cerro_azul,CAMPAIGN_02,84.000000000,86.000000000,2.000000000,0.190202205,0.000000000,0.000000000
CA-C02-011-A0044,CA-C02-011,DS01,cerro_azul,CAMPAIGN_02,86.000000000,88.000000000,2.000000000,0.197859148,0.000000000,0.000000000
CA-C02-011-A0045,CA-C02-011,DS01,cerro_azul,CAMPAIGN_02,88.000000000,90.000000000,2.000000000,0.213677051,0.000000000,0.000000000
CA-C02-011-A0046,CA-C02-011,DS01,cerro_azul,CAMPAIGN_02,90.000000000,92.000000000,2.000000000,0.223840841,0.000000000,0.000000000
CA-C02-011-A0047,CA-C02-011,DS01,cerro_azul,CAMPAIGN_02,92.000000000,94.000000000,2.000000000,0.217507231,0.000000000,0.000000000
CA-C02-011-A0048,CA-C02-011,DS01,cerro_azul,CAMPAIGN_02,94.000000000,96.000000000,2.000000000,0.239927465,0.000000000,0.000000000
CA-C02-011-A0049,CA-C02-011,DS01,cerro_azul,CAMPAIGN_02,96.000000000,98.000000000,2.000000000,0.246564899,0.000000000,0.000000000
CA-C02-011-A0050,CA-C02-011,DS01,cerro_azul,CAMPAIGN_02,98.000000000,100.000000000,2.000000000,0.249587295,0.000000000,0.000000000
CA-C02-011-A0051,CA-C02-011,DS01,cerro_azul,CAMPAIGN_02,100.000000000,102.000000000,2.000000000,0.270100484,0.000000000,0.000000000
CA-C02-011-A0052,CA-C02-011,DS01,cerro_azul,CAMPAIGN_02,102.000000000,104.000000000,2.000000000,0.274193749,0.000000000,0.000000000
CA-C02-011-A0053,CA-C02-011,DS01,cerro_azul,CAMPAIGN_02,104.000000000,106.000000000,2.000000000,0.311141655,0.000000000,0.000000000
CA-C02-011-A0054,CA-C02-011,DS01,cerro_azul,CAMPAIGN_02,106.000000000,108.000000000,2.000000000,0.295181134,0.000000000,0.000000000
CA-C02-011-A0055,CA-C02-011,DS01,cerro_azul,CAMPAIGN_02,108.000000000,110.000000000,2.000000000,0.314551473,0.000000000,0.000000000
CA-C02-011-A0056,CA-C02-011,DS01,cerro_azul,CAMPAIGN_02,110.000000000,112.000000000,2.000000000,0.306799699,0.000000000,0.000000000
CA-C02-011-A0057,CA-C02-011,DS01,cerro_azul,CAMPAIGN_02,112.000000000,114.000000000,2.000000000,0.305480249,0.000000000,0.000000000
CA-C02-011-A0058,CA-C02-011,DS01,cerro_azul,CAMPAIGN_02,114.000000000,116.000000000,2.000000000,0.316659311,0.000000000,0.000000000
CA-C02-011-A0059,CA-C02-011,DS01,cerro_azul,CAMPAIGN_02,116.000000000,118.000000000,2.000000000,0.325489243,0.000000000,0.000000000
CA-C02-011-A0060,CA-C02-011,DS01,cerro_azul,CAMPAIGN_02,118.000000000,120.000000000,2.000000000,0.328615048,0.000000000,0.000000000
CA-C02-011-A0061,CA-C02-011,DS01,cerro_azul,CAMPAIGN_02,120.000000000,122.000000000,2.000000000,0.356980551,0.000000000,0.000000000
CA-C02-011-A0062,CA-C02-011,DS01,cerro_azul,CAMPAIGN_02,122.000000000,124.000000000,2.000000000,0.375496919,0.000000000,0.000000000
CA-C02-011-A0063,CA-C02-011,DS01,cerro_azul,CAMPAIGN_02,124.000000000,126.000000000,2.000000000,0.386628798,0.000000000,0.000000000
CA-C02-011-A0064,CA-C02-011,DS01,cerro_azul,CAMPAIGN_02,126.000000000,128.000000000,2.000000000,0.402323811,0.000000000,0.000000000
CA-C02-011-A0065,CA-C02-011,DS01,cerro_azul,CAMPAIGN_02,128.000000000,130.000000000,2.000000000,0.389081740,0.000000000,0.000000000
CA-C02-011-A0066,CA-C02-011,DS01,cerro_azul,CAMPAIGN_02,130.000000000,132.000000000,2.000000000,0.394560321,0.000000000,0.000000000
CA-C02-011-A0067,CA-C02-011,DS01,cerro_azul,CAMPAIGN_02,132.000000000,134.000000000,2.000000000,0.406709389,0.000000000,0.000000000
CA-C02-011-A0068,CA-C02-011,DS01,cerro_azul,CAMPAIGN_02,134.000000000,136.000000000,2.000000000,0.426397001,0.000000000,0.000000000
CA-C02-011-A0069,CA-C02-011,DS01,cerro_azul,CAMPAIGN_02,136.000000000,138.000000000,2.000000000,0.422625423,0.000000000,0.000000000
CA-C02-011-A0070,CA-C02-011,DS01,cerro_azul,CAMPAIGN_02,138.000000000,140.000000000,2.000000000,0.438294424,0.000000000,0.000000000
CA-C02-011-A0071,CA-C02-011,DS01,cerro_azul,CAMPAIGN_02,140.000000000,142.000000000,2.000000000,0.451296206,0.000000000,0.000000000
CA-C02-011-A0072,CA-C02-011,DS01,cerro_azul,CAMPAIGN_02,142.000000000,144.000000000,2.000000000,0.485666547,0.000000000,0.000000000
CA-C02-011-A0073,CA-C02-011,DS01,cerro_azul,CAMPAIGN_02,144.000000000,146.000000000,2.000000000,0.503970487,0.000000000,0.000000000
CA-C02-011-A0074,CA-C02-011,DS01,cerro_azul,CAMPAIGN_02,146.000000000,148.000000000,2.000000000,0.481354742,0.000000000,0.000000000
CA-C02-011-A0075,CA-C02-011,DS01,cerro_azul,CAMPAIGN_02,148.000000000,150.000000000,2.000000000,0.479974064,0.000000000,0.000000000
CA-C02-011-A0076,CA-C02-011,DS01,cerro_azul,CAMPAIGN_02,150.000000000,152.000000000,2.000000000,0.490609436,0.000000000,0.000000000
CA-C02-011-A0077,CA-C02-011,DS01,cerro_azul,CAMPAIGN_02,152.000000000,154.000000000,2.000000000,0.509725090,0.000000000,0.000000000
CA-C02-011-A0078,CA-C02-011,DS01,cerro_azul,CAMPAIGN_02,154.000000000,156.000000000,2.000000000,0.514657967,0.000000000,0.000000000
CA-C02-011-A0079,CA-C02-011,DS01,cerro_azul,CAMPAIGN_02,156.000000000,158.000000000,2.000000000,0.510418484,0.000000000,0.000000000
CA-C02-011-A0080,CA-C02-011,DS01,cerro_azul,CAMPAIGN_02,158.000000000,160.000000000,2.000000000,0.535500068,0.000000000,0.000000000
CA-C02-011-A0081,CA-C02-011,DS01,cerro_azul,CAMPAIGN_02,160.000000000,162.000000000,2.000000000,0.562268932,0.000000000,0.000000000
CA-C02-011-A0082,CA-C02-011,DS01,cerro_azul,CAMPAIGN_02,162.000000000,164.000000000,2.000000000,0.524151925,0.000000000,0.000000000
CA-C02-011-A0083,CA-C02-011,DS01,cerro_azul,CAMPAIGN_02,164.000000000,166.000000000,2.000000000,0.604721586,0.000000000,0.000000000
CA-C02-011-A0084,CA-C02-011,DS01,cerro_azul,CAMPAIGN_02,166.000000000,168.000000000,2.000000000,0.585303403,0.000000000,0.000000000
CA-C02-011-A0085,CA-C02-011,DS01,cerro_azul,CAMPAIGN_02,168.000000000,170.000000000,2.000000000,0.582388596,0.000000000,0.000000000
CA-C02-011-A0086,CA-C02-011,DS01,cerro_azul,CAMPAIGN_02,170.000000000,172.000000000,2.000000000,0.547625213,0.000000000,0.000000000
CA-C02-011-A0087,CA-C02-011,DS01,cerro_azul,CAMPAIGN_02,172.000000000,174.000000000,2.000000000,0.599499903,0.000000000,0.000000000
CA-C02-011-A0088,CA-C02-011,DS01,cerro_azul,CAMPAIGN_02,174.000000000,176.000000000,2.000000000,0.613039889,0.000000000,0.000000000
CA-C02-011-A0089,CA-C02-011,DS01,cerro_azul,CAMPAIGN_02,176.000000000,178.000000000,2.000000000,0.592423881,0.000000000,0.000000000
CA-C02-011-A0090,CA-C02-011,DS01,cerro_azul,CAMPAIGN_02,178.000000000,180.000000000,2.000000000,0.650578815,0.000000000,0.000000000
CA-C02-011-A0091,CA-C02-011,DS01,cerro_azul,CAMPAIGN_02,180.000000000,182.000000000,2.000000000,0.671775438,0.000000000,0.000000000
CA-C02-011-A0092,CA-C02-011,DS01,cerro_azul,CAMPAIGN_02,182.000000000,184.000000000,2.000000000,0.643592283,0.000000000,0.000000000
CA-C02-011-A0093,CA-C02-011,DS01,cerro_azul,CAMPAIGN_02,184.000000000,186.000000000,2.000000000,0.666124369,0.000000000,0.000000000
CA-C02-011-A0094,CA-C02-011,DS01,cerro_azul,CAMPAIGN_02,186.000000000,188.000000000,2.000000000,0.703085062,0.000000000,0.000000000
CA-C02-011-A0095,CA-C02-011,DS01,cerro_azul,CAMPAIGN_02,188.000000000,190.000000000,2.000000000,0.643112370,0.000000000,0.000000000
CA-C02-011-A0096,CA-C02-011,DS01,cerro_azul,CAMPAIGN_02,190.000000000,192.000000000,2.000000000,0.639958761,0.000000000,0.000000000
CA-C02-011-A0097,CA-C02-011,DS01,cerro_azul,CAMPAIGN_02,192.000000000,194.000000000,2.000000000,0.692041177,0.000000000,0.000000000
CA-C02-011-A0098,CA-C02-011,DS01,cerro_azul,CAMPAIGN_02,194.000000000,196.000000000,2.000000000,0.675664829,0.000000000,0.000000000
CA-C02-011-A0099,CA-C02-011,DS01,cerro_azul,CAMPAIGN_02,196.000000000,198.000000000,2.000000000,0.672011420,0.000000000,0.000000000
CA-C02-011-A0100,CA-C02-011,DS01,cerro_azul,CAMPAIGN_02,198.000000000,200.000000000,2.000000000,0.658332568,0.000000000,0.000000000
CA-C02-011-A0101,CA-C02-011,DS01,cerro_azul,CAMPAIGN_02,200.000000000,202.000000000,2.000000000,0.655359677,0.000000000,0.000000000
CA-C02-011-A0102,CA-C02-011,DS01,cerro_azul,CAMPAIGN_02,202.000000000,204.000000000,2.000000000,0.638796821,0.000000000,0.000000000
CA-C02-011-A0103,CA-C02-011,DS01,cerro_azul,CAMPAIGN_02,204.000000000,206.000000000,2.000000000,0.728321407,0.000000000,0.000000000
CA-C02-011-A0104,CA-C02-011,DS01,cerro_azul,CAMPAIGN_02,206.000000000,208.000000000,2.000000000,0.692416795,0.000000000,0.000000000
CA-C02-011-A0105,CA-C02-011,DS01,cerro_azul,CAMPAIGN_02,208.000000000,210.000000000,2.000000000,0.724976980,0.000000000,0.000000000
CA-C02-011-A0106,CA-C02-011,DS01,cerro_azul,CAMPAIGN_02,210.000000000,212.000000000,2.000000000,0.684855397,0.000000000,0.000000000
CA-C02-011-A0107,CA-C02-011,DS01,cerro_azul,CAMPAIGN_02,212.000000000,214.000000000,2.000000000,0.667620656,0.000000000,0.000000000
CA-C02-011-A0108,CA-C02-011,DS01,cerro_azul,CAMPAIGN_02,214.000000000,216.000000000,2.000000000,0.674587617,0.000000000,0.000000000
CA-C02-011-A0109,CA-C02-011,DS01,cerro_azul,CAMPAIGN_02,216.000000000,218.000000000,2.000000000,0.675159359,0.000000000,0.000000000
CA-C02-011-A0110,CA-C02-011,DS01,cerro_azul,CAMPAIGN_02,218.000000000,220.000000000,2.000000000,0.690707702,0.000000000,0.000000000
CA-C02-011-A0111,CA-C02-011,DS01,cerro_azul,CAMPAIGN_02,220.000000000,222.000000000,2.000000000,0.697504038,0.000000000,0.000000000
CA-C02-011-A0112,CA-C02-011,DS01,cerro_azul,CAMPAIGN_02,222.000000000,224.000000000,2.000000000,0.679186975,0.000000000,0.000000000
CA-C02-011-A0113,CA-C02-011,DS01,cerro_azul,CAMPAIGN_02,224.000000000,226.000000000,2.000000000,0.727285200,0.000000000,0.000000000
CA-C02-011-A0114,CA-C02-011,DS01,cerro_azul,CAMPAIGN_02,226.000000000,228.000000000,2.000000000,0.711431135,0.000000000,0.000000000
CA-C02-011-A0115,CA-C02-011,DS01,cerro_azul,CAMPAIGN_02,228.000000000,230.000000000,2.000000000,0.653618037,0.000000000,0.000000000
CA-C02-011-A0116,CA-C02-011,DS01,cerro_azul,CAMPAIGN_02,230.000000000,230.543466170,0.543466170,0.700000077,0.000000000,0.000000000
CA-C02-012-A0001,CA-C02-012,DS01,cerro_azul,CAMPAIGN_02,0.000000000,2.000000000,2.000000000,0.029622374,0.000000000,0.000000000
CA-C02-012-A0002,CA-C02-012,DS01,cerro_azul,CAMPAIGN_02,2.000000000,4.000000000,2.000000000,0.025642220,0.000000000,0.000000000
CA-C02-012-A0003,CA-C02-012,DS01,cerro_azul,CAMPAIGN_02,4.000000000,6.000000000,2.000000000,0.027637477,0.000000000,0.000000000
CA-C02-012-A0004,CA-C02-012,DS01,cerro_azul,CAMPAIGN_02,6.000000000,8.000000000,2.000000000,0.025360422,0.000000000,0.000000000
CA-C02-012-A0005,CA-C02-012,DS01,cerro_azul,CAMPAIGN_02,8.000000000,10.000000000,2.000000000,0.026277650,0.000000000,0.000000000
CA-C02-012-A0006,CA-C02-012,DS01,cerro_azul,CAMPAIGN_02,10.000000000,12.000000000,2.000000000,0.028067256,0.000000000,0.000000000
CA-C02-012-A0007,CA-C02-012,DS01,cerro_azul,CAMPAIGN_02,12.000000000,14.000000000,2.000000000,0.028172642,0.000000000,0.000000000
CA-C02-012-A0008,CA-C02-012,DS01,cerro_azul,CAMPAIGN_02,14.000000000,16.000000000,2.000000000,0.026032460,0.000000000,0.000000000
CA-C02-012-A0009,CA-C02-012,DS01,cerro_azul,CAMPAIGN_02,16.000000000,18.000000000,2.000000000,0.025218517,0.000000000,0.000000000
CA-C02-012-A0010,CA-C02-012,DS01,cerro_azul,CAMPAIGN_02,18.000000000,20.000000000,2.000000000,0.030492555,0.000000000,0.000000000
CA-C02-012-A0011,CA-C02-012,DS01,cerro_azul,CAMPAIGN_02,20.000000000,22.000000000,2.000000000,0.028705238,0.000000000,0.000000000
CA-C02-012-A0012,CA-C02-012,DS01,cerro_azul,CAMPAIGN_02,22.000000000,24.000000000,2.000000000,0.025205317,0.000000000,0.000000000
CA-C02-012-A0013,CA-C02-012,DS01,cerro_azul,CAMPAIGN_02,24.000000000,26.000000000,2.000000000,0.029942321,0.000000000,0.000000000
CA-C02-012-A0014,CA-C02-012,DS01,cerro_azul,CAMPAIGN_02,26.000000000,28.000000000,2.000000000,0.031674946,0.000000000,0.000000000
CA-C02-012-A0015,CA-C02-012,DS01,cerro_azul,CAMPAIGN_02,28.000000000,30.000000000,2.000000000,0.032734352,0.000000000,0.000000000
CA-C02-012-A0016,CA-C02-012,DS01,cerro_azul,CAMPAIGN_02,30.000000000,32.000000000,2.000000000,0.030958080,0.000000000,0.000000000
CA-C02-012-A0017,CA-C02-012,DS01,cerro_azul,CAMPAIGN_02,32.000000000,34.000000000,2.000000000,0.030318634,0.000000000,0.000000000
CA-C02-012-A0018,CA-C02-012,DS01,cerro_azul,CAMPAIGN_02,34.000000000,36.000000000,2.000000000,0.027555373,0.000000000,0.000000000
CA-C02-012-A0019,CA-C02-012,DS01,cerro_azul,CAMPAIGN_02,36.000000000,38.000000000,2.000000000,0.029047030,0.000000000,0.000000000
CA-C02-012-A0020,CA-C02-012,DS01,cerro_azul,CAMPAIGN_02,38.000000000,40.000000000,2.000000000,0.030469974,0.000000000,0.000000000
CA-C02-012-A0021,CA-C02-012,DS01,cerro_azul,CAMPAIGN_02,40.000000000,42.000000000,2.000000000,0.031385831,0.000000000,0.000000000
CA-C02-012-A0022,CA-C02-012,DS01,cerro_azul,CAMPAIGN_02,42.000000000,44.000000000,2.000000000,0.033837995,0.000000000,0.000000000
CA-C02-012-A0023,CA-C02-012,DS01,cerro_azul,CAMPAIGN_02,44.000000000,46.000000000,2.000000000,0.032467149,0.000000000,0.000000000
CA-C02-012-A0024,CA-C02-012,DS01,cerro_azul,CAMPAIGN_02,46.000000000,48.000000000,2.000000000,0.034428817,0.000000000,0.000000000
CA-C02-012-A0025,CA-C02-012,DS01,cerro_azul,CAMPAIGN_02,48.000000000,50.000000000,2.000000000,0.035035068,0.000000000,0.000000000
CA-C02-012-A0026,CA-C02-012,DS01,cerro_azul,CAMPAIGN_02,50.000000000,52.000000000,2.000000000,0.033941234,0.000000000,0.000000000
CA-C02-012-A0027,CA-C02-012,DS01,cerro_azul,CAMPAIGN_02,52.000000000,54.000000000,2.000000000,0.035385780,0.000000000,0.000000000
CA-C02-012-A0028,CA-C02-012,DS01,cerro_azul,CAMPAIGN_02,54.000000000,56.000000000,2.000000000,0.037666162,0.000000000,0.000000000
CA-C02-012-A0029,CA-C02-012,DS01,cerro_azul,CAMPAIGN_02,56.000000000,58.000000000,2.000000000,0.036223423,0.000000000,0.000000000
CA-C02-012-A0030,CA-C02-012,DS01,cerro_azul,CAMPAIGN_02,58.000000000,60.000000000,2.000000000,0.039212694,0.000000000,0.000000000
CA-C02-012-A0031,CA-C02-012,DS01,cerro_azul,CAMPAIGN_02,60.000000000,62.000000000,2.000000000,0.036520814,0.000000000,0.000000000
CA-C02-012-A0032,CA-C02-012,DS01,cerro_azul,CAMPAIGN_02,62.000000000,64.000000000,2.000000000,0.036524541,0.000000000,0.000000000
CA-C02-012-A0033,CA-C02-012,DS01,cerro_azul,CAMPAIGN_02,64.000000000,66.000000000,2.000000000,0.037434272,0.000000000,0.000000000
CA-C02-012-A0034,CA-C02-012,DS01,cerro_azul,CAMPAIGN_02,66.000000000,68.000000000,2.000000000,0.038978526,0.000000000,0.000000000
CA-C02-012-A0035,CA-C02-012,DS01,cerro_azul,CAMPAIGN_02,68.000000000,70.000000000,2.000000000,0.040149617,0.000000000,0.000000000
CA-C02-012-A0036,CA-C02-012,DS01,cerro_azul,CAMPAIGN_02,70.000000000,72.000000000,2.000000000,0.036432370,0.000000000,0.000000000
CA-C02-012-A0037,CA-C02-012,DS01,cerro_azul,CAMPAIGN_02,72.000000000,74.000000000,2.000000000,0.041817297,0.000000000,0.000000000
CA-C02-012-A0038,CA-C02-012,DS01,cerro_azul,CAMPAIGN_02,74.000000000,76.000000000,2.000000000,0.042195561,0.000000000,0.000000000
CA-C02-012-A0039,CA-C02-012,DS01,cerro_azul,CAMPAIGN_02,76.000000000,78.000000000,2.000000000,0.043494488,0.000000000,0.000000000
CA-C02-012-A0040,CA-C02-012,DS01,cerro_azul,CAMPAIGN_02,78.000000000,80.000000000,2.000000000,0.047967786,0.000000000,0.000000000
CA-C02-012-A0041,CA-C02-012,DS01,cerro_azul,CAMPAIGN_02,80.000000000,82.000000000,2.000000000,0.045478266,0.000000000,0.000000000
CA-C02-012-A0042,CA-C02-012,DS01,cerro_azul,CAMPAIGN_02,82.000000000,84.000000000,2.000000000,0.051083231,0.000000000,0.000000000
CA-C02-012-A0043,CA-C02-012,DS01,cerro_azul,CAMPAIGN_02,84.000000000,86.000000000,2.000000000,0.053197970,0.000000000,0.000000000
CA-C02-012-A0044,CA-C02-012,DS01,cerro_azul,CAMPAIGN_02,86.000000000,88.000000000,2.000000000,0.048429699,0.000000000,0.000000000
CA-C02-012-A0045,CA-C02-012,DS01,cerro_azul,CAMPAIGN_02,88.000000000,90.000000000,2.000000000,0.056190425,0.000000000,0.000000000
CA-C02-012-A0046,CA-C02-012,DS01,cerro_azul,CAMPAIGN_02,90.000000000,92.000000000,2.000000000,0.053653200,0.000000000,0.000000000
CA-C02-012-A0047,CA-C02-012,DS01,cerro_azul,CAMPAIGN_02,92.000000000,94.000000000,2.000000000,0.062459294,0.000000000,0.000000000
CA-C02-012-A0048,CA-C02-012,DS01,cerro_azul,CAMPAIGN_02,94.000000000,96.000000000,2.000000000,0.061728427,0.000000000,0.000000000
CA-C02-012-A0049,CA-C02-012,DS01,cerro_azul,CAMPAIGN_02,96.000000000,98.000000000,2.000000000,0.058543915,0.000000000,0.000000000
CA-C02-012-A0050,CA-C02-012,DS01,cerro_azul,CAMPAIGN_02,98.000000000,100.000000000,2.000000000,0.063513758,0.000000000,0.000000000
CA-C02-012-A0051,CA-C02-012,DS01,cerro_azul,CAMPAIGN_02,100.000000000,102.000000000,2.000000000,0.064462795,0.000000000,0.000000000
CA-C02-012-A0052,CA-C02-012,DS01,cerro_azul,CAMPAIGN_02,102.000000000,104.000000000,2.000000000,0.066516108,0.000000000,0.000000000
CA-C02-012-A0053,CA-C02-012,DS01,cerro_azul,CAMPAIGN_02,104.000000000,106.000000000,2.000000000,0.070656640,0.000000000,0.000000000
CA-C02-012-A0054,CA-C02-012,DS01,cerro_azul,CAMPAIGN_02,106.000000000,108.000000000,2.000000000,0.067751671,0.000000000,0.000000000
CA-C02-012-A0055,CA-C02-012,DS01,cerro_azul,CAMPAIGN_02,108.000000000,110.000000000,2.000000000,0.078657945,0.000000000,0.000000000
CA-C02-012-A0056,CA-C02-012,DS01,cerro_azul,CAMPAIGN_02,110.000000000,112.000000000,2.000000000,0.082630971,0.000000000,0.000000000
CA-C02-012-A0057,CA-C02-012,DS01,cerro_azul,CAMPAIGN_02,112.000000000,114.000000000,2.000000000,0.079080202,0.000000000,0.000000000
CA-C02-012-A0058,CA-C02-012,DS01,cerro_azul,CAMPAIGN_02,114.000000000,116.000000000,2.000000000,0.085844919,0.000000000,0.000000000
CA-C02-012-A0059,CA-C02-012,DS01,cerro_azul,CAMPAIGN_02,116.000000000,118.000000000,2.000000000,0.083655214,0.000000000,0.000000000
CA-C02-012-A0060,CA-C02-012,DS01,cerro_azul,CAMPAIGN_02,118.000000000,120.000000000,2.000000000,0.085045881,0.000000000,0.000000000
CA-C02-012-A0061,CA-C02-012,DS01,cerro_azul,CAMPAIGN_02,120.000000000,122.000000000,2.000000000,0.087337407,0.000000000,0.000000000
CA-C02-012-A0062,CA-C02-012,DS01,cerro_azul,CAMPAIGN_02,122.000000000,124.000000000,2.000000000,0.095625535,0.000000000,0.000000000
CA-C02-012-A0063,CA-C02-012,DS01,cerro_azul,CAMPAIGN_02,124.000000000,126.000000000,2.000000000,0.092314952,0.000000000,0.000000000
CA-C02-012-A0064,CA-C02-012,DS01,cerro_azul,CAMPAIGN_02,126.000000000,128.000000000,2.000000000,0.097665837,0.000000000,0.000000000
CA-C02-012-A0065,CA-C02-012,DS01,cerro_azul,CAMPAIGN_02,128.000000000,130.000000000,2.000000000,0.105288576,0.000000000,0.000000000
CA-C02-012-A0066,CA-C02-012,DS01,cerro_azul,CAMPAIGN_02,130.000000000,132.000000000,2.000000000,0.108860130,0.000000000,0.000000000
CA-C02-012-A0067,CA-C02-012,DS01,cerro_azul,CAMPAIGN_02,132.000000000,134.000000000,2.000000000,0.115134938,0.000000000,0.000000000
CA-C02-012-A0068,CA-C02-012,DS01,cerro_azul,CAMPAIGN_02,134.000000000,136.000000000,2.000000000,0.123468571,0.000000000,0.000000000
CA-C02-012-A0069,CA-C02-012,DS01,cerro_azul,CAMPAIGN_02,136.000000000,138.000000000,2.000000000,0.120813164,0.000000000,0.000000000
CA-C02-012-A0070,CA-C02-012,DS01,cerro_azul,CAMPAIGN_02,138.000000000,140.000000000,2.000000000,0.125053109,0.000000000,0.000000000
CA-C02-012-A0071,CA-C02-012,DS01,cerro_azul,CAMPAIGN_02,140.000000000,142.000000000,2.000000000,0.125472982,0.000000000,0.000000000
CA-C02-012-A0072,CA-C02-012,DS01,cerro_azul,CAMPAIGN_02,142.000000000,144.000000000,2.000000000,0.134978389,0.000000000,0.000000000
CA-C02-012-A0073,CA-C02-012,DS01,cerro_azul,CAMPAIGN_02,144.000000000,146.000000000,2.000000000,0.132131488,0.000000000,0.000000000
CA-C02-012-A0074,CA-C02-012,DS01,cerro_azul,CAMPAIGN_02,146.000000000,148.000000000,2.000000000,0.137509982,0.000000000,0.000000000
CA-C02-012-A0075,CA-C02-012,DS01,cerro_azul,CAMPAIGN_02,148.000000000,150.000000000,2.000000000,0.154299983,0.000000000,0.000000000
CA-C02-012-A0076,CA-C02-012,DS01,cerro_azul,CAMPAIGN_02,150.000000000,152.000000000,2.000000000,0.152442662,0.000000000,0.000000000
CA-C02-012-A0077,CA-C02-012,DS01,cerro_azul,CAMPAIGN_02,152.000000000,154.000000000,2.000000000,0.152706424,0.000000000,0.000000000
CA-C02-012-A0078,CA-C02-012,DS01,cerro_azul,CAMPAIGN_02,154.000000000,156.000000000,2.000000000,0.164914745,0.000000000,0.000000000
CA-C02-012-A0079,CA-C02-012,DS01,cerro_azul,CAMPAIGN_02,156.000000000,158.000000000,2.000000000,0.178347329,0.000000000,0.000000000
CA-C02-012-A0080,CA-C02-012,DS01,cerro_azul,CAMPAIGN_02,158.000000000,160.000000000,2.000000000,0.170316983,0.000000000,0.000000000
CA-C02-012-A0081,CA-C02-012,DS01,cerro_azul,CAMPAIGN_02,160.000000000,162.000000000,2.000000000,0.180624669,0.000000000,0.000000000
CA-C02-012-A0082,CA-C02-012,DS01,cerro_azul,CAMPAIGN_02,162.000000000,164.000000000,2.000000000,0.173530491,0.000000000,0.000000000
CA-C02-012-A0083,CA-C02-012,DS01,cerro_azul,CAMPAIGN_02,164.000000000,166.000000000,2.000000000,0.204286008,0.000000000,0.000000000
CA-C02-012-A0084,CA-C02-012,DS01,cerro_azul,CAMPAIGN_02,166.000000000,168.000000000,2.000000000,0.194350641,0.000000000,0.000000000
CA-C02-012-A0085,CA-C02-012,DS01,cerro_azul,CAMPAIGN_02,168.000000000,170.000000000,2.000000000,0.193161889,0.000000000,0.000000000
CA-C02-012-A0086,CA-C02-012,DS01,cerro_azul,CAMPAIGN_02,170.000000000,172.000000000,2.000000000,0.199558138,0.000000000,0.000000000
CA-C02-012-A0087,CA-C02-012,DS01,cerro_azul,CAMPAIGN_02,172.000000000,174.000000000,2.000000000,0.202555915,0.000000000,0.000000000
CA-C02-012-A0088,CA-C02-012,DS01,cerro_azul,CAMPAIGN_02,174.000000000,176.000000000,2.000000000,0.221286588,0.000000000,0.000000000
CA-C02-012-A0089,CA-C02-012,DS01,cerro_azul,CAMPAIGN_02,176.000000000,178.000000000,2.000000000,0.229522892,0.000000000,0.000000000
CA-C02-012-A0090,CA-C02-012,DS01,cerro_azul,CAMPAIGN_02,178.000000000,180.000000000,2.000000000,0.237986258,0.000000000,0.000000000
CA-C02-012-A0091,CA-C02-012,DS01,cerro_azul,CAMPAIGN_02,180.000000000,182.000000000,2.000000000,0.226810864,0.000000000,0.000000000
CA-C02-012-A0092,CA-C02-012,DS01,cerro_azul,CAMPAIGN_02,182.000000000,184.000000000,2.000000000,0.257429601,0.000000000,0.000000000
CA-C02-012-A0093,CA-C02-012,DS01,cerro_azul,CAMPAIGN_02,184.000000000,186.000000000,2.000000000,0.262949217,0.000000000,0.000000000
CA-C02-012-A0094,CA-C02-012,DS01,cerro_azul,CAMPAIGN_02,186.000000000,188.000000000,2.000000000,0.249860352,0.000000000,0.000000000
CA-C02-012-A0095,CA-C02-012,DS01,cerro_azul,CAMPAIGN_02,188.000000000,190.000000000,2.000000000,0.256693010,0.000000000,0.000000000
CA-C02-012-A0096,CA-C02-012,DS01,cerro_azul,CAMPAIGN_02,190.000000000,192.000000000,2.000000000,0.280570289,0.000000000,0.000000000
CA-C02-012-A0097,CA-C02-012,DS01,cerro_azul,CAMPAIGN_02,192.000000000,194.000000000,2.000000000,0.289636830,0.000000000,0.000000000
CA-C02-012-A0098,CA-C02-012,DS01,cerro_azul,CAMPAIGN_02,194.000000000,196.000000000,2.000000000,0.290972249,0.000000000,0.000000000
CA-C02-012-A0099,CA-C02-012,DS01,cerro_azul,CAMPAIGN_02,196.000000000,198.000000000,2.000000000,0.283142409,0.000000000,0.000000000
CA-C02-012-A0100,CA-C02-012,DS01,cerro_azul,CAMPAIGN_02,198.000000000,200.000000000,2.000000000,0.301267785,0.000000000,0.000000000
CA-C02-012-A0101,CA-C02-012,DS01,cerro_azul,CAMPAIGN_02,200.000000000,202.000000000,2.000000000,0.312684119,0.000000000,0.000000000
CA-C02-012-A0102,CA-C02-012,DS01,cerro_azul,CAMPAIGN_02,202.000000000,204.000000000,2.000000000,0.319792415,0.000000000,0.000000000
CA-C02-012-A0103,CA-C02-012,DS01,cerro_azul,CAMPAIGN_02,204.000000000,206.000000000,2.000000000,0.324741366,0.000000000,0.000000000
CA-C02-012-A0104,CA-C02-012,DS01,cerro_azul,CAMPAIGN_02,206.000000000,208.000000000,2.000000000,0.327279498,0.000000000,0.000000000
CA-C02-012-A0105,CA-C02-012,DS01,cerro_azul,CAMPAIGN_02,208.000000000,210.000000000,2.000000000,0.347537103,0.000000000,0.000000000
CA-C02-012-A0106,CA-C02-012,DS01,cerro_azul,CAMPAIGN_02,210.000000000,212.000000000,2.000000000,0.336780345,0.000000000,0.000000000
CA-C02-012-A0107,CA-C02-012,DS01,cerro_azul,CAMPAIGN_02,212.000000000,214.000000000,2.000000000,0.326279026,0.000000000,0.000000000
CA-C02-012-A0108,CA-C02-012,DS01,cerro_azul,CAMPAIGN_02,214.000000000,216.000000000,2.000000000,0.326718206,0.000000000,0.000000000
CA-C02-012-A0109,CA-C02-012,DS01,cerro_azul,CAMPAIGN_02,216.000000000,218.000000000,2.000000000,0.350290443,0.000000000,0.000000000
CA-C02-012-A0110,CA-C02-012,DS01,cerro_azul,CAMPAIGN_02,218.000000000,220.000000000,2.000000000,0.386031343,0.000000000,0.000000000
CA-C02-012-A0111,CA-C02-012,DS01,cerro_azul,CAMPAIGN_02,220.000000000,222.000000000,2.000000000,0.347055751,0.000000000,0.000000000
CA-C02-012-A0112,CA-C02-012,DS01,cerro_azul,CAMPAIGN_02,222.000000000,224.000000000,2.000000000,0.385901221,0.000000000,0.000000000
CA-C02-012-A0113,CA-C02-012,DS01,cerro_azul,CAMPAIGN_02,224.000000000,226.000000000,2.000000000,0.358040636,0.000000000,0.000000000
CA-C02-012-A0114,CA-C02-012,DS01,cerro_azul,CAMPAIGN_02,226.000000000,228.000000000,2.000000000,0.399037768,0.000000000,0.000000000
CA-C02-012-A0115,CA-C02-012,DS01,cerro_azul,CAMPAIGN_02,228.000000000,230.000000000,2.000000000,0.431522566,0.000000000,0.000000000
CA-C02-012-A0116,CA-C02-012,DS01,cerro_azul,CAMPAIGN_02,230.000000000,232.000000000,2.000000000,0.389564605,0.000000000,0.000000000
CA-C02-012-A0117,CA-C02-012,DS01,cerro_azul,CAMPAIGN_02,232.000000000,234.000000000,2.000000000,0.412900245,0.000000000,0.000000000
CA-C02-012-A0118,CA-C02-012,DS01,cerro_azul,CAMPAIGN_02,234.000000000,236.000000000,2.000000000,0.409070322,0.000000000,0.000000000
CA-C02-012-A0119,CA-C02-012,DS01,cerro_azul,CAMPAIGN_02,236.000000000,238.000000000,2.000000000,0.441144117,0.000000000,0.000000000
CA-C02-012-A0120,CA-C02-012,DS01,cerro_azul,CAMPAIGN_02,238.000000000,240.000000000,2.000000000,0.407310677,0.000000000,0.000000000
CA-C02-012-A0121,CA-C02-012,DS01,cerro_azul,CAMPAIGN_02,240.000000000,242.000000000,2.000000000,0.449337709,0.000000000,0.000000000
CA-C02-012-A0122,CA-C02-012,DS01,cerro_azul,CAMPAIGN_02,242.000000000,244.000000000,2.000000000,0.457634965,0.000000000,0.000000000
CA-C02-012-A0123,CA-C02-012,DS01,cerro_azul,CAMPAIGN_02,244.000000000,246.000000000,2.000000000,0.446913448,0.000000000,0.000000000
CA-C02-012-A0124,CA-C02-012,DS01,cerro_azul,CAMPAIGN_02,246.000000000,248.000000000,2.000000000,0.438206345,0.000000000,0.000000000
CA-C02-012-A0125,CA-C02-012,DS01,cerro_azul,CAMPAIGN_02,248.000000000,250.000000000,2.000000000,0.446188364,0.000000000,0.000000000
CA-C02-012-A0126,CA-C02-012,DS01,cerro_azul,CAMPAIGN_02,250.000000000,252.000000000,2.000000000,0.448836851,0.000000000,0.000000000
CA-C02-012-A0127,CA-C02-012,DS01,cerro_azul,CAMPAIGN_02,252.000000000,254.000000000,2.000000000,0.497395524,0.000000000,0.000000000
CA-C02-012-A0128,CA-C02-012,DS01,cerro_azul,CAMPAIGN_02,254.000000000,256.000000000,2.000000000,0.488885422,0.000000000,0.000000000
CA-C02-012-A0129,CA-C02-012,DS01,cerro_azul,CAMPAIGN_02,256.000000000,258.000000000,2.000000000,0.463012190,0.000000000,0.000000000
CA-C02-012-A0130,CA-C02-012,DS01,cerro_azul,CAMPAIGN_02,258.000000000,260.000000000,2.000000000,0.466472346,0.000000000,0.000000000
CA-C02-012-A0131,CA-C02-012,DS01,cerro_azul,CAMPAIGN_02,260.000000000,262.000000000,2.000000000,0.478765422,0.000000000,0.000000000
CA-C02-012-A0132,CA-C02-012,DS01,cerro_azul,CAMPAIGN_02,262.000000000,264.000000000,2.000000000,0.488661889,0.000000000,0.000000000
CA-C02-012-A0133,CA-C02-012,DS01,cerro_azul,CAMPAIGN_02,264.000000000,266.000000000,2.000000000,0.467981837,0.000000000,0.000000000
CA-C02-012-A0134,CA-C02-012,DS01,cerro_azul,CAMPAIGN_02,266.000000000,268.000000000,2.000000000,0.471295325,0.000000000,0.000000000
CA-C02-012-A0135,CA-C02-012,DS01,cerro_azul,CAMPAIGN_02,268.000000000,270.000000000,2.000000000,0.497367556,0.000000000,0.000000000
CA-C02-012-A0136,CA-C02-012,DS01,cerro_azul,CAMPAIGN_02,270.000000000,272.000000000,2.000000000,0.496465616,0.000000000,0.000000000
CA-C02-012-A0137,CA-C02-012,DS01,cerro_azul,CAMPAIGN_02,272.000000000,274.000000000,2.000000000,0.497457319,0.000000000,0.000000000
CA-C02-012-A0138,CA-C02-012,DS01,cerro_azul,CAMPAIGN_02,274.000000000,276.000000000,2.000000000,0.485430594,0.000000000,0.000000000
CA-C02-012-A0139,CA-C02-012,DS01,cerro_azul,CAMPAIGN_02,276.000000000,278.000000000,2.000000000,0.494882993,0.000000000,0.000000000
CA-C02-012-A0140,CA-C02-012,DS01,cerro_azul,CAMPAIGN_02,278.000000000,280.000000000,2.000000000,0.499239625,0.000000000,0.000000000
CA-C02-012-A0141,CA-C02-012,DS01,cerro_azul,CAMPAIGN_02,280.000000000,282.000000000,2.000000000,0.487167754,0.000000000,0.000000000
CA-C02-012-A0142,CA-C02-012,DS01,cerro_azul,CAMPAIGN_02,282.000000000,283.999103482,1.999103482,0.485270897,0.000000000,0.000000000
CA-C03-001-A0001,CA-C03-001,DS01,cerro_azul,CAMPAIGN_03,0.000000000,2.000000000,2.000000000,0.234452448,0.000000000,0.000000000
CA-C03-001-A0002,CA-C03-001,DS01,cerro_azul,CAMPAIGN_03,2.000000000,4.000000000,2.000000000,0.237739364,0.000000000,0.000000000
CA-C03-001-A0003,CA-C03-001,DS01,cerro_azul,CAMPAIGN_03,4.000000000,6.000000000,2.000000000,0.252625415,0.000000000,0.000000000
CA-C03-001-A0004,CA-C03-001,DS01,cerro_azul,CAMPAIGN_03,6.000000000,8.000000000,2.000000000,0.253190018,0.000000000,0.000000000
CA-C03-001-A0005,CA-C03-001,DS01,cerro_azul,CAMPAIGN_03,8.000000000,10.000000000,2.000000000,0.289893734,0.000000000,0.000000000
CA-C03-001-A0006,CA-C03-001,DS01,cerro_azul,CAMPAIGN_03,10.000000000,12.000000000,2.000000000,0.289048671,0.000000000,0.000000000
CA-C03-001-A0007,CA-C03-001,DS01,cerro_azul,CAMPAIGN_03,12.000000000,14.000000000,2.000000000,0.284426844,0.000000000,0.000000000
CA-C03-001-A0008,CA-C03-001,DS01,cerro_azul,CAMPAIGN_03,14.000000000,16.000000000,2.000000000,0.317491088,0.000000000,0.000000000
CA-C03-001-A0009,CA-C03-001,DS01,cerro_azul,CAMPAIGN_03,16.000000000,18.000000000,2.000000000,0.291796709,0.000000000,0.000000000
CA-C03-001-A0010,CA-C03-001,DS01,cerro_azul,CAMPAIGN_03,18.000000000,20.000000000,2.000000000,0.336273055,0.000000000,0.000000000
CA-C03-001-A0011,CA-C03-001,DS01,cerro_azul,CAMPAIGN_03,20.000000000,22.000000000,2.000000000,0.324070363,0.000000000,0.000000000
CA-C03-001-A0012,CA-C03-001,DS01,cerro_azul,CAMPAIGN_03,22.000000000,24.000000000,2.000000000,0.346810207,0.000000000,0.000000000
CA-C03-001-A0013,CA-C03-001,DS01,cerro_azul,CAMPAIGN_03,24.000000000,26.000000000,2.000000000,0.354650383,0.000000000,0.000000000
CA-C03-001-A0014,CA-C03-001,DS01,cerro_azul,CAMPAIGN_03,26.000000000,28.000000000,2.000000000,0.342405617,0.000000000,0.000000000
CA-C03-001-A0015,CA-C03-001,DS01,cerro_azul,CAMPAIGN_03,28.000000000,30.000000000,2.000000000,0.377065597,0.000000000,0.000000000
CA-C03-001-A0016,CA-C03-001,DS01,cerro_azul,CAMPAIGN_03,30.000000000,32.000000000,2.000000000,0.375424589,0.000000000,0.000000000
CA-C03-001-A0017,CA-C03-001,DS01,cerro_azul,CAMPAIGN_03,32.000000000,34.000000000,2.000000000,0.404814265,0.000000000,0.000000000
CA-C03-001-A0018,CA-C03-001,DS01,cerro_azul,CAMPAIGN_03,34.000000000,36.000000000,2.000000000,0.400092100,0.000000000,0.000000000
CA-C03-001-A0019,CA-C03-001,DS01,cerro_azul,CAMPAIGN_03,36.000000000,38.000000000,2.000000000,0.449245322,0.000000000,0.000000000
CA-C03-001-A0020,CA-C03-001,DS01,cerro_azul,CAMPAIGN_03,38.000000000,40.000000000,2.000000000,0.442369737,0.000000000,0.000000000
CA-C03-001-A0021,CA-C03-001,DS01,cerro_azul,CAMPAIGN_03,40.000000000,42.000000000,2.000000000,0.460319151,0.000000000,0.000000000
CA-C03-001-A0022,CA-C03-001,DS01,cerro_azul,CAMPAIGN_03,42.000000000,44.000000000,2.000000000,0.448804490,0.000000000,0.000000000
CA-C03-001-A0023,CA-C03-001,DS01,cerro_azul,CAMPAIGN_03,44.000000000,46.000000000,2.000000000,0.462242641,0.000000000,0.000000000
CA-C03-001-A0024,CA-C03-001,DS01,cerro_azul,CAMPAIGN_03,46.000000000,48.000000000,2.000000000,0.492608450,0.000000000,0.000000000
CA-C03-001-A0025,CA-C03-001,DS01,cerro_azul,CAMPAIGN_03,48.000000000,50.000000000,2.000000000,0.478635367,0.000000000,0.000000000
CA-C03-001-A0026,CA-C03-001,DS01,cerro_azul,CAMPAIGN_03,50.000000000,52.000000000,2.000000000,0.481775400,0.000000000,0.000000000
CA-C03-001-A0027,CA-C03-001,DS01,cerro_azul,CAMPAIGN_03,52.000000000,54.000000000,2.000000000,0.540538076,0.000000000,0.000000000
CA-C03-001-A0028,CA-C03-001,DS01,cerro_azul,CAMPAIGN_03,54.000000000,56.000000000,2.000000000,0.524911174,0.000000000,0.000000000
CA-C03-001-A0029,CA-C03-001,DS01,cerro_azul,CAMPAIGN_03,56.000000000,58.000000000,2.000000000,0.517364299,0.000000000,0.000000000
CA-C03-001-A0030,CA-C03-001,DS01,cerro_azul,CAMPAIGN_03,58.000000000,60.000000000,2.000000000,0.571998983,0.000000000,0.000000000
CA-C03-001-A0031,CA-C03-001,DS01,cerro_azul,CAMPAIGN_03,60.000000000,62.000000000,2.000000000,0.609233120,0.000000000,0.000000000
CA-C03-001-A0032,CA-C03-001,DS01,cerro_azul,CAMPAIGN_03,62.000000000,64.000000000,2.000000000,0.618330784,0.000000000,0.000000000
CA-C03-001-A0033,CA-C03-001,DS01,cerro_azul,CAMPAIGN_03,64.000000000,66.000000000,2.000000000,0.605395031,0.000000000,0.000000000
CA-C03-001-A0034,CA-C03-001,DS01,cerro_azul,CAMPAIGN_03,66.000000000,68.000000000,2.000000000,0.623176981,0.000000000,0.000000000
CA-C03-001-A0035,CA-C03-001,DS01,cerro_azul,CAMPAIGN_03,68.000000000,70.000000000,2.000000000,0.629864786,0.000000000,0.000000000
CA-C03-001-A0036,CA-C03-001,DS01,cerro_azul,CAMPAIGN_03,70.000000000,72.000000000,2.000000000,0.714187993,0.000000000,0.000000000
CA-C03-001-A0037,CA-C03-001,DS01,cerro_azul,CAMPAIGN_03,72.000000000,74.000000000,2.000000000,0.646513373,0.000000000,0.000000000
CA-C03-001-A0038,CA-C03-001,DS01,cerro_azul,CAMPAIGN_03,74.000000000,76.000000000,2.000000000,0.643680322,0.000000000,0.000000000
CA-C03-001-A0039,CA-C03-001,DS01,cerro_azul,CAMPAIGN_03,76.000000000,78.000000000,2.000000000,0.709344326,0.000000000,0.000000000
CA-C03-001-A0040,CA-C03-001,DS01,cerro_azul,CAMPAIGN_03,78.000000000,80.000000000,2.000000000,0.663002327,0.000000000,0.000000000
CA-C03-001-A0041,CA-C03-001,DS01,cerro_azul,CAMPAIGN_03,80.000000000,82.000000000,2.000000000,0.751749868,0.000000000,0.000000000
CA-C03-001-A0042,CA-C03-001,DS01,cerro_azul,CAMPAIGN_03,82.000000000,84.000000000,2.000000000,0.815956014,0.000000000,0.000000000
CA-C03-001-A0043,CA-C03-001,DS01,cerro_azul,CAMPAIGN_03,84.000000000,86.000000000,2.000000000,0.775355653,0.000000000,0.000000000
CA-C03-001-A0044,CA-C03-001,DS01,cerro_azul,CAMPAIGN_03,86.000000000,88.000000000,2.000000000,0.798185796,0.000000000,0.000000000
CA-C03-001-A0045,CA-C03-001,DS01,cerro_azul,CAMPAIGN_03,88.000000000,90.000000000,2.000000000,0.826353550,0.000000000,0.000000000
CA-C03-001-A0046,CA-C03-001,DS01,cerro_azul,CAMPAIGN_03,90.000000000,92.000000000,2.000000000,0.774345369,0.000000000,0.000000000
CA-C03-001-A0047,CA-C03-001,DS01,cerro_azul,CAMPAIGN_03,92.000000000,94.000000000,2.000000000,0.812875689,0.000000000,0.000000000
CA-C03-001-A0048,CA-C03-001,DS01,cerro_azul,CAMPAIGN_03,94.000000000,96.000000000,2.000000000,0.820800746,0.000000000,0.000000000
CA-C03-001-A0049,CA-C03-001,DS01,cerro_azul,CAMPAIGN_03,96.000000000,98.000000000,2.000000000,0.805904871,0.000000000,0.000000000
CA-C03-001-A0050,CA-C03-001,DS01,cerro_azul,CAMPAIGN_03,98.000000000,100.000000000,2.000000000,0.894698377,0.000000000,0.000000000
CA-C03-001-A0051,CA-C03-001,DS01,cerro_azul,CAMPAIGN_03,100.000000000,102.000000000,2.000000000,0.905303212,0.000000000,0.000000000
CA-C03-001-A0052,CA-C03-001,DS01,cerro_azul,CAMPAIGN_03,102.000000000,104.000000000,2.000000000,0.882455178,0.000000000,0.000000000
CA-C03-001-A0053,CA-C03-001,DS01,cerro_azul,CAMPAIGN_03,104.000000000,106.000000000,2.000000000,0.873069238,0.000000000,0.000000000
CA-C03-001-A0054,CA-C03-001,DS01,cerro_azul,CAMPAIGN_03,106.000000000,108.000000000,2.000000000,0.984260141,0.000000000,0.000000000
CA-C03-001-A0055,CA-C03-001,DS01,cerro_azul,CAMPAIGN_03,108.000000000,110.000000000,2.000000000,0.917182386,0.000000000,0.000000000
CA-C03-001-A0056,CA-C03-001,DS01,cerro_azul,CAMPAIGN_03,110.000000000,112.000000000,2.000000000,0.970772204,0.000000000,0.000000000
CA-C03-001-A0057,CA-C03-001,DS01,cerro_azul,CAMPAIGN_03,112.000000000,114.000000000,2.000000000,0.925015314,0.000000000,0.000000000
CA-C03-001-A0058,CA-C03-001,DS01,cerro_azul,CAMPAIGN_03,114.000000000,116.000000000,2.000000000,0.969524589,0.000000000,0.000000000
CA-C03-001-A0059,CA-C03-001,DS01,cerro_azul,CAMPAIGN_03,116.000000000,118.000000000,2.000000000,0.954571650,0.000000000,0.000000000
CA-C03-001-A0060,CA-C03-001,DS01,cerro_azul,CAMPAIGN_03,118.000000000,120.000000000,2.000000000,1.012032730,0.000000000,0.000000000
CA-C03-001-A0061,CA-C03-001,DS01,cerro_azul,CAMPAIGN_03,120.000000000,122.000000000,2.000000000,1.044546146,0.000000000,0.000000000
CA-C03-001-A0062,CA-C03-001,DS01,cerro_azul,CAMPAIGN_03,122.000000000,124.000000000,2.000000000,1.001934908,0.000000000,0.000000000
CA-C03-001-A0063,CA-C03-001,DS01,cerro_azul,CAMPAIGN_03,124.000000000,126.000000000,2.000000000,0.934817640,0.000000000,0.000000000
CA-C03-001-A0064,CA-C03-001,DS01,cerro_azul,CAMPAIGN_03,126.000000000,128.000000000,2.000000000,1.070826178,0.000000000,0.000000000
CA-C03-001-A0065,CA-C03-001,DS01,cerro_azul,CAMPAIGN_03,128.000000000,130.000000000,2.000000000,0.984363266,0.000000000,0.000000000
CA-C03-001-A0066,CA-C03-001,DS01,cerro_azul,CAMPAIGN_03,130.000000000,132.000000000,2.000000000,0.967854881,0.000000000,0.000000000
CA-C03-001-A0067,CA-C03-001,DS01,cerro_azul,CAMPAIGN_03,132.000000000,134.000000000,2.000000000,1.078777062,0.000000000,0.000000000
CA-C03-001-A0068,CA-C03-001,DS01,cerro_azul,CAMPAIGN_03,134.000000000,136.000000000,2.000000000,1.058601197,0.000000000,0.000000000
CA-C03-001-A0069,CA-C03-001,DS01,cerro_azul,CAMPAIGN_03,136.000000000,138.000000000,2.000000000,1.041299186,0.000000000,0.000000000
CA-C03-001-A0070,CA-C03-001,DS01,cerro_azul,CAMPAIGN_03,138.000000000,140.000000000,2.000000000,1.058255850,0.000000000,0.000000000
CA-C03-001-A0071,CA-C03-001,DS01,cerro_azul,CAMPAIGN_03,140.000000000,142.000000000,2.000000000,0.975525979,0.000000000,0.000000000
CA-C03-001-A0072,CA-C03-001,DS01,cerro_azul,CAMPAIGN_03,142.000000000,144.000000000,2.000000000,1.113292523,0.000000000,0.000000000
CA-C03-001-A0073,CA-C03-001,DS01,cerro_azul,CAMPAIGN_03,144.000000000,146.000000000,2.000000000,1.036410240,0.000000000,0.000000000
CA-C03-001-A0074,CA-C03-001,DS01,cerro_azul,CAMPAIGN_03,146.000000000,148.000000000,2.000000000,1.111127542,0.000000000,0.000000000
CA-C03-001-A0075,CA-C03-001,DS01,cerro_azul,CAMPAIGN_03,148.000000000,150.000000000,2.000000000,1.073382021,0.000000000,0.000000000
CA-C03-001-A0076,CA-C03-001,DS01,cerro_azul,CAMPAIGN_03,150.000000000,152.000000000,2.000000000,1.135355792,0.000000000,0.000000000
CA-C03-001-A0077,CA-C03-001,DS01,cerro_azul,CAMPAIGN_03,152.000000000,154.000000000,2.000000000,1.099964511,0.000000000,0.000000000
CA-C03-001-A0078,CA-C03-001,DS01,cerro_azul,CAMPAIGN_03,154.000000000,156.000000000,2.000000000,1.158602452,0.000000000,0.000000000
CA-C03-001-A0079,CA-C03-001,DS01,cerro_azul,CAMPAIGN_03,156.000000000,158.000000000,2.000000000,1.060058685,0.000000000,0.000000000
CA-C03-001-A0080,CA-C03-001,DS01,cerro_azul,CAMPAIGN_03,158.000000000,160.000000000,2.000000000,1.167824743,0.000000000,0.000000000
CA-C03-001-A0081,CA-C03-001,DS01,cerro_azul,CAMPAIGN_03,160.000000000,162.000000000,2.000000000,1.096487651,0.000000000,0.000000000
CA-C03-001-A0082,CA-C03-001,DS01,cerro_azul,CAMPAIGN_03,162.000000000,164.000000000,2.000000000,1.096971325,0.000000000,0.000000000
CA-C03-001-A0083,CA-C03-001,DS01,cerro_azul,CAMPAIGN_03,164.000000000,166.000000000,2.000000000,1.085847132,0.000000000,0.000000000
CA-C03-001-A0084,CA-C03-001,DS01,cerro_azul,CAMPAIGN_03,166.000000000,168.000000000,2.000000000,1.117639342,0.000000000,0.000000000
CA-C03-001-A0085,CA-C03-001,DS01,cerro_azul,CAMPAIGN_03,168.000000000,170.000000000,2.000000000,1.056841201,0.000000000,0.000000000
CA-C03-001-A0086,CA-C03-001,DS01,cerro_azul,CAMPAIGN_03,170.000000000,172.000000000,2.000000000,1.102340430,0.000000000,0.000000000
CA-C03-001-A0087,CA-C03-001,DS01,cerro_azul,CAMPAIGN_03,172.000000000,174.000000000,2.000000000,1.034870535,0.000000000,0.000000000
CA-C03-001-A0088,CA-C03-001,DS01,cerro_azul,CAMPAIGN_03,174.000000000,176.000000000,2.000000000,1.198353768,0.000000000,0.000000000
CA-C03-001-A0089,CA-C03-001,DS01,cerro_azul,CAMPAIGN_03,176.000000000,178.000000000,2.000000000,1.145115699,0.000000000,0.000000000
CA-C03-001-A0090,CA-C03-001,DS01,cerro_azul,CAMPAIGN_03,178.000000000,180.000000000,2.000000000,0.979818806,0.000000000,0.000000000
CA-C03-001-A0091,CA-C03-001,DS01,cerro_azul,CAMPAIGN_03,180.000000000,182.000000000,2.000000000,1.007935353,0.000000000,0.000000000
CA-C03-001-A0092,CA-C03-001,DS01,cerro_azul,CAMPAIGN_03,182.000000000,184.000000000,2.000000000,1.068460278,0.000000000,0.000000000
CA-C03-001-A0093,CA-C03-001,DS01,cerro_azul,CAMPAIGN_03,184.000000000,186.000000000,2.000000000,1.099589837,0.000000000,0.000000000
CA-C03-001-A0094,CA-C03-001,DS01,cerro_azul,CAMPAIGN_03,186.000000000,186.897197576,0.897197576,1.004041251,0.000000000,0.000000000
CA-C03-002-A0001,CA-C03-002,DS01,cerro_azul,CAMPAIGN_03,0.000000000,2.000000000,2.000000000,0.099766837,0.000000000,0.000000000
CA-C03-002-A0002,CA-C03-002,DS01,cerro_azul,CAMPAIGN_03,2.000000000,4.000000000,2.000000000,0.097392787,0.000000000,0.000000000
CA-C03-002-A0003,CA-C03-002,DS01,cerro_azul,CAMPAIGN_03,4.000000000,6.000000000,2.000000000,0.107803564,0.000000000,0.000000000
CA-C03-002-A0004,CA-C03-002,DS01,cerro_azul,CAMPAIGN_03,6.000000000,8.000000000,2.000000000,0.105432814,0.000000000,0.000000000
CA-C03-002-A0005,CA-C03-002,DS01,cerro_azul,CAMPAIGN_03,8.000000000,10.000000000,2.000000000,0.111205878,0.000000000,0.000000000
CA-C03-002-A0006,CA-C03-002,DS01,cerro_azul,CAMPAIGN_03,10.000000000,12.000000000,2.000000000,0.123425516,0.000000000,0.000000000
CA-C03-002-A0007,CA-C03-002,DS01,cerro_azul,CAMPAIGN_03,12.000000000,14.000000000,2.000000000,0.121628052,0.000000000,0.000000000
CA-C03-002-A0008,CA-C03-002,DS01,cerro_azul,CAMPAIGN_03,14.000000000,16.000000000,2.000000000,0.119088969,0.000000000,0.000000000
CA-C03-002-A0009,CA-C03-002,DS01,cerro_azul,CAMPAIGN_03,16.000000000,18.000000000,2.000000000,0.141104905,0.000000000,0.000000000
CA-C03-002-A0010,CA-C03-002,DS01,cerro_azul,CAMPAIGN_03,18.000000000,20.000000000,2.000000000,0.127082612,0.000000000,0.000000000
CA-C03-002-A0011,CA-C03-002,DS01,cerro_azul,CAMPAIGN_03,20.000000000,22.000000000,2.000000000,0.139085449,0.000000000,0.000000000
CA-C03-002-A0012,CA-C03-002,DS01,cerro_azul,CAMPAIGN_03,22.000000000,24.000000000,2.000000000,0.145351793,0.000000000,0.000000000
CA-C03-002-A0013,CA-C03-002,DS01,cerro_azul,CAMPAIGN_03,24.000000000,26.000000000,2.000000000,0.153765066,0.000000000,0.000000000
CA-C03-002-A0014,CA-C03-002,DS01,cerro_azul,CAMPAIGN_03,26.000000000,28.000000000,2.000000000,0.158699899,0.000000000,0.000000000
CA-C03-002-A0015,CA-C03-002,DS01,cerro_azul,CAMPAIGN_03,28.000000000,30.000000000,2.000000000,0.159993028,0.000000000,0.000000000
CA-C03-002-A0016,CA-C03-002,DS01,cerro_azul,CAMPAIGN_03,30.000000000,32.000000000,2.000000000,0.154871565,0.000000000,0.000000000
CA-C03-002-A0017,CA-C03-002,DS01,cerro_azul,CAMPAIGN_03,32.000000000,34.000000000,2.000000000,0.180395216,0.000000000,0.000000000
CA-C03-002-A0018,CA-C03-002,DS01,cerro_azul,CAMPAIGN_03,34.000000000,36.000000000,2.000000000,0.182266901,0.000000000,0.000000000
CA-C03-002-A0019,CA-C03-002,DS01,cerro_azul,CAMPAIGN_03,36.000000000,38.000000000,2.000000000,0.180330554,0.000000000,0.000000000
CA-C03-002-A0020,CA-C03-002,DS01,cerro_azul,CAMPAIGN_03,38.000000000,40.000000000,2.000000000,0.206210576,0.000000000,0.000000000
CA-C03-002-A0021,CA-C03-002,DS01,cerro_azul,CAMPAIGN_03,40.000000000,42.000000000,2.000000000,0.210164582,0.000000000,0.000000000
CA-C03-002-A0022,CA-C03-002,DS01,cerro_azul,CAMPAIGN_03,42.000000000,44.000000000,2.000000000,0.213472553,0.000000000,0.000000000
CA-C03-002-A0023,CA-C03-002,DS01,cerro_azul,CAMPAIGN_03,44.000000000,46.000000000,2.000000000,0.227256953,0.000000000,0.000000000
CA-C03-002-A0024,CA-C03-002,DS01,cerro_azul,CAMPAIGN_03,46.000000000,48.000000000,2.000000000,0.242251318,0.000000000,0.000000000
CA-C03-002-A0025,CA-C03-002,DS01,cerro_azul,CAMPAIGN_03,48.000000000,50.000000000,2.000000000,0.252240657,0.000000000,0.000000000
CA-C03-002-A0026,CA-C03-002,DS01,cerro_azul,CAMPAIGN_03,50.000000000,52.000000000,2.000000000,0.257025471,0.000000000,0.000000000
CA-C03-002-A0027,CA-C03-002,DS01,cerro_azul,CAMPAIGN_03,52.000000000,54.000000000,2.000000000,0.258657888,0.000000000,0.000000000
CA-C03-002-A0028,CA-C03-002,DS01,cerro_azul,CAMPAIGN_03,54.000000000,56.000000000,2.000000000,0.273171794,0.000000000,0.000000000
CA-C03-002-A0029,CA-C03-002,DS01,cerro_azul,CAMPAIGN_03,56.000000000,58.000000000,2.000000000,0.266933095,0.000000000,0.000000000
CA-C03-002-A0030,CA-C03-002,DS01,cerro_azul,CAMPAIGN_03,58.000000000,60.000000000,2.000000000,0.281034657,0.000000000,0.000000000
CA-C03-002-A0031,CA-C03-002,DS01,cerro_azul,CAMPAIGN_03,60.000000000,62.000000000,2.000000000,0.292317580,0.000000000,0.000000000
CA-C03-002-A0032,CA-C03-002,DS01,cerro_azul,CAMPAIGN_03,62.000000000,64.000000000,2.000000000,0.307628397,0.000000000,0.000000000
CA-C03-002-A0033,CA-C03-002,DS01,cerro_azul,CAMPAIGN_03,64.000000000,66.000000000,2.000000000,0.327231656,0.000000000,0.000000000
CA-C03-002-A0034,CA-C03-002,DS01,cerro_azul,CAMPAIGN_03,66.000000000,68.000000000,2.000000000,0.335550015,0.000000000,0.000000000
CA-C03-002-A0035,CA-C03-002,DS01,cerro_azul,CAMPAIGN_03,68.000000000,70.000000000,2.000000000,0.318565381,0.000000000,0.000000000
CA-C03-002-A0036,CA-C03-002,DS01,cerro_azul,CAMPAIGN_03,70.000000000,72.000000000,2.000000000,0.346828589,0.000000000,0.000000000
CA-C03-002-A0037,CA-C03-002,DS01,cerro_azul,CAMPAIGN_03,72.000000000,74.000000000,2.000000000,0.358338086,0.000000000,0.000000000
CA-C03-002-A0038,CA-C03-002,DS01,cerro_azul,CAMPAIGN_03,74.000000000,76.000000000,2.000000000,0.363575854,0.000000000,0.000000000
CA-C03-002-A0039,CA-C03-002,DS01,cerro_azul,CAMPAIGN_03,76.000000000,78.000000000,2.000000000,0.409848376,0.000000000,0.000000000
CA-C03-002-A0040,CA-C03-002,DS01,cerro_azul,CAMPAIGN_03,78.000000000,80.000000000,2.000000000,0.395095833,0.000000000,0.000000000
CA-C03-002-A0041,CA-C03-002,DS01,cerro_azul,CAMPAIGN_03,80.000000000,82.000000000,2.000000000,0.406991942,0.000000000,0.000000000
CA-C03-002-A0042,CA-C03-002,DS01,cerro_azul,CAMPAIGN_03,82.000000000,84.000000000,2.000000000,0.415298055,0.000000000,0.000000000
CA-C03-002-A0043,CA-C03-002,DS01,cerro_azul,CAMPAIGN_03,84.000000000,86.000000000,2.000000000,0.434918659,0.000000000,0.000000000
CA-C03-002-A0044,CA-C03-002,DS01,cerro_azul,CAMPAIGN_03,86.000000000,88.000000000,2.000000000,0.425373091,0.000000000,0.000000000
CA-C03-002-A0045,CA-C03-002,DS01,cerro_azul,CAMPAIGN_03,88.000000000,90.000000000,2.000000000,0.449666801,0.000000000,0.000000000
CA-C03-002-A0046,CA-C03-002,DS01,cerro_azul,CAMPAIGN_03,90.000000000,92.000000000,2.000000000,0.452250196,0.000000000,0.000000000
CA-C03-002-A0047,CA-C03-002,DS01,cerro_azul,CAMPAIGN_03,92.000000000,94.000000000,2.000000000,0.499453600,0.000000000,0.000000000
CA-C03-002-A0048,CA-C03-002,DS01,cerro_azul,CAMPAIGN_03,94.000000000,96.000000000,2.000000000,0.456188679,0.000000000,0.000000000
CA-C03-002-A0049,CA-C03-002,DS01,cerro_azul,CAMPAIGN_03,96.000000000,98.000000000,2.000000000,0.567663508,0.000000000,0.000000000
CA-C03-002-A0050,CA-C03-002,DS01,cerro_azul,CAMPAIGN_03,98.000000000,100.000000000,2.000000000,0.515410236,0.000000000,0.000000000
CA-C03-002-A0051,CA-C03-002,DS01,cerro_azul,CAMPAIGN_03,100.000000000,102.000000000,2.000000000,0.515904023,0.000000000,0.000000000
CA-C03-002-A0052,CA-C03-002,DS01,cerro_azul,CAMPAIGN_03,102.000000000,104.000000000,2.000000000,0.530566891,0.000000000,0.000000000
CA-C03-002-A0053,CA-C03-002,DS01,cerro_azul,CAMPAIGN_03,104.000000000,106.000000000,2.000000000,0.544425731,0.000000000,0.000000000
CA-C03-002-A0054,CA-C03-002,DS01,cerro_azul,CAMPAIGN_03,106.000000000,108.000000000,2.000000000,0.591674229,0.000000000,0.000000000
CA-C03-002-A0055,CA-C03-002,DS01,cerro_azul,CAMPAIGN_03,108.000000000,110.000000000,2.000000000,0.621214116,0.000000000,0.000000000
CA-C03-002-A0056,CA-C03-002,DS01,cerro_azul,CAMPAIGN_03,110.000000000,112.000000000,2.000000000,0.638839958,0.000000000,0.000000000
CA-C03-002-A0057,CA-C03-002,DS01,cerro_azul,CAMPAIGN_03,112.000000000,114.000000000,2.000000000,0.666769268,0.000000000,0.000000000
CA-C03-002-A0058,CA-C03-002,DS01,cerro_azul,CAMPAIGN_03,114.000000000,116.000000000,2.000000000,0.659096584,0.000000000,0.000000000
CA-C03-002-A0059,CA-C03-002,DS01,cerro_azul,CAMPAIGN_03,116.000000000,118.000000000,2.000000000,0.658382012,0.000000000,0.000000000
CA-C03-002-A0060,CA-C03-002,DS01,cerro_azul,CAMPAIGN_03,118.000000000,120.000000000,2.000000000,0.682332653,0.000000000,0.000000000
CA-C03-002-A0061,CA-C03-002,DS01,cerro_azul,CAMPAIGN_03,120.000000000,122.000000000,2.000000000,0.705311551,0.000000000,0.000000000
CA-C03-002-A0062,CA-C03-002,DS01,cerro_azul,CAMPAIGN_03,122.000000000,124.000000000,2.000000000,0.704858818,0.000000000,0.000000000
CA-C03-002-A0063,CA-C03-002,DS01,cerro_azul,CAMPAIGN_03,124.000000000,126.000000000,2.000000000,0.764408804,0.000000000,0.000000000
CA-C03-002-A0064,CA-C03-002,DS01,cerro_azul,CAMPAIGN_03,126.000000000,128.000000000,2.000000000,0.724585266,0.000000000,0.000000000
CA-C03-002-A0065,CA-C03-002,DS01,cerro_azul,CAMPAIGN_03,128.000000000,130.000000000,2.000000000,0.738866080,0.000000000,0.000000000
CA-C03-002-A0066,CA-C03-002,DS01,cerro_azul,CAMPAIGN_03,130.000000000,132.000000000,2.000000000,0.838526605,0.000000000,0.000000000
CA-C03-002-A0067,CA-C03-002,DS01,cerro_azul,CAMPAIGN_03,132.000000000,134.000000000,2.000000000,0.838625702,0.000000000,0.000000000
CA-C03-002-A0068,CA-C03-002,DS01,cerro_azul,CAMPAIGN_03,134.000000000,136.000000000,2.000000000,0.837575315,0.000000000,0.000000000
CA-C03-002-A0069,CA-C03-002,DS01,cerro_azul,CAMPAIGN_03,136.000000000,138.000000000,2.000000000,0.819644172,0.000000000,0.000000000
CA-C03-002-A0070,CA-C03-002,DS01,cerro_azul,CAMPAIGN_03,138.000000000,140.000000000,2.000000000,0.839686033,0.000000000,0.000000000
CA-C03-002-A0071,CA-C03-002,DS01,cerro_azul,CAMPAIGN_03,140.000000000,142.000000000,2.000000000,0.816799160,0.000000000,0.000000000
CA-C03-002-A0072,CA-C03-002,DS01,cerro_azul,CAMPAIGN_03,142.000000000,144.000000000,2.000000000,0.876285941,0.000000000,0.000000000
CA-C03-002-A0073,CA-C03-002,DS01,cerro_azul,CAMPAIGN_03,144.000000000,146.000000000,2.000000000,0.872780051,0.000000000,0.000000000
CA-C03-002-A0074,CA-C03-002,DS01,cerro_azul,CAMPAIGN_03,146.000000000,148.000000000,2.000000000,0.923363899,0.000000000,0.000000000
CA-C03-002-A0075,CA-C03-002,DS01,cerro_azul,CAMPAIGN_03,148.000000000,150.000000000,2.000000000,0.960882208,0.000000000,0.000000000
CA-C03-002-A0076,CA-C03-002,DS01,cerro_azul,CAMPAIGN_03,150.000000000,152.000000000,2.000000000,0.888075615,0.000000000,0.000000000
CA-C03-002-A0077,CA-C03-002,DS01,cerro_azul,CAMPAIGN_03,152.000000000,154.000000000,2.000000000,0.945438826,0.000000000,0.000000000
CA-C03-002-A0078,CA-C03-002,DS01,cerro_azul,CAMPAIGN_03,154.000000000,156.000000000,2.000000000,0.986756237,0.000000000,0.000000000
CA-C03-002-A0079,CA-C03-002,DS01,cerro_azul,CAMPAIGN_03,156.000000000,158.000000000,2.000000000,0.904112210,0.000000000,0.000000000
CA-C03-002-A0080,CA-C03-002,DS01,cerro_azul,CAMPAIGN_03,158.000000000,160.000000000,2.000000000,1.064054158,0.000000000,0.000000000
CA-C03-002-A0081,CA-C03-002,DS01,cerro_azul,CAMPAIGN_03,160.000000000,162.000000000,2.000000000,0.952851736,0.000000000,0.000000000
CA-C03-002-A0082,CA-C03-002,DS01,cerro_azul,CAMPAIGN_03,162.000000000,164.000000000,2.000000000,1.039776486,0.000000000,0.000000000
CA-C03-002-A0083,CA-C03-002,DS01,cerro_azul,CAMPAIGN_03,164.000000000,166.000000000,2.000000000,1.034407220,0.000000000,0.000000000
CA-C03-002-A0084,CA-C03-002,DS01,cerro_azul,CAMPAIGN_03,166.000000000,168.000000000,2.000000000,1.043622972,0.000000000,0.000000000
CA-C03-002-A0085,CA-C03-002,DS01,cerro_azul,CAMPAIGN_03,168.000000000,170.000000000,2.000000000,0.986529912,0.000000000,0.000000000
CA-C03-002-A0086,CA-C03-002,DS01,cerro_azul,CAMPAIGN_03,170.000000000,172.000000000,2.000000000,0.989275223,0.000000000,0.000000000
CA-C03-002-A0087,CA-C03-002,DS01,cerro_azul,CAMPAIGN_03,172.000000000,174.000000000,2.000000000,1.092307174,0.000000000,0.000000000
CA-C03-002-A0088,CA-C03-002,DS01,cerro_azul,CAMPAIGN_03,174.000000000,176.000000000,2.000000000,1.042305755,0.000000000,0.000000000
CA-C03-002-A0089,CA-C03-002,DS01,cerro_azul,CAMPAIGN_03,176.000000000,178.000000000,2.000000000,1.031520925,0.000000000,0.000000000
CA-C03-002-A0090,CA-C03-002,DS01,cerro_azul,CAMPAIGN_03,178.000000000,180.000000000,2.000000000,1.071317705,0.000000000,0.000000000
CA-C03-002-A0091,CA-C03-002,DS01,cerro_azul,CAMPAIGN_03,180.000000000,182.000000000,2.000000000,1.087878166,0.000000000,0.000000000
CA-C03-002-A0092,CA-C03-002,DS01,cerro_azul,CAMPAIGN_03,182.000000000,184.000000000,2.000000000,1.035500314,0.000000000,0.000000000
CA-C03-002-A0093,CA-C03-002,DS01,cerro_azul,CAMPAIGN_03,184.000000000,186.000000000,2.000000000,1.090346232,0.000000000,0.000000000
CA-C03-002-A0094,CA-C03-002,DS01,cerro_azul,CAMPAIGN_03,186.000000000,188.000000000,2.000000000,1.121781265,0.000000000,0.000000000
CA-C03-002-A0095,CA-C03-002,DS01,cerro_azul,CAMPAIGN_03,188.000000000,190.000000000,2.000000000,1.047281889,0.000000000,0.000000000
CA-C03-002-A0096,CA-C03-002,DS01,cerro_azul,CAMPAIGN_03,190.000000000,192.000000000,2.000000000,1.098325506,0.000000000,0.000000000
CA-C03-002-A0097,CA-C03-002,DS01,cerro_azul,CAMPAIGN_03,192.000000000,194.000000000,2.000000000,1.170769946,0.000000000,0.000000000
CA-C03-002-A0098,CA-C03-002,DS01,cerro_azul,CAMPAIGN_03,194.000000000,196.000000000,2.000000000,1.105653477,0.000000000,0.000000000
CA-C03-002-A0099,CA-C03-002,DS01,cerro_azul,CAMPAIGN_03,196.000000000,198.000000000,2.000000000,1.096614104,0.000000000,0.000000000
CA-C03-002-A0100,CA-C03-002,DS01,cerro_azul,CAMPAIGN_03,198.000000000,200.000000000,2.000000000,1.037957474,0.000000000,0.000000000
CA-C03-002-A0101,CA-C03-002,DS01,cerro_azul,CAMPAIGN_03,200.000000000,202.000000000,2.000000000,1.091730291,0.000000000,0.000000000
CA-C03-002-A0102,CA-C03-002,DS01,cerro_azul,CAMPAIGN_03,202.000000000,204.000000000,2.000000000,1.106951140,0.000000000,0.000000000
CA-C03-002-A0103,CA-C03-002,DS01,cerro_azul,CAMPAIGN_03,204.000000000,206.000000000,2.000000000,1.092818134,0.000000000,0.000000000
CA-C03-002-A0104,CA-C03-002,DS01,cerro_azul,CAMPAIGN_03,206.000000000,208.000000000,2.000000000,1.143775127,0.000000000,0.000000000
CA-C03-002-A0105,CA-C03-002,DS01,cerro_azul,CAMPAIGN_03,208.000000000,210.000000000,2.000000000,1.099117485,0.000000000,0.000000000
CA-C03-002-A0106,CA-C03-002,DS01,cerro_azul,CAMPAIGN_03,210.000000000,212.000000000,2.000000000,1.206563822,0.000000000,0.000000000
CA-C03-002-A0107,CA-C03-002,DS01,cerro_azul,CAMPAIGN_03,212.000000000,214.000000000,2.000000000,1.106737147,0.000000000,0.000000000
CA-C03-002-A0108,CA-C03-002,DS01,cerro_azul,CAMPAIGN_03,214.000000000,216.000000000,2.000000000,1.165961250,0.000000000,0.000000000
CA-C03-002-A0109,CA-C03-002,DS01,cerro_azul,CAMPAIGN_03,216.000000000,218.000000000,2.000000000,1.148385177,0.000000000,0.000000000
CA-C03-002-A0110,CA-C03-002,DS01,cerro_azul,CAMPAIGN_03,218.000000000,220.000000000,2.000000000,1.127230726,0.000000000,0.000000000
CA-C03-002-A0111,CA-C03-002,DS01,cerro_azul,CAMPAIGN_03,220.000000000,222.000000000,2.000000000,1.080465475,0.000000000,0.000000000
CA-C03-002-A0112,CA-C03-002,DS01,cerro_azul,CAMPAIGN_03,222.000000000,224.000000000,2.000000000,1.134628460,0.000000000,0.000000000
CA-C03-002-A0113,CA-C03-002,DS01,cerro_azul,CAMPAIGN_03,224.000000000,226.000000000,2.000000000,1.107983172,0.000000000,0.000000000
CA-C03-002-A0114,CA-C03-002,DS01,cerro_azul,CAMPAIGN_03,226.000000000,228.000000000,2.000000000,1.097543256,0.000000000,0.000000000
CA-C03-002-A0115,CA-C03-002,DS01,cerro_azul,CAMPAIGN_03,228.000000000,230.000000000,2.000000000,1.033965600,0.000000000,0.000000000
CA-C03-002-A0116,CA-C03-002,DS01,cerro_azul,CAMPAIGN_03,230.000000000,232.000000000,2.000000000,1.037982402,0.000000000,0.000000000
CA-C03-002-A0117,CA-C03-002,DS01,cerro_azul,CAMPAIGN_03,232.000000000,234.000000000,2.000000000,1.026518226,0.000000000,0.000000000
CA-C03-002-A0118,CA-C03-002,DS01,cerro_azul,CAMPAIGN_03,234.000000000,234.060292374,0.060292374,1.091638550,0.000000000,0.000000000
CA-C03-003-A0001,CA-C03-003,DS01,cerro_azul,CAMPAIGN_03,0.000000000,2.000000000,2.000000000,0.021236309,0.000000000,0.000000000
CA-C03-003-A0002,CA-C03-003,DS01,cerro_azul,CAMPAIGN_03,2.000000000,4.000000000,2.000000000,0.088073420,0.000000000,0.000000000
CA-C03-003-A0003,CA-C03-003,DS01,cerro_azul,CAMPAIGN_03,4.000000000,6.000000000,2.000000000,0.081506633,0.000000000,0.000000000
CA-C03-003-A0004,CA-C03-003,DS01,cerro_azul,CAMPAIGN_03,6.000000000,8.000000000,2.000000000,0.090192293,0.000000000,0.000000000
CA-C03-003-A0005,CA-C03-003,DS01,cerro_azul,CAMPAIGN_03,8.000000000,10.000000000,2.000000000,0.102574077,0.000000000,0.000000000
CA-C03-003-A0006,CA-C03-003,DS01,cerro_azul,CAMPAIGN_03,10.000000000,12.000000000,2.000000000,0.099384812,0.000000000,0.000000000
CA-C03-003-A0007,CA-C03-003,DS01,cerro_azul,CAMPAIGN_03,12.000000000,14.000000000,2.000000000,0.103687874,0.000000000,0.000000000
CA-C03-003-A0008,CA-C03-003,DS01,cerro_azul,CAMPAIGN_03,14.000000000,16.000000000,2.000000000,0.107428485,0.000000000,0.000000000
CA-C03-003-A0009,CA-C03-003,DS01,cerro_azul,CAMPAIGN_03,16.000000000,18.000000000,2.000000000,0.116180917,0.000000000,0.000000000
CA-C03-003-A0010,CA-C03-003,DS01,cerro_azul,CAMPAIGN_03,18.000000000,20.000000000,2.000000000,0.115908205,0.000000000,0.000000000
CA-C03-003-A0011,CA-C03-003,DS01,cerro_azul,CAMPAIGN_03,20.000000000,22.000000000,2.000000000,0.131669112,0.000000000,0.000000000
CA-C03-003-A0012,CA-C03-003,DS01,cerro_azul,CAMPAIGN_03,22.000000000,24.000000000,2.000000000,0.122718248,0.000000000,0.000000000
CA-C03-003-A0013,CA-C03-003,DS01,cerro_azul,CAMPAIGN_03,24.000000000,26.000000000,2.000000000,0.131083758,0.000000000,0.000000000
CA-C03-003-A0014,CA-C03-003,DS01,cerro_azul,CAMPAIGN_03,26.000000000,28.000000000,2.000000000,0.142237912,0.000000000,0.000000000
CA-C03-003-A0015,CA-C03-003,DS01,cerro_azul,CAMPAIGN_03,28.000000000,30.000000000,2.000000000,0.150985199,0.000000000,0.000000000
CA-C03-003-A0016,CA-C03-003,DS01,cerro_azul,CAMPAIGN_03,30.000000000,32.000000000,2.000000000,0.151412893,0.000000000,0.000000000
CA-C03-003-A0017,CA-C03-003,DS01,cerro_azul,CAMPAIGN_03,32.000000000,34.000000000,2.000000000,0.159024930,0.000000000,0.000000000
CA-C03-003-A0018,CA-C03-003,DS01,cerro_azul,CAMPAIGN_03,34.000000000,36.000000000,2.000000000,0.173264093,0.000000000,0.000000000
CA-C03-003-A0019,CA-C03-003,DS01,cerro_azul,CAMPAIGN_03,36.000000000,38.000000000,2.000000000,0.191773687,0.000000000,0.000000000
CA-C03-003-A0020,CA-C03-003,DS01,cerro_azul,CAMPAIGN_03,38.000000000,40.000000000,2.000000000,0.199700315,0.000000000,0.000000000
CA-C03-003-A0021,CA-C03-003,DS01,cerro_azul,CAMPAIGN_03,40.000000000,42.000000000,2.000000000,0.189497612,0.000000000,0.000000000
CA-C03-003-A0022,CA-C03-003,DS01,cerro_azul,CAMPAIGN_03,42.000000000,44.000000000,2.000000000,0.195419969,0.000000000,0.000000000
CA-C03-003-A0023,CA-C03-003,DS01,cerro_azul,CAMPAIGN_03,44.000000000,46.000000000,2.000000000,0.213624545,0.000000000,0.000000000
CA-C03-003-A0024,CA-C03-003,DS01,cerro_azul,CAMPAIGN_03,46.000000000,48.000000000,2.000000000,0.209872304,0.000000000,0.000000000
CA-C03-003-A0025,CA-C03-003,DS01,cerro_azul,CAMPAIGN_03,48.000000000,50.000000000,2.000000000,0.223118874,0.000000000,0.000000000
CA-C03-003-A0026,CA-C03-003,DS01,cerro_azul,CAMPAIGN_03,50.000000000,52.000000000,2.000000000,0.215717305,0.000000000,0.000000000
CA-C03-003-A0027,CA-C03-003,DS01,cerro_azul,CAMPAIGN_03,52.000000000,54.000000000,2.000000000,0.234339454,0.000000000,0.000000000
CA-C03-003-A0028,CA-C03-003,DS01,cerro_azul,CAMPAIGN_03,54.000000000,56.000000000,2.000000000,0.234748562,0.000000000,0.000000000
CA-C03-003-A0029,CA-C03-003,DS01,cerro_azul,CAMPAIGN_03,56.000000000,58.000000000,2.000000000,0.258587968,0.000000000,0.000000000
CA-C03-003-A0030,CA-C03-003,DS01,cerro_azul,CAMPAIGN_03,58.000000000,60.000000000,2.000000000,0.276297182,0.000000000,0.000000000
CA-C03-003-A0031,CA-C03-003,DS01,cerro_azul,CAMPAIGN_03,60.000000000,62.000000000,2.000000000,0.276899513,0.000000000,0.000000000
CA-C03-003-A0032,CA-C03-003,DS01,cerro_azul,CAMPAIGN_03,62.000000000,64.000000000,2.000000000,0.311977403,0.000000000,0.000000000
CA-C03-003-A0033,CA-C03-003,DS01,cerro_azul,CAMPAIGN_03,64.000000000,66.000000000,2.000000000,0.304398480,0.000000000,0.000000000
CA-C03-003-A0034,CA-C03-003,DS01,cerro_azul,CAMPAIGN_03,66.000000000,68.000000000,2.000000000,0.329003992,0.000000000,0.000000000
CA-C03-003-A0035,CA-C03-003,DS01,cerro_azul,CAMPAIGN_03,68.000000000,70.000000000,2.000000000,0.326291645,0.000000000,0.000000000
CA-C03-003-A0036,CA-C03-003,DS01,cerro_azul,CAMPAIGN_03,70.000000000,72.000000000,2.000000000,0.319958599,0.000000000,0.000000000
CA-C03-003-A0037,CA-C03-003,DS01,cerro_azul,CAMPAIGN_03,72.000000000,74.000000000,2.000000000,0.346920684,0.000000000,0.000000000
CA-C03-003-A0038,CA-C03-003,DS01,cerro_azul,CAMPAIGN_03,74.000000000,76.000000000,2.000000000,0.365757250,0.000000000,0.000000000
CA-C03-003-A0039,CA-C03-003,DS01,cerro_azul,CAMPAIGN_03,76.000000000,78.000000000,2.000000000,0.364202941,0.000000000,0.000000000
CA-C03-003-A0040,CA-C03-003,DS01,cerro_azul,CAMPAIGN_03,78.000000000,80.000000000,2.000000000,0.370550005,0.000000000,0.000000000
CA-C03-003-A0041,CA-C03-003,DS01,cerro_azul,CAMPAIGN_03,80.000000000,82.000000000,2.000000000,0.389038481,0.000000000,0.000000000
CA-C03-003-A0042,CA-C03-003,DS01,cerro_azul,CAMPAIGN_03,82.000000000,84.000000000,2.000000000,0.385942306,0.000000000,0.000000000
CA-C03-003-A0043,CA-C03-003,DS01,cerro_azul,CAMPAIGN_03,84.000000000,86.000000000,2.000000000,0.431095443,0.000000000,0.000000000
CA-C03-003-A0044,CA-C03-003,DS01,cerro_azul,CAMPAIGN_03,86.000000000,88.000000000,2.000000000,0.420297843,0.000000000,0.000000000
CA-C03-003-A0045,CA-C03-003,DS01,cerro_azul,CAMPAIGN_03,88.000000000,90.000000000,2.000000000,0.416610753,0.000000000,0.000000000
CA-C03-003-A0046,CA-C03-003,DS01,cerro_azul,CAMPAIGN_03,90.000000000,92.000000000,2.000000000,0.451724946,0.000000000,0.000000000
CA-C03-003-A0047,CA-C03-003,DS01,cerro_azul,CAMPAIGN_03,92.000000000,94.000000000,2.000000000,0.474248079,0.000000000,0.000000000
CA-C03-003-A0048,CA-C03-003,DS01,cerro_azul,CAMPAIGN_03,94.000000000,96.000000000,2.000000000,0.462677555,0.000000000,0.000000000
CA-C03-003-A0049,CA-C03-003,DS01,cerro_azul,CAMPAIGN_03,96.000000000,98.000000000,2.000000000,0.491907597,0.000000000,0.000000000
CA-C03-003-A0050,CA-C03-003,DS01,cerro_azul,CAMPAIGN_03,98.000000000,100.000000000,2.000000000,0.548394695,0.000000000,0.000000000
CA-C03-003-A0051,CA-C03-003,DS01,cerro_azul,CAMPAIGN_03,100.000000000,102.000000000,2.000000000,0.537120693,0.000000000,0.000000000
CA-C03-003-A0052,CA-C03-003,DS01,cerro_azul,CAMPAIGN_03,102.000000000,104.000000000,2.000000000,0.513565881,0.000000000,0.000000000
CA-C03-003-A0053,CA-C03-003,DS01,cerro_azul,CAMPAIGN_03,104.000000000,106.000000000,2.000000000,0.574701714,0.000000000,0.000000000
CA-C03-003-A0054,CA-C03-003,DS01,cerro_azul,CAMPAIGN_03,106.000000000,108.000000000,2.000000000,0.561255759,0.000000000,0.000000000
CA-C03-003-A0055,CA-C03-003,DS01,cerro_azul,CAMPAIGN_03,108.000000000,110.000000000,2.000000000,0.543757548,0.000000000,0.000000000
CA-C03-003-A0056,CA-C03-003,DS01,cerro_azul,CAMPAIGN_03,110.000000000,112.000000000,2.000000000,0.593460445,0.000000000,0.000000000
CA-C03-003-A0057,CA-C03-003,DS01,cerro_azul,CAMPAIGN_03,112.000000000,114.000000000,2.000000000,0.608154606,0.000000000,0.000000000
CA-C03-003-A0058,CA-C03-003,DS01,cerro_azul,CAMPAIGN_03,114.000000000,116.000000000,2.000000000,0.618527468,0.000000000,0.000000000
CA-C03-003-A0059,CA-C03-003,DS01,cerro_azul,CAMPAIGN_03,116.000000000,118.000000000,2.000000000,0.615228569,0.000000000,0.000000000
CA-C03-003-A0060,CA-C03-003,DS01,cerro_azul,CAMPAIGN_03,118.000000000,120.000000000,2.000000000,0.667414447,0.000000000,0.000000000
CA-C03-003-A0061,CA-C03-003,DS01,cerro_azul,CAMPAIGN_03,120.000000000,122.000000000,2.000000000,0.628204756,0.000000000,0.000000000
CA-C03-003-A0062,CA-C03-003,DS01,cerro_azul,CAMPAIGN_03,122.000000000,124.000000000,2.000000000,0.637889425,0.000000000,0.000000000
CA-C03-003-A0063,CA-C03-003,DS01,cerro_azul,CAMPAIGN_03,124.000000000,126.000000000,2.000000000,0.696180310,0.000000000,0.000000000
CA-C03-003-A0064,CA-C03-003,DS01,cerro_azul,CAMPAIGN_03,126.000000000,128.000000000,2.000000000,0.705113046,0.000000000,0.000000000
CA-C03-003-A0065,CA-C03-003,DS01,cerro_azul,CAMPAIGN_03,128.000000000,130.000000000,2.000000000,0.725379093,0.000000000,0.000000000
CA-C03-003-A0066,CA-C03-003,DS01,cerro_azul,CAMPAIGN_03,130.000000000,132.000000000,2.000000000,0.721758911,0.000000000,0.000000000
CA-C03-003-A0067,CA-C03-003,DS01,cerro_azul,CAMPAIGN_03,132.000000000,134.000000000,2.000000000,0.730005796,0.000000000,0.000000000
CA-C03-003-A0068,CA-C03-003,DS01,cerro_azul,CAMPAIGN_03,134.000000000,136.000000000,2.000000000,0.764951069,0.000000000,0.000000000
CA-C03-003-A0069,CA-C03-003,DS01,cerro_azul,CAMPAIGN_03,136.000000000,138.000000000,2.000000000,0.744409077,0.000000000,0.000000000
CA-C03-003-A0070,CA-C03-003,DS01,cerro_azul,CAMPAIGN_03,138.000000000,140.000000000,2.000000000,0.831650599,0.000000000,0.000000000
CA-C03-003-A0071,CA-C03-003,DS01,cerro_azul,CAMPAIGN_03,140.000000000,142.000000000,2.000000000,0.782210574,0.000000000,0.000000000
CA-C03-003-A0072,CA-C03-003,DS01,cerro_azul,CAMPAIGN_03,142.000000000,144.000000000,2.000000000,0.846871368,0.000000000,0.000000000
CA-C03-003-A0073,CA-C03-003,DS01,cerro_azul,CAMPAIGN_03,144.000000000,146.000000000,2.000000000,0.857419104,0.000000000,0.000000000
CA-C03-003-A0074,CA-C03-003,DS01,cerro_azul,CAMPAIGN_03,146.000000000,148.000000000,2.000000000,0.882189268,0.000000000,0.000000000
CA-C03-003-A0075,CA-C03-003,DS01,cerro_azul,CAMPAIGN_03,148.000000000,150.000000000,2.000000000,0.829370446,0.000000000,0.000000000
CA-C03-003-A0076,CA-C03-003,DS01,cerro_azul,CAMPAIGN_03,150.000000000,152.000000000,2.000000000,0.904425940,0.000000000,0.000000000
CA-C03-003-A0077,CA-C03-003,DS01,cerro_azul,CAMPAIGN_03,152.000000000,154.000000000,2.000000000,0.869660621,0.000000000,0.000000000
CA-C03-003-A0078,CA-C03-003,DS01,cerro_azul,CAMPAIGN_03,154.000000000,156.000000000,2.000000000,0.889792790,0.000000000,0.000000000
CA-C03-003-A0079,CA-C03-003,DS01,cerro_azul,CAMPAIGN_03,156.000000000,158.000000000,2.000000000,0.969899964,0.000000000,0.000000000
CA-C03-003-A0080,CA-C03-003,DS01,cerro_azul,CAMPAIGN_03,158.000000000,160.000000000,2.000000000,0.956157387,0.000000000,0.000000000
CA-C03-003-A0081,CA-C03-003,DS01,cerro_azul,CAMPAIGN_03,160.000000000,162.000000000,2.000000000,1.004267860,0.000000000,0.000000000
CA-C03-003-A0082,CA-C03-003,DS01,cerro_azul,CAMPAIGN_03,162.000000000,164.000000000,2.000000000,1.030362854,0.000000000,0.000000000
CA-C03-003-A0083,CA-C03-003,DS01,cerro_azul,CAMPAIGN_03,164.000000000,166.000000000,2.000000000,0.997560512,0.000000000,0.000000000
CA-C03-003-A0084,CA-C03-003,DS01,cerro_azul,CAMPAIGN_03,166.000000000,168.000000000,2.000000000,1.004802885,0.000000000,0.000000000
CA-C03-003-A0085,CA-C03-003,DS01,cerro_azul,CAMPAIGN_03,168.000000000,170.000000000,2.000000000,0.985241352,0.000000000,0.000000000
CA-C03-003-A0086,CA-C03-003,DS01,cerro_azul,CAMPAIGN_03,170.000000000,172.000000000,2.000000000,1.014904928,0.000000000,0.000000000
CA-C03-003-A0087,CA-C03-003,DS01,cerro_azul,CAMPAIGN_03,172.000000000,174.000000000,2.000000000,1.025083419,0.000000000,0.000000000
CA-C03-003-A0088,CA-C03-003,DS01,cerro_azul,CAMPAIGN_03,174.000000000,176.000000000,2.000000000,0.944547505,0.000000000,0.000000000
CA-C03-003-A0089,CA-C03-003,DS01,cerro_azul,CAMPAIGN_03,176.000000000,178.000000000,2.000000000,1.068930607,0.000000000,0.000000000
CA-C03-003-A0090,CA-C03-003,DS01,cerro_azul,CAMPAIGN_03,178.000000000,180.000000000,2.000000000,1.054992998,0.000000000,0.000000000
CA-C03-003-A0091,CA-C03-003,DS01,cerro_azul,CAMPAIGN_03,180.000000000,182.000000000,2.000000000,1.039003467,0.000000000,0.000000000
CA-C03-003-A0092,CA-C03-003,DS01,cerro_azul,CAMPAIGN_03,182.000000000,184.000000000,2.000000000,1.107106699,0.000000000,0.000000000
CA-C03-003-A0093,CA-C03-003,DS01,cerro_azul,CAMPAIGN_03,184.000000000,186.000000000,2.000000000,1.083651077,0.000000000,0.000000000
CA-C03-003-A0094,CA-C03-003,DS01,cerro_azul,CAMPAIGN_03,186.000000000,188.000000000,2.000000000,1.087073064,0.000000000,0.000000000
CA-C03-003-A0095,CA-C03-003,DS01,cerro_azul,CAMPAIGN_03,188.000000000,190.000000000,2.000000000,1.150923978,0.000000000,0.000000000
CA-C03-003-A0096,CA-C03-003,DS01,cerro_azul,CAMPAIGN_03,190.000000000,192.000000000,2.000000000,1.035315205,0.000000000,0.000000000
CA-C03-003-A0097,CA-C03-003,DS01,cerro_azul,CAMPAIGN_03,192.000000000,194.000000000,2.000000000,1.127055780,0.000000000,0.000000000
CA-C03-003-A0098,CA-C03-003,DS01,cerro_azul,CAMPAIGN_03,194.000000000,196.000000000,2.000000000,1.039119904,0.000000000,0.000000000
CA-C03-003-A0099,CA-C03-003,DS01,cerro_azul,CAMPAIGN_03,196.000000000,198.000000000,2.000000000,1.143896981,0.000000000,0.000000000
CA-C03-003-A0100,CA-C03-003,DS01,cerro_azul,CAMPAIGN_03,198.000000000,200.000000000,2.000000000,1.085234923,0.000000000,0.000000000
CA-C03-003-A0101,CA-C03-003,DS01,cerro_azul,CAMPAIGN_03,200.000000000,202.000000000,2.000000000,1.016945284,0.000000000,0.000000000
CA-C03-003-A0102,CA-C03-003,DS01,cerro_azul,CAMPAIGN_03,202.000000000,204.000000000,2.000000000,1.125240761,0.000000000,0.000000000
CA-C03-003-A0103,CA-C03-003,DS01,cerro_azul,CAMPAIGN_03,204.000000000,206.000000000,2.000000000,1.027490745,0.000000000,0.000000000
CA-C03-003-A0104,CA-C03-003,DS01,cerro_azul,CAMPAIGN_03,206.000000000,208.000000000,2.000000000,1.171813646,0.000000000,0.000000000
CA-C03-003-A0105,CA-C03-003,DS01,cerro_azul,CAMPAIGN_03,208.000000000,210.000000000,2.000000000,1.082114913,0.000000000,0.000000000
CA-C03-003-A0106,CA-C03-003,DS01,cerro_azul,CAMPAIGN_03,210.000000000,212.000000000,2.000000000,1.109836654,0.000000000,0.000000000
CA-C03-003-A0107,CA-C03-003,DS01,cerro_azul,CAMPAIGN_03,212.000000000,214.000000000,2.000000000,1.066498156,0.000000000,0.000000000
CA-C03-003-A0108,CA-C03-003,DS01,cerro_azul,CAMPAIGN_03,214.000000000,216.000000000,2.000000000,1.066092408,0.000000000,0.000000000
CA-C03-003-A0109,CA-C03-003,DS01,cerro_azul,CAMPAIGN_03,216.000000000,218.000000000,2.000000000,1.148897419,0.000000000,0.000000000
CA-C03-003-A0110,CA-C03-003,DS01,cerro_azul,CAMPAIGN_03,218.000000000,220.000000000,2.000000000,1.094772561,0.000000000,0.000000000
CA-C03-003-A0111,CA-C03-003,DS01,cerro_azul,CAMPAIGN_03,220.000000000,222.000000000,2.000000000,1.013971522,0.000000000,0.000000000
CA-C03-003-A0112,CA-C03-003,DS01,cerro_azul,CAMPAIGN_03,222.000000000,224.000000000,2.000000000,1.139965684,0.000000000,0.000000000
CA-C03-003-A0113,CA-C03-003,DS01,cerro_azul,CAMPAIGN_03,224.000000000,226.000000000,2.000000000,1.093436951,0.000000000,0.000000000
CA-C03-003-A0114,CA-C03-003,DS01,cerro_azul,CAMPAIGN_03,226.000000000,228.000000000,2.000000000,1.100039222,0.000000000,0.000000000
CA-C03-003-A0115,CA-C03-003,DS01,cerro_azul,CAMPAIGN_03,228.000000000,230.000000000,2.000000000,1.106618085,0.000000000,0.000000000
CA-C03-003-A0116,CA-C03-003,DS01,cerro_azul,CAMPAIGN_03,230.000000000,232.000000000,2.000000000,1.121285393,0.000000000,0.000000000
CA-C03-003-A0117,CA-C03-003,DS01,cerro_azul,CAMPAIGN_03,232.000000000,234.000000000,2.000000000,1.079980593,0.000000000,0.000000000
CA-C03-003-A0118,CA-C03-003,DS01,cerro_azul,CAMPAIGN_03,234.000000000,236.000000000,2.000000000,1.085509014,0.000000000,0.000000000
CA-C03-003-A0119,CA-C03-003,DS01,cerro_azul,CAMPAIGN_03,236.000000000,237.968593630,1.968593630,1.045802300,0.000000000,0.000000000
CA-C03-004-A0001,CA-C03-004,DS01,cerro_azul,CAMPAIGN_03,0.000000000,2.000000000,2.000000000,0.176784119,0.000000000,0.000000000
CA-C03-004-A0002,CA-C03-004,DS01,cerro_azul,CAMPAIGN_03,2.000000000,4.000000000,2.000000000,0.179099323,0.000000000,0.000000000
CA-C03-004-A0003,CA-C03-004,DS01,cerro_azul,CAMPAIGN_03,4.000000000,6.000000000,2.000000000,0.176613024,0.000000000,0.000000000
CA-C03-004-A0004,CA-C03-004,DS01,cerro_azul,CAMPAIGN_03,6.000000000,8.000000000,2.000000000,0.205437553,0.000000000,0.000000000
CA-C03-004-A0005,CA-C03-004,DS01,cerro_azul,CAMPAIGN_03,8.000000000,10.000000000,2.000000000,0.204943542,0.000000000,0.000000000
CA-C03-004-A0006,CA-C03-004,DS01,cerro_azul,CAMPAIGN_03,10.000000000,12.000000000,2.000000000,0.200972820,0.000000000,0.000000000
CA-C03-004-A0007,CA-C03-004,DS01,cerro_azul,CAMPAIGN_03,12.000000000,14.000000000,2.000000000,0.198737677,0.000000000,0.000000000
CA-C03-004-A0008,CA-C03-004,DS01,cerro_azul,CAMPAIGN_03,14.000000000,16.000000000,2.000000000,0.224306493,0.000000000,0.000000000
CA-C03-004-A0009,CA-C03-004,DS01,cerro_azul,CAMPAIGN_03,16.000000000,18.000000000,2.000000000,0.249330074,0.000000000,0.000000000
CA-C03-004-A0010,CA-C03-004,DS01,cerro_azul,CAMPAIGN_03,18.000000000,20.000000000,2.000000000,0.235479617,0.000000000,0.000000000
CA-C03-004-A0011,CA-C03-004,DS01,cerro_azul,CAMPAIGN_03,20.000000000,22.000000000,2.000000000,0.241590237,0.000000000,0.000000000
CA-C03-004-A0012,CA-C03-004,DS01,cerro_azul,CAMPAIGN_03,22.000000000,24.000000000,2.000000000,0.264058909,0.000000000,0.000000000
CA-C03-004-A0013,CA-C03-004,DS01,cerro_azul,CAMPAIGN_03,24.000000000,26.000000000,2.000000000,0.294419066,0.000000000,0.000000000
CA-C03-004-A0014,CA-C03-004,DS01,cerro_azul,CAMPAIGN_03,26.000000000,28.000000000,2.000000000,0.273279649,0.000000000,0.000000000
CA-C03-004-A0015,CA-C03-004,DS01,cerro_azul,CAMPAIGN_03,28.000000000,30.000000000,2.000000000,0.282878326,0.000000000,0.000000000
CA-C03-004-A0016,CA-C03-004,DS01,cerro_azul,CAMPAIGN_03,30.000000000,32.000000000,2.000000000,0.302098932,0.000000000,0.000000000
CA-C03-004-A0017,CA-C03-004,DS01,cerro_azul,CAMPAIGN_03,32.000000000,34.000000000,2.000000000,0.306278017,0.000000000,0.000000000
CA-C03-004-A0018,CA-C03-004,DS01,cerro_azul,CAMPAIGN_03,34.000000000,36.000000000,2.000000000,0.329497407,0.000000000,0.000000000
CA-C03-004-A0019,CA-C03-004,DS01,cerro_azul,CAMPAIGN_03,36.000000000,38.000000000,2.000000000,0.335158504,0.000000000,0.000000000
CA-C03-004-A0020,CA-C03-004,DS01,cerro_azul,CAMPAIGN_03,38.000000000,40.000000000,2.000000000,0.361856953,0.000000000,0.000000000
CA-C03-004-A0021,CA-C03-004,DS01,cerro_azul,CAMPAIGN_03,40.000000000,42.000000000,2.000000000,0.376530012,0.000000000,0.000000000
CA-C03-004-A0022,CA-C03-004,DS01,cerro_azul,CAMPAIGN_03,42.000000000,44.000000000,2.000000000,0.365458895,0.000000000,0.000000000
CA-C03-004-A0023,CA-C03-004,DS01,cerro_azul,CAMPAIGN_03,44.000000000,46.000000000,2.000000000,0.379952785,0.000000000,0.000000000
CA-C03-004-A0024,CA-C03-004,DS01,cerro_azul,CAMPAIGN_03,46.000000000,48.000000000,2.000000000,0.401204099,0.000000000,0.000000000
CA-C03-004-A0025,CA-C03-004,DS01,cerro_azul,CAMPAIGN_03,48.000000000,50.000000000,2.000000000,0.414751366,0.000000000,0.000000000
CA-C03-004-A0026,CA-C03-004,DS01,cerro_azul,CAMPAIGN_03,50.000000000,52.000000000,2.000000000,0.421820955,0.000000000,0.000000000
CA-C03-004-A0027,CA-C03-004,DS01,cerro_azul,CAMPAIGN_03,52.000000000,54.000000000,2.000000000,0.408396597,0.000000000,0.000000000
CA-C03-004-A0028,CA-C03-004,DS01,cerro_azul,CAMPAIGN_03,54.000000000,56.000000000,2.000000000,0.483985057,0.000000000,0.000000000
CA-C03-004-A0029,CA-C03-004,DS01,cerro_azul,CAMPAIGN_03,56.000000000,58.000000000,2.000000000,0.467622163,0.000000000,0.000000000
CA-C03-004-A0030,CA-C03-004,DS01,cerro_azul,CAMPAIGN_03,58.000000000,60.000000000,2.000000000,0.476753379,0.000000000,0.000000000
CA-C03-004-A0031,CA-C03-004,DS01,cerro_azul,CAMPAIGN_03,60.000000000,62.000000000,2.000000000,0.484960544,0.000000000,0.000000000
CA-C03-004-A0032,CA-C03-004,DS01,cerro_azul,CAMPAIGN_03,62.000000000,64.000000000,2.000000000,0.511049345,0.000000000,0.000000000
CA-C03-004-A0033,CA-C03-004,DS01,cerro_azul,CAMPAIGN_03,64.000000000,66.000000000,2.000000000,0.516893366,0.000000000,0.000000000
CA-C03-004-A0034,CA-C03-004,DS01,cerro_azul,CAMPAIGN_03,66.000000000,68.000000000,2.000000000,0.563668742,0.000000000,0.000000000
CA-C03-004-A0035,CA-C03-004,DS01,cerro_azul,CAMPAIGN_03,68.000000000,70.000000000,2.000000000,0.550092817,0.000000000,0.000000000
CA-C03-004-A0036,CA-C03-004,DS01,cerro_azul,CAMPAIGN_03,70.000000000,72.000000000,2.000000000,0.581522939,0.000000000,0.000000000
CA-C03-004-A0037,CA-C03-004,DS01,cerro_azul,CAMPAIGN_03,72.000000000,74.000000000,2.000000000,0.559544561,0.000000000,0.000000000
CA-C03-004-A0038,CA-C03-004,DS01,cerro_azul,CAMPAIGN_03,74.000000000,76.000000000,2.000000000,0.592727382,0.000000000,0.000000000
CA-C03-004-A0039,CA-C03-004,DS01,cerro_azul,CAMPAIGN_03,76.000000000,78.000000000,2.000000000,0.613984368,0.000000000,0.000000000
CA-C03-004-A0040,CA-C03-004,DS01,cerro_azul,CAMPAIGN_03,78.000000000,80.000000000,2.000000000,0.625046171,0.000000000,0.000000000
CA-C03-004-A0041,CA-C03-004,DS01,cerro_azul,CAMPAIGN_03,80.000000000,82.000000000,2.000000000,0.667727053,0.000000000,0.000000000
CA-C03-004-A0042,CA-C03-004,DS01,cerro_azul,CAMPAIGN_03,82.000000000,84.000000000,2.000000000,0.691869157,0.000000000,0.000000000
CA-C03-004-A0043,CA-C03-004,DS01,cerro_azul,CAMPAIGN_03,84.000000000,86.000000000,2.000000000,0.655594958,0.000000000,0.000000000
CA-C03-004-A0044,CA-C03-004,DS01,cerro_azul,CAMPAIGN_03,86.000000000,88.000000000,2.000000000,0.694076775,0.000000000,0.000000000
CA-C03-004-A0045,CA-C03-004,DS01,cerro_azul,CAMPAIGN_03,88.000000000,90.000000000,2.000000000,0.698329893,0.000000000,0.000000000
CA-C03-004-A0046,CA-C03-004,DS01,cerro_azul,CAMPAIGN_03,90.000000000,92.000000000,2.000000000,0.646071996,0.000000000,0.000000000
CA-C03-004-A0047,CA-C03-004,DS01,cerro_azul,CAMPAIGN_03,92.000000000,94.000000000,2.000000000,0.796893947,0.000000000,0.000000000
CA-C03-004-A0048,CA-C03-004,DS01,cerro_azul,CAMPAIGN_03,94.000000000,96.000000000,2.000000000,0.749040416,0.000000000,0.000000000
CA-C03-004-A0049,CA-C03-004,DS01,cerro_azul,CAMPAIGN_03,96.000000000,98.000000000,2.000000000,0.793681233,0.000000000,0.000000000
CA-C03-004-A0050,CA-C03-004,DS01,cerro_azul,CAMPAIGN_03,98.000000000,100.000000000,2.000000000,0.810303460,0.000000000,0.000000000
CA-C03-004-A0051,CA-C03-004,DS01,cerro_azul,CAMPAIGN_03,100.000000000,102.000000000,2.000000000,0.757146358,0.000000000,0.000000000
CA-C03-004-A0052,CA-C03-004,DS01,cerro_azul,CAMPAIGN_03,102.000000000,104.000000000,2.000000000,0.812908106,0.000000000,0.000000000
CA-C03-004-A0053,CA-C03-004,DS01,cerro_azul,CAMPAIGN_03,104.000000000,106.000000000,2.000000000,0.848882733,0.000000000,0.000000000
CA-C03-004-A0054,CA-C03-004,DS01,cerro_azul,CAMPAIGN_03,106.000000000,108.000000000,2.000000000,0.807051011,0.000000000,0.000000000
CA-C03-004-A0055,CA-C03-004,DS01,cerro_azul,CAMPAIGN_03,108.000000000,110.000000000,2.000000000,0.795079178,0.000000000,0.000000000
CA-C03-004-A0056,CA-C03-004,DS01,cerro_azul,CAMPAIGN_03,110.000000000,112.000000000,2.000000000,0.880441307,0.000000000,0.000000000
CA-C03-004-A0057,CA-C03-004,DS01,cerro_azul,CAMPAIGN_03,112.000000000,114.000000000,2.000000000,0.872643809,0.000000000,0.000000000
CA-C03-004-A0058,CA-C03-004,DS01,cerro_azul,CAMPAIGN_03,114.000000000,116.000000000,2.000000000,0.879458541,0.000000000,0.000000000
CA-C03-004-A0059,CA-C03-004,DS01,cerro_azul,CAMPAIGN_03,116.000000000,118.000000000,2.000000000,0.962332496,0.000000000,0.000000000
CA-C03-004-A0060,CA-C03-004,DS01,cerro_azul,CAMPAIGN_03,118.000000000,120.000000000,2.000000000,0.848525157,0.000000000,0.000000000
CA-C03-004-A0061,CA-C03-004,DS01,cerro_azul,CAMPAIGN_03,120.000000000,122.000000000,2.000000000,0.932601317,0.000000000,0.000000000
CA-C03-004-A0062,CA-C03-004,DS01,cerro_azul,CAMPAIGN_03,122.000000000,124.000000000,2.000000000,0.935617106,0.000000000,0.000000000
CA-C03-004-A0063,CA-C03-004,DS01,cerro_azul,CAMPAIGN_03,124.000000000,126.000000000,2.000000000,1.067669940,0.000000000,0.000000000
CA-C03-004-A0064,CA-C03-004,DS01,cerro_azul,CAMPAIGN_03,126.000000000,128.000000000,2.000000000,0.931432469,0.000000000,0.000000000
CA-C03-004-A0065,CA-C03-004,DS01,cerro_azul,CAMPAIGN_03,128.000000000,130.000000000,2.000000000,0.959373788,0.000000000,0.000000000
CA-C03-004-A0066,CA-C03-004,DS01,cerro_azul,CAMPAIGN_03,130.000000000,132.000000000,2.000000000,0.983890612,0.000000000,0.000000000
CA-C03-004-A0067,CA-C03-004,DS01,cerro_azul,CAMPAIGN_03,132.000000000,134.000000000,2.000000000,1.038442447,0.000000000,0.000000000
CA-C03-004-A0068,CA-C03-004,DS01,cerro_azul,CAMPAIGN_03,134.000000000,136.000000000,2.000000000,1.038226405,0.000000000,0.000000000
CA-C03-004-A0069,CA-C03-004,DS01,cerro_azul,CAMPAIGN_03,136.000000000,138.000000000,2.000000000,0.988371485,0.000000000,0.000000000
CA-C03-004-A0070,CA-C03-004,DS01,cerro_azul,CAMPAIGN_03,138.000000000,140.000000000,2.000000000,1.037026710,0.000000000,0.000000000
CA-C03-004-A0071,CA-C03-004,DS01,cerro_azul,CAMPAIGN_03,140.000000000,142.000000000,2.000000000,1.023705310,0.000000000,0.000000000
CA-C03-004-A0072,CA-C03-004,DS01,cerro_azul,CAMPAIGN_03,142.000000000,144.000000000,2.000000000,1.028994858,0.000000000,0.000000000
CA-C03-004-A0073,CA-C03-004,DS01,cerro_azul,CAMPAIGN_03,144.000000000,146.000000000,2.000000000,1.070336988,0.000000000,0.000000000
CA-C03-004-A0074,CA-C03-004,DS01,cerro_azul,CAMPAIGN_03,146.000000000,148.000000000,2.000000000,1.043585886,0.000000000,0.000000000
CA-C03-004-A0075,CA-C03-004,DS01,cerro_azul,CAMPAIGN_03,148.000000000,150.000000000,2.000000000,1.047862646,0.000000000,0.000000000
CA-C03-004-A0076,CA-C03-004,DS01,cerro_azul,CAMPAIGN_03,150.000000000,152.000000000,2.000000000,1.032432386,0.000000000,0.000000000
CA-C03-004-A0077,CA-C03-004,DS01,cerro_azul,CAMPAIGN_03,152.000000000,154.000000000,2.000000000,1.083369662,0.000000000,0.000000000
CA-C03-004-A0078,CA-C03-004,DS01,cerro_azul,CAMPAIGN_03,154.000000000,156.000000000,2.000000000,1.151143944,0.000000000,0.000000000
CA-C03-004-A0079,CA-C03-004,DS01,cerro_azul,CAMPAIGN_03,156.000000000,158.000000000,2.000000000,1.038470558,0.000000000,0.000000000
CA-C03-004-A0080,CA-C03-004,DS01,cerro_azul,CAMPAIGN_03,158.000000000,160.000000000,2.000000000,1.146646842,0.000000000,0.000000000
CA-C03-004-A0081,CA-C03-004,DS01,cerro_azul,CAMPAIGN_03,160.000000000,162.000000000,2.000000000,1.025678713,0.000000000,0.000000000
CA-C03-004-A0082,CA-C03-004,DS01,cerro_azul,CAMPAIGN_03,162.000000000,164.000000000,2.000000000,1.074873712,0.000000000,0.000000000
CA-C03-004-A0083,CA-C03-004,DS01,cerro_azul,CAMPAIGN_03,164.000000000,166.000000000,2.000000000,1.052625876,0.000000000,0.000000000
CA-C03-004-A0084,CA-C03-004,DS01,cerro_azul,CAMPAIGN_03,166.000000000,168.000000000,2.000000000,1.078628789,0.000000000,0.000000000
CA-C03-004-A0085,CA-C03-004,DS01,cerro_azul,CAMPAIGN_03,168.000000000,170.000000000,2.000000000,1.070260390,0.000000000,0.000000000
CA-C03-004-A0086,CA-C03-004,DS01,cerro_azul,CAMPAIGN_03,170.000000000,172.000000000,2.000000000,1.087910395,0.000000000,0.000000000
CA-C03-004-A0087,CA-C03-004,DS01,cerro_azul,CAMPAIGN_03,172.000000000,174.000000000,2.000000000,1.088045967,0.000000000,0.000000000
CA-C03-004-A0088,CA-C03-004,DS01,cerro_azul,CAMPAIGN_03,174.000000000,176.000000000,2.000000000,1.060772403,0.000000000,0.000000000
CA-C03-004-A0089,CA-C03-004,DS01,cerro_azul,CAMPAIGN_03,176.000000000,178.000000000,2.000000000,1.090371815,0.000000000,0.000000000
CA-C03-004-A0090,CA-C03-004,DS01,cerro_azul,CAMPAIGN_03,178.000000000,180.000000000,2.000000000,1.041813795,0.000000000,0.000000000
CA-C03-004-A0091,CA-C03-004,DS01,cerro_azul,CAMPAIGN_03,180.000000000,182.000000000,2.000000000,1.027865299,0.000000000,0.000000000
CA-C03-004-A0092,CA-C03-004,DS01,cerro_azul,CAMPAIGN_03,182.000000000,184.000000000,2.000000000,1.161877317,0.000000000,0.000000000
CA-C03-004-A0093,CA-C03-004,DS01,cerro_azul,CAMPAIGN_03,184.000000000,186.000000000,2.000000000,1.122354994,0.000000000,0.000000000
CA-C03-004-A0094,CA-C03-004,DS01,cerro_azul,CAMPAIGN_03,186.000000000,188.000000000,2.000000000,1.078717243,0.000000000,0.000000000
CA-C03-004-A0095,CA-C03-004,DS01,cerro_azul,CAMPAIGN_03,188.000000000,190.000000000,2.000000000,1.012222353,0.000000000,0.000000000
CA-C03-004-A0096,CA-C03-004,DS01,cerro_azul,CAMPAIGN_03,190.000000000,192.000000000,2.000000000,1.174996568,0.000000000,0.000000000
CA-C03-004-A0097,CA-C03-004,DS01,cerro_azul,CAMPAIGN_03,192.000000000,194.000000000,2.000000000,1.020206596,0.000000000,0.000000000
CA-C03-004-A0098,CA-C03-004,DS01,cerro_azul,CAMPAIGN_03,194.000000000,196.000000000,2.000000000,1.034304918,0.000000000,0.000000000
CA-C03-004-A0099,CA-C03-004,DS01,cerro_azul,CAMPAIGN_03,196.000000000,196.295536206,0.295536206,1.127684147,0.000000000,0.000000000
